{
  "type": "FeatureCollection",
  "features": [
    {
      "type": "Feature",
      "geometry": {
        "type": "Polygon",
        "coordinates": [
          [
            [
              35.2018465,
              28.0030308
            ],
            [
              35.2018747,
              28.0027531
            ],
            [
              35.2026889,
              28.0028177
            ],
            [
              35.2026606,
              28.0030953
            ],
            [
              35.2018465,
              28.0030308
            ]
          ]
        ]
      },
      "properties": {
        "osm_id": 849103769,
        "building": "yes",
        "name": "",
        "is_residential": false
      }
    },
    {
      "type": "Feature",
      "geometry": {
        "type": "Polygon",
        "coordinates": [
          [
            [
              35.1998232,
              28.0048985
            ],
            [
              35.1998513,
              28.0046419
            ],
            [
              35.2003527,
              28.0046848
            ],
            [
              35.2003246,
              28.0049413
            ],
            [
              35.1998232,
              28.0048985
            ]
          ]
        ]
      },
      "properties": {
        "osm_id": 849103797,
        "building": "yes",
        "name": "",
        "is_residential": false
      }
    },
    {
      "type": "Feature",
      "geometry": {
        "type": "Polygon",
        "coordinates": [
          [
            [
              35.2009048,
              28.0038221
            ],
            [
              35.2009183,
              28.0036776
            ],
            [
              35.2013052,
              28.0037058
            ],
            [
              35.2012917,
              28.0038503
            ],
            [
              35.2009048,
              28.0038221
            ]
          ]
        ]
      },
      "properties": {
        "osm_id": 849103808,
        "building": "dormitory",
        "name": "",
        "is_residential": true
      }
    },
    {
      "type": "Feature",
      "geometry": {
        "type": "Polygon",
        "coordinates": [
          [
            [
              35.2017117,
              28.0038723
            ],
            [
              35.2017252,
              28.0037278
            ],
            [
              35.2021121,
              28.0037559
            ],
            [
              35.2020986,
              28.0039005
            ],
            [
              35.2017117,
              28.0038723
            ]
          ]
        ]
      },
      "properties": {
        "osm_id": 849103809,
        "building": "dormitory",
        "name": "",
        "is_residential": true
      }
    },
    {
      "type": "Feature",
      "geometry": {
        "type": "Polygon",
        "coordinates": [
          [
            [
              35.2024326,
              28.0041329
            ],
            [
              35.2024461,
              28.0039884
            ],
            [
              35.2028331,
              28.0040166
            ],
            [
              35.2028196,
              28.0041611
            ],
            [
              35.2024326,
              28.0041329
            ]
          ]
        ]
      },
      "properties": {
        "osm_id": 849103810,
        "building": "dormitory",
        "name": "",
        "is_residential": true
      }
    },
    {
      "type": "Feature",
      "geometry": {
        "type": "Polygon",
        "coordinates": [
          [
            [
              35.2024639,
              28.0039199
            ],
            [
              35.2024774,
              28.0037754
            ],
            [
              35.2028643,
              28.0038035
            ],
            [
              35.2028508,
              28.0039481
            ],
            [
              35.2024639,
              28.0039199
            ]
          ]
        ]
      },
      "properties": {
        "osm_id": 849103811,
        "building": "dormitory",
        "name": "",
        "is_residential": true
      }
    },
    {
      "type": "Feature",
      "geometry": {
        "type": "Polygon",
        "coordinates": [
          [
            [
              35.2024525,
              28.0037119
            ],
            [
              35.202466,
              28.0035674
            ],
            [
              35.2028529,
              28.0035955
            ],
            [
              35.2028394,
              28.0037401
            ],
            [
              35.2024525,
              28.0037119
            ]
          ]
        ]
      },
      "properties": {
        "osm_id": 849103812,
        "building": "dormitory",
        "name": "",
        "is_residential": true
      }
    },
    {
      "type": "Feature",
      "geometry": {
        "type": "Polygon",
        "coordinates": [
          [
            [
              35.2024752,
              28.0035089
            ],
            [
              35.2024887,
              28.0033644
            ],
            [
              35.2028756,
              28.0033925
            ],
            [
              35.2028621,
              28.0035371
            ],
            [
              35.2024752,
              28.0035089
            ]
          ]
        ]
      },
      "properties": {
        "osm_id": 849103813,
        "building": "dormitory",
        "name": "",
        "is_residential": true
      }
    },
    {
      "type": "Feature",
      "geometry": {
        "type": "Polygon",
        "coordinates": [
          [
            [
              35.2019955,
              28.0034788
            ],
            [
              35.202009,
              28.0033343
            ],
            [
              35.2023959,
              28.0033624
            ],
            [
              35.2023824,
              28.003507
            ],
            [
              35.2019955,
              28.0034788
            ]
          ]
        ]
      },
      "properties": {
        "osm_id": 849103814,
        "building": "dormitory",
        "name": "",
        "is_residential": true
      }
    },
    {
      "type": "Feature",
      "geometry": {
        "type": "Polygon",
        "coordinates": [
          [
            [
              35.2023383,
              28.0039182
            ],
            [
              35.2021746,
              28.0039063
            ],
            [
              35.2022064,
              28.0035647
            ],
            [
              35.2023702,
              28.0035766
            ],
            [
              35.2023383,
              28.0039182
            ]
          ]
        ]
      },
      "properties": {
        "osm_id": 849103815,
        "building": "dormitory",
        "name": "",
        "is_residential": true
      }
    },
    {
      "type": "Feature",
      "geometry": {
        "type": "Polygon",
        "coordinates": [
          [
            [
              35.2008247,
              28.0046036
            ],
            [
              35.200819,
              28.0043279
            ],
            [
              35.2008872,
              28.0040472
            ],
            [
              35.2010972,
              28.0040647
            ],
            [
              35.2010915,
              28.0043505
            ],
            [
              35.2010348,
              28.0046186
            ],
            [
              35.2008247,
              28.0046036
            ]
          ]
        ]
      },
      "properties": {
        "osm_id": 849103825,
        "building": "yes",
        "name": "",
        "is_residential": false
      }
    },
    {
      "type": "Feature",
      "geometry": {
        "type": "Polygon",
        "coordinates": [
          [
            [
              35.2018125,
              28.0046788
            ],
            [
              35.2018068,
              28.0044031
            ],
            [
              35.201875,
              28.0041224
            ],
            [
              35.202085,
              28.0041399
            ],
            [
              35.2020793,
              28.0044256
            ],
            [
              35.2020226,
              28.0046938
            ],
            [
              35.2018125,
              28.0046788
            ]
          ]
        ]
      },
      "properties": {
        "osm_id": 849103826,
        "building": "yes",
        "name": "",
        "is_residential": false
      }
    },
    {
      "type": "Feature",
      "geometry": {
        "type": "Polygon",
        "coordinates": [
          [
            [
              35.2031267,
              28.0048417
            ],
            [
              35.2031211,
              28.004566
            ],
            [
              35.2031892,
              28.0042853
            ],
            [
              35.2033992,
              28.0043028
            ],
            [
              35.2033936,
              28.0045885
            ],
            [
              35.2033368,
              28.0048567
            ],
            [
              35.2031267,
              28.0048417
            ]
          ]
        ]
      },
      "properties": {
        "osm_id": 849103827,
        "building": "yes",
        "name": "",
        "is_residential": false
      }
    },
    {
      "type": "Feature",
      "geometry": {
        "type": "Polygon",
        "coordinates": [
          [
            [
              35.2046691,
              28.004091
            ],
            [
              35.2045066,
              28.0040771
            ],
            [
              35.2045504,
              28.0036768
            ],
            [
              35.204713,
              28.0036907
            ],
            [
              35.2046691,
              28.004091
            ]
          ]
        ]
      },
      "properties": {
        "osm_id": 849103828,
        "building": "dormitory",
        "name": "",
        "is_residential": true
      }
    },
    {
      "type": "Feature",
      "geometry": {
        "type": "Polygon",
        "coordinates": [
          [
            [
              35.2044151,
              28.0040789
            ],
            [
              35.2042526,
              28.004065
            ],
            [
              35.2042964,
              28.0036647
            ],
            [
              35.204459,
              28.0036786
            ],
            [
              35.2044151,
              28.0040789
            ]
          ]
        ]
      },
      "properties": {
        "osm_id": 849103829,
        "building": "dormitory",
        "name": "",
        "is_residential": true
      }
    },
    {
      "type": "Feature",
      "geometry": {
        "type": "Polygon",
        "coordinates": [
          [
            [
              35.2041767,
              28.0040613
            ],
            [
              35.2040142,
              28.0040475
            ],
            [
              35.204058,
              28.0036471
            ],
            [
              35.2042206,
              28.003661
            ],
            [
              35.2041767,
              28.0040613
            ]
          ]
        ]
      },
      "properties": {
        "osm_id": 849103830,
        "building": "dormitory",
        "name": "",
        "is_residential": true
      }
    },
    {
      "type": "Feature",
      "geometry": {
        "type": "Polygon",
        "coordinates": [
          [
            [
              35.2042477,
              28.0033295
            ],
            [
              35.2040852,
              28.0033157
            ],
            [
              35.2041289,
              28.0029153
            ],
            [
              35.2042915,
              28.0029292
            ],
            [
              35.2042477,
              28.0033295
            ]
          ]
        ]
      },
      "properties": {
        "osm_id": 849103831,
        "building": "dormitory",
        "name": "",
        "is_residential": true
      }
    },
    {
      "type": "Feature",
      "geometry": {
        "type": "Polygon",
        "coordinates": [
          [
            [
              35.204506,
              28.0033446
            ],
            [
              35.2043435,
              28.0033307
            ],
            [
              35.2043872,
              28.0029304
            ],
            [
              35.2045498,
              28.0029443
            ],
            [
              35.204506,
              28.0033446
            ]
          ]
        ]
      },
      "properties": {
        "osm_id": 849103832,
        "building": "dormitory",
        "name": "",
        "is_residential": true
      }
    },
    {
      "type": "Feature",
      "geometry": {
        "type": "Polygon",
        "coordinates": [
          [
            [
              35.2047501,
              28.0033596
            ],
            [
              35.2045876,
              28.0033457
            ],
            [
              35.2046313,
              28.0029454
            ],
            [
              35.2047939,
              28.0029593
            ],
            [
              35.2047501,
              28.0033596
            ]
          ]
        ]
      },
      "properties": {
        "osm_id": 849103833,
        "building": "dormitory",
        "name": "",
        "is_residential": true
      }
    },
    {
      "type": "Feature",
      "geometry": {
        "type": "Polygon",
        "coordinates": [
          [
            [
              35.2019919,
              28.0050907
            ],
            [
              35.2020084,
              28.0049519
            ],
            [
              35.2022071,
              28.004967
            ],
            [
              35.2021987,
              28.0051053
            ],
            [
              35.2019919,
              28.0050907
            ]
          ]
        ]
      },
      "properties": {
        "osm_id": 849103841,
        "building": "yes",
        "name": "",
        "is_residential": false
      }
    },
    {
      "type": "Feature",
      "geometry": {
        "type": "Polygon",
        "coordinates": [
          [
            [
              35.2023324,
              28.0051148
            ],
            [
              35.2023547,
              28.0049745
            ],
            [
              35.2025732,
              28.0049895
            ],
            [
              35.2025596,
              28.0051308
            ],
            [
              35.2023324,
              28.0051148
            ]
          ]
        ]
      },
      "properties": {
        "osm_id": 849103842,
        "building": "yes",
        "name": "",
        "is_residential": false
      }
    },
    {
      "type": "Feature",
      "geometry": {
        "type": "Polygon",
        "coordinates": [
          [
            [
              35.2076882,
              28.0053474
            ],
            [
              35.2077224,
              28.0049919
            ],
            [
              35.20812,
              28.0050218
            ],
            [
              35.2080857,
              28.0053773
            ],
            [
              35.2076882,
              28.0053474
            ]
          ]
        ]
      },
      "properties": {
        "osm_id": 849103901,
        "building": "yes",
        "name": "",
        "is_residential": false
      }
    },
    {
      "type": "Feature",
      "geometry": {
        "type": "Polygon",
        "coordinates": [
          [
            [
              35.205187,
              28.0040165
            ],
            [
              35.2051814,
              28.0037408
            ],
            [
              35.2052495,
              28.0034601
            ],
            [
              35.2054595,
              28.0034776
            ],
            [
              35.2054539,
              28.0037633
            ],
            [
              35.2053971,
              28.0040315
            ],
            [
              35.205187,
              28.0040165
            ]
          ]
        ]
      },
      "properties": {
        "osm_id": 849103907,
        "building": "yes",
        "name": "",
        "is_residential": false
      }
    },
    {
      "type": "Feature",
      "geometry": {
        "type": "Polygon",
        "coordinates": [
          [
            [
              35.2069611,
              28.0041367
            ],
            [
              35.2069554,
              28.0038611
            ],
            [
              35.2070235,
              28.0035804
            ],
            [
              35.2072336,
              28.0035979
            ],
            [
              35.2072279,
              28.0038836
            ],
            [
              35.2071711,
              28.0041518
            ],
            [
              35.2069611,
              28.0041367
            ]
          ]
        ]
      },
      "properties": {
        "osm_id": 849103908,
        "building": "yes",
        "name": "",
        "is_residential": false
      }
    },
    {
      "type": "Feature",
      "geometry": {
        "type": "Polygon",
        "coordinates": [
          [
            [
              35.2068148,
              28.0032247
            ],
            [
              35.2070275,
              28.0032339
            ],
            [
              35.2070141,
              28.0034769
            ],
            [
              35.2068014,
              28.0034678
            ],
            [
              35.2068148,
              28.0032247
            ]
          ]
        ]
      },
      "properties": {
        "osm_id": 849103909,
        "building": "yes",
        "name": "",
        "is_residential": false
      }
    },
    {
      "type": "Feature",
      "geometry": {
        "type": "Polygon",
        "coordinates": [
          [
            [
              35.2070652,
              28.0032342
            ],
            [
              35.2072779,
              28.0032433
            ],
            [
              35.2072644,
              28.0034864
            ],
            [
              35.2070518,
              28.0034772
            ],
            [
              35.2070652,
              28.0032342
            ]
          ]
        ]
      },
      "properties": {
        "osm_id": 849103910,
        "building": "yes",
        "name": "",
        "is_residential": false
      }
    },
    {
      "type": "Feature",
      "geometry": {
        "type": "Polygon",
        "coordinates": [
          [
            [
              35.2052691,
              28.0031136
            ],
            [
              35.2054811,
              28.003131
            ],
            [
              35.2054556,
              28.0033733
            ],
            [
              35.2052436,
              28.0033559
            ],
            [
              35.2052691,
              28.0031136
            ]
          ]
        ]
      },
      "properties": {
        "osm_id": 849103911,
        "building": "yes",
        "name": "",
        "is_residential": false
      }
    },
    {
      "type": "Feature",
      "geometry": {
        "type": "Polygon",
        "coordinates": [
          [
            [
              35.2077621,
              28.0046152
            ],
            [
              35.2077756,
              28.0044706
            ],
            [
              35.2081625,
              28.0044988
            ],
            [
              35.208149,
              28.0046434
            ],
            [
              35.2077621,
              28.0046152
            ]
          ]
        ]
      },
      "properties": {
        "osm_id": 849103912,
        "building": "dormitory",
        "name": "",
        "is_residential": true
      }
    },
    {
      "type": "Feature",
      "geometry": {
        "type": "Polygon",
        "coordinates": [
          [
            [
              35.2076849,
              28.004598
            ],
            [
              35.2075212,
              28.0045861
            ],
            [
              35.207553,
              28.0042445
            ],
            [
              35.2077168,
              28.0042564
            ],
            [
              35.2076849,
              28.004598
            ]
          ]
        ]
      },
      "properties": {
        "osm_id": 849103913,
        "building": "dormitory",
        "name": "",
        "is_residential": true
      }
    },
    {
      "type": "Feature",
      "geometry": {
        "type": "Polygon",
        "coordinates": [
          [
            [
              35.2081713,
              28.0044275
            ],
            [
              35.2080076,
              28.0044156
            ],
            [
              35.2080394,
              28.004074
            ],
            [
              35.2082032,
              28.0040859
            ],
            [
              35.2081713,
              28.0044275
            ]
          ]
        ]
      },
      "properties": {
        "osm_id": 849103914,
        "building": "dormitory",
        "name": "",
        "is_residential": true
      }
    },
    {
      "type": "Feature",
      "geometry": {
        "type": "Polygon",
        "coordinates": [
          [
            [
              35.2058172,
              28.0047578
            ],
            [
              35.2058219,
              28.0046906
            ],
            [
              35.2056162,
              28.0046795
            ],
            [
              35.2056399,
              28.0043395
            ],
            [
              35.2058415,
              28.0043505
            ],
            [
              35.2058448,
              28.004303
            ],
            [
              35.206261,
              28.0043256
            ],
            [
              35.2062524,
              28.0044494
            ],
            [
              35.2062992,
              28.004452
            ],
            [
              35.2062843,
              28.0046662
            ],
            [
              35.206224,
              28.0046629
            ],
            [
              35.2062158,
              28.0047794
            ],
            [
              35.2058172,
              28.0047578
            ]
          ]
        ]
      },
      "properties": {
        "osm_id": 849103915,
        "building": "yes",
        "name": "",
        "is_residential": false
      }
    },
    {
      "type": "Feature",
      "geometry": {
        "type": "Polygon",
        "coordinates": [
          [
            [
              35.2050551,
              28.004731
            ],
            [
              35.2050664,
              28.0045727
            ],
            [
              35.205284,
              28.0045848
            ],
            [
              35.2052727,
              28.0047431
            ],
            [
              35.2050551,
              28.004731
            ]
          ]
        ]
      },
      "properties": {
        "osm_id": 849103916,
        "building": "yes",
        "name": "",
        "is_residential": false
      }
    },
    {
      "type": "Feature",
      "geometry": {
        "type": "Polygon",
        "coordinates": [
          [
            [
              35.2066085,
              28.0048512
            ],
            [
              35.2066217,
              28.0046516
            ],
            [
              35.2067419,
              28.0046577
            ],
            [
              35.2067369,
              28.0047354
            ],
            [
              35.2069393,
              28.0047457
            ],
            [
              35.2069433,
              28.0046834
            ],
            [
              35.2070634,
              28.0046896
            ],
            [
              35.2070512,
              28.0048738
            ],
            [
              35.2066085,
              28.0048512
            ]
          ]
        ]
      },
      "properties": {
        "osm_id": 849103988,
        "building": "yes",
        "name": "",
        "is_residential": false
      }
    },
    {
      "type": "Feature",
      "geometry": {
        "type": "Polygon",
        "coordinates": [
          [
            [
              35.2052142,
              28.0052432
            ],
            [
              35.2052269,
              28.0051216
            ],
            [
              35.2054003,
              28.0051357
            ],
            [
              35.2053876,
              28.0052573
            ],
            [
              35.2052142,
              28.0052432
            ]
          ]
        ]
      },
      "properties": {
        "osm_id": 849103989,
        "building": "yes",
        "name": "",
        "is_residential": false
      }
    },
    {
      "type": "Feature",
      "geometry": {
        "type": "Polygon",
        "coordinates": [
          [
            [
              35.2062596,
              28.0054786
            ],
            [
              35.2062906,
              28.005063
            ],
            [
              35.2064708,
              28.0050735
            ],
            [
              35.2064398,
              28.0054891
            ],
            [
              35.2062596,
              28.0054786
            ]
          ]
        ]
      },
      "properties": {
        "osm_id": 849103990,
        "building": "yes",
        "name": "",
        "is_residential": false
      }
    },
    {
      "type": "Feature",
      "geometry": {
        "type": "Polygon",
        "coordinates": [
          [
            [
              35.237675,
              28.0677092
            ],
            [
              35.2381503,
              28.0674577
            ],
            [
              35.2378412,
              28.0670028
            ],
            [
              35.2378009,
              28.0669748
            ],
            [
              35.2377558,
              28.0669535
            ],
            [
              35.2377072,
              28.0669396
            ],
            [
              35.2376565,
              28.0669335
            ],
            [
              35.2376054,
              28.0669355
            ],
            [
              35.2375555,
              28.0669455
            ],
            [
              35.2375085,
              28.0669632
            ],
            [
              35.2374626,
              28.0669901
            ],
            [
              35.2374235,
              28.0670243
            ],
            [
              35.2373925,
              28.0670645
            ],
            [
              35.2373707,
              28.0671092
            ],
            [
              35.2373591,
              28.0671568
            ],
            [
              35.2373581,
              28.0672054
            ],
            [
              35.2373658,
              28.0672542
            ],
            [
              35.237675,
              28.0677092
            ]
          ]
        ]
      },
      "properties": {
        "osm_id": 913408088,
        "building": "yes",
        "name": "",
        "is_residential": false
      }
    },
    {
      "type": "Feature",
      "geometry": {
        "type": "Polygon",
        "coordinates": [
          [
            [
              35.2439602,
              28.0208624
            ],
            [
              35.2439475,
              28.0210074
            ],
            [
              35.2440708,
              28.0210158
            ],
            [
              35.2440836,
              28.0208708
            ],
            [
              35.2439602,
              28.0208624
            ]
          ]
        ]
      },
      "properties": {
        "osm_id": 971325247,
        "building": "yes",
        "name": "",
        "is_residential": false
      }
    },
    {
      "type": "Feature",
      "geometry": {
        "type": "Polygon",
        "coordinates": [
          [
            [
              35.2335472,
              28.0233947
            ],
            [
              35.233564,
              28.0234838
            ],
            [
              35.2340414,
              28.0234139
            ],
            [
              35.2340247,
              28.0233248
            ],
            [
              35.2335472,
              28.0233947
            ]
          ]
        ]
      },
      "properties": {
        "osm_id": 971325257,
        "building": "yes",
        "name": "",
        "is_residential": false
      }
    },
    {
      "type": "Feature",
      "geometry": {
        "type": "Polygon",
        "coordinates": [
          [
            [
              35.2318092,
              28.0210032
            ],
            [
              35.2317145,
              28.0210652
            ],
            [
              35.2318031,
              28.0211705
            ],
            [
              35.2318977,
              28.0211086
            ],
            [
              35.2318092,
              28.0210032
            ]
          ]
        ]
      },
      "properties": {
        "osm_id": 971325291,
        "building": "yes",
        "name": "",
        "is_residential": false
      }
    },
    {
      "type": "Feature",
      "geometry": {
        "type": "Polygon",
        "coordinates": [
          [
            [
              35.2173725,
              28.0503528
            ],
            [
              35.2174312,
              28.0502632
            ],
            [
              35.2175379,
              28.0503175
            ],
            [
              35.217524,
              28.0503388
            ],
            [
              35.2176108,
              28.050383
            ],
            [
              35.2175562,
              28.0504665
            ],
            [
              35.2175298,
              28.050453
            ],
            [
              35.2175355,
              28.0504443
            ],
            [
              35.2174947,
              28.0504235
            ],
            [
              35.2174856,
              28.0504374
            ],
            [
              35.2174566,
              28.0504227
            ],
            [
              35.2174726,
              28.0503981
            ],
            [
              35.21745,
              28.0503866
            ],
            [
              35.2174512,
              28.0503784
            ],
            [
              35.217413,
              28.0503589
            ],
            [
              35.2174059,
              28.0503698
            ],
            [
              35.2173725,
              28.0503528
            ]
          ]
        ]
      },
      "properties": {
        "osm_id": 1144947311,
        "building": "yes",
        "name": "01",
        "is_residential": false
      }
    },
    {
      "type": "Feature",
      "geometry": {
        "type": "Polygon",
        "coordinates": [
          [
            [
              35.2175368,
              28.0505334
            ],
            [
              35.2175954,
              28.0504437
            ],
            [
              35.2177021,
              28.050498
            ],
            [
              35.2176882,
              28.0505193
            ],
            [
              35.217775,
              28.0505636
            ],
            [
              35.2177204,
              28.050647
            ],
            [
              35.2176941,
              28.0506335
            ],
            [
              35.2176998,
              28.0506248
            ],
            [
              35.217659,
              28.050604
            ],
            [
              35.2176499,
              28.050618
            ],
            [
              35.2176209,
              28.0506032
            ],
            [
              35.2176369,
              28.0505787
            ],
            [
              35.2176143,
              28.0505672
            ],
            [
              35.2176154,
              28.0505589
            ],
            [
              35.2175773,
              28.0505395
            ],
            [
              35.2175701,
              28.0505504
            ],
            [
              35.2175368,
              28.0505334
            ]
          ]
        ]
      },
      "properties": {
        "osm_id": 1144947312,
        "building": "yes",
        "name": "01",
        "is_residential": false
      }
    },
    {
      "type": "Feature",
      "geometry": {
        "type": "Polygon",
        "coordinates": [
          [
            [
              35.2168607,
              28.0509949
            ],
            [
              35.2167249,
              28.050765
            ],
            [
              35.2165345,
              28.0508526
            ],
            [
              35.21678,
              28.0512686
            ],
            [
              35.2168288,
              28.0512309
            ],
            [
              35.2167597,
              28.0511161
            ],
            [
              35.2168607,
              28.0509949
            ]
          ]
        ]
      },
      "properties": {
        "osm_id": 1144947313,
        "building": "yes",
        "name": "",
        "is_residential": false
      }
    },
    {
      "type": "Feature",
      "geometry": {
        "type": "Polygon",
        "coordinates": [
          [
            [
              35.2174324,
              28.0512554
            ],
            [
              35.2173161,
              28.0511137
            ],
            [
              35.2172037,
              28.0511856
            ],
            [
              35.2173201,
              28.0513272
            ],
            [
              35.2174324,
              28.0512554
            ]
          ]
        ]
      },
      "properties": {
        "osm_id": 1144947314,
        "building": "yes",
        "name": "",
        "is_residential": false
      }
    },
    {
      "type": "Feature",
      "geometry": {
        "type": "Polygon",
        "coordinates": [
          [
            [
              35.217592,
              28.0511548
            ],
            [
              35.2174757,
              28.0510131
            ],
            [
              35.2173633,
              28.051085
            ],
            [
              35.2174797,
              28.0512266
            ],
            [
              35.217592,
              28.0511548
            ]
          ]
        ]
      },
      "properties": {
        "osm_id": 1144947315,
        "building": "yes",
        "name": "",
        "is_residential": false
      }
    },
    {
      "type": "Feature",
      "geometry": {
        "type": "Polygon",
        "coordinates": [
          [
            [
              35.2179627,
              28.0510603
            ],
            [
              35.2179794,
              28.0510033
            ],
            [
              35.2177348,
              28.0509476
            ],
            [
              35.2177181,
              28.0510046
            ],
            [
              35.2179627,
              28.0510603
            ]
          ]
        ]
      },
      "properties": {
        "osm_id": 1144947316,
        "building": "yes",
        "name": "",
        "is_residential": false
      }
    },
    {
      "type": "Feature",
      "geometry": {
        "type": "Polygon",
        "coordinates": [
          [
            [
              35.2177873,
              28.050699
            ],
            [
              35.2177901,
              28.0506005
            ],
            [
              35.2178997,
              28.050603
            ],
            [
              35.2178989,
              28.0506316
            ],
            [
              35.218016,
              28.0506342
            ],
            [
              35.2180134,
              28.0507236
            ],
            [
              35.2179777,
              28.0507228
            ],
            [
              35.2179782,
              28.0507049
            ],
            [
              35.2179292,
              28.0507037
            ],
            [
              35.2179286,
              28.0507228
            ],
            [
              35.2179018,
              28.0507222
            ],
            [
              35.2179024,
              28.0507003
            ],
            [
              35.2178719,
              28.0506996
            ],
            [
              35.2178723,
              28.0506828
            ],
            [
              35.2178267,
              28.0506818
            ],
            [
              35.2178262,
              28.0506998
            ],
            [
              35.2177873,
              28.050699
            ]
          ]
        ]
      },
      "properties": {
        "osm_id": 1144947317,
        "building": "yes",
        "name": "01",
        "is_residential": false
      }
    },
    {
      "type": "Feature",
      "geometry": {
        "type": "Polygon",
        "coordinates": [
          [
            [
              35.2180558,
              28.0507651
            ],
            [
              35.218039,
              28.0506591
            ],
            [
              35.2181502,
              28.0506454
            ],
            [
              35.2181536,
              28.0506665
            ],
            [
              35.2182674,
              28.0506525
            ],
            [
              35.2182822,
              28.0507457
            ],
            [
              35.2182516,
              28.0507495
            ],
            [
              35.2182492,
              28.0507346
            ],
            [
              35.2182009,
              28.0507406
            ],
            [
              35.2182033,
              28.0507554
            ],
            [
              35.2181741,
              28.050759
            ],
            [
              35.2181709,
              28.0507391
            ],
            [
              35.218142,
              28.0507426
            ],
            [
              35.2181373,
              28.0507346
            ],
            [
              35.2181023,
              28.0507389
            ],
            [
              35.2181055,
              28.050759
            ],
            [
              35.2180558,
              28.0507651
            ]
          ]
        ]
      },
      "properties": {
        "osm_id": 1144947318,
        "building": "yes",
        "name": "01",
        "is_residential": false
      }
    },
    {
      "type": "Feature",
      "geometry": {
        "type": "Polygon",
        "coordinates": [
          [
            [
              35.2185425,
              28.0505027
            ],
            [
              35.2184559,
              28.0504516
            ],
            [
              35.2184002,
              28.0505253
            ],
            [
              35.2183671,
              28.0505058
            ],
            [
              35.2182959,
              28.0505998
            ],
            [
              35.218397,
              28.0506595
            ],
            [
              35.2184241,
              28.0506237
            ],
            [
              35.218405,
              28.0506125
            ],
            [
              35.2184264,
              28.0505842
            ],
            [
              35.2184492,
              28.0505977
            ],
            [
              35.2184662,
              28.0505752
            ],
            [
              35.218481,
              28.050584
            ],
            [
              35.2185425,
              28.0505027
            ]
          ]
        ]
      },
      "properties": {
        "osm_id": 1144947319,
        "building": "yes",
        "name": "01",
        "is_residential": false
      }
    },
    {
      "type": "Feature",
      "geometry": {
        "type": "Polygon",
        "coordinates": [
          [
            [
              35.2161845,
              28.0496113
            ],
            [
              35.2162759,
              28.0495234
            ],
            [
              35.2164955,
              28.0496364
            ],
            [
              35.2164406,
              28.0496903
            ],
            [
              35.2162942,
              28.0496006
            ],
            [
              35.2162475,
              28.049649
            ],
            [
              35.2161845,
              28.0496113
            ]
          ]
        ]
      },
      "properties": {
        "osm_id": 1144947320,
        "building": "yes",
        "name": "02",
        "is_residential": false
      }
    },
    {
      "type": "Feature",
      "geometry": {
        "type": "Polygon",
        "coordinates": [
          [
            [
              35.2168698,
              28.0494573
            ],
            [
              35.216953,
              28.0495035
            ],
            [
              35.2169838,
              28.0494519
            ],
            [
              35.2170285,
              28.049475
            ],
            [
              35.2168883,
              28.0496422
            ],
            [
              35.2168852,
              28.0496776
            ],
            [
              35.2167497,
              28.0497238
            ],
            [
              35.2167358,
              28.0496681
            ],
            [
              35.2166619,
              28.0496735
            ],
            [
              35.2166603,
              28.0497252
            ],
            [
              35.2165109,
              28.0496925
            ],
            [
              35.2165263,
              28.0496545
            ],
            [
              35.2165864,
              28.0496558
            ],
            [
              35.2165879,
              28.0495797
            ],
            [
              35.2167189,
              28.0495892
            ],
            [
              35.2167358,
              28.0495647
            ],
            [
              35.2167697,
              28.0495634
            ],
            [
              35.2167697,
              28.0495362
            ],
            [
              35.2168698,
              28.0494573
            ]
          ]
        ]
      },
      "properties": {
        "osm_id": 1144947321,
        "building": "yes",
        "name": "03",
        "is_residential": false
      }
    },
    {
      "type": "Feature",
      "geometry": {
        "type": "Polygon",
        "coordinates": [
          [
            [
              35.2175795,
              28.0495418
            ],
            [
              35.2175975,
              28.0494656
            ],
            [
              35.2177288,
              28.0494897
            ],
            [
              35.2177108,
              28.049566
            ],
            [
              35.2175795,
              28.0495418
            ]
          ]
        ]
      },
      "properties": {
        "osm_id": 1144947322,
        "building": "yes",
        "name": "04",
        "is_residential": false
      }
    },
    {
      "type": "Feature",
      "geometry": {
        "type": "Polygon",
        "coordinates": [
          [
            [
              35.2176081,
              28.0496308
            ],
            [
              35.2176261,
              28.0495546
            ],
            [
              35.2177574,
              28.0495787
            ],
            [
              35.2177394,
              28.0496549
            ],
            [
              35.2176081,
              28.0496308
            ]
          ]
        ]
      },
      "properties": {
        "osm_id": 1144947323,
        "building": "yes",
        "name": "04",
        "is_residential": false
      }
    },
    {
      "type": "Feature",
      "geometry": {
        "type": "Polygon",
        "coordinates": [
          [
            [
              35.2176496,
              28.0497286
            ],
            [
              35.2176676,
              28.0496524
            ],
            [
              35.2177989,
              28.0496766
            ],
            [
              35.2177809,
              28.0497528
            ],
            [
              35.2176496,
              28.0497286
            ]
          ]
        ]
      },
      "properties": {
        "osm_id": 1144947324,
        "building": "yes",
        "name": "04",
        "is_residential": false
      }
    },
    {
      "type": "Feature",
      "geometry": {
        "type": "Polygon",
        "coordinates": [
          [
            [
              35.2177511,
              28.0498374
            ],
            [
              35.2177691,
              28.0497612
            ],
            [
              35.2179004,
              28.0497854
            ],
            [
              35.2178824,
              28.0498616
            ],
            [
              35.2177511,
              28.0498374
            ]
          ]
        ]
      },
      "properties": {
        "osm_id": 1144947325,
        "building": "yes",
        "name": "04",
        "is_residential": false
      }
    },
    {
      "type": "Feature",
      "geometry": {
        "type": "Polygon",
        "coordinates": [
          [
            [
              35.2178376,
              28.049938
            ],
            [
              35.2178556,
              28.0498618
            ],
            [
              35.217987,
              28.049886
            ],
            [
              35.2179689,
              28.0499622
            ],
            [
              35.2178376,
              28.049938
            ]
          ]
        ]
      },
      "properties": {
        "osm_id": 1144947326,
        "building": "yes",
        "name": "04",
        "is_residential": false
      }
    },
    {
      "type": "Feature",
      "geometry": {
        "type": "Polygon",
        "coordinates": [
          [
            [
              35.2178717,
              28.0500287
            ],
            [
              35.2178897,
              28.0499524
            ],
            [
              35.2180211,
              28.0499766
            ],
            [
              35.2180031,
              28.0500528
            ],
            [
              35.2178717,
              28.0500287
            ]
          ]
        ]
      },
      "properties": {
        "osm_id": 1144947327,
        "building": "yes",
        "name": "04",
        "is_residential": false
      }
    },
    {
      "type": "Feature",
      "geometry": {
        "type": "Polygon",
        "coordinates": [
          [
            [
              35.2179446,
              28.0501246
            ],
            [
              35.2179626,
              28.0500484
            ],
            [
              35.218094,
              28.0500726
            ],
            [
              35.2180759,
              28.0501488
            ],
            [
              35.2179446,
              28.0501246
            ]
          ]
        ]
      },
      "properties": {
        "osm_id": 1144947328,
        "building": "yes",
        "name": "04",
        "is_residential": false
      }
    },
    {
      "type": "Feature",
      "geometry": {
        "type": "Polygon",
        "coordinates": [
          [
            [
              35.2174815,
              28.0493581
            ],
            [
              35.2175609,
              28.0493152
            ],
            [
              35.2175809,
              28.0493441
            ],
            [
              35.2176207,
              28.0493226
            ],
            [
              35.217642,
              28.0493533
            ],
            [
              35.2176735,
              28.0493363
            ],
            [
              35.2176979,
              28.0493488
            ],
            [
              35.2177513,
              28.0493201
            ],
            [
              35.2178039,
              28.0493961
            ],
            [
              35.2176828,
              28.0494614
            ],
            [
              35.2176541,
              28.0494201
            ],
            [
              35.2175598,
              28.0494711
            ],
            [
              35.2174815,
              28.0493581
            ]
          ]
        ]
      },
      "properties": {
        "osm_id": 1144947329,
        "building": "yes",
        "name": "05",
        "is_residential": false
      }
    },
    {
      "type": "Feature",
      "geometry": {
        "type": "Polygon",
        "coordinates": [
          [
            [
              35.2177969,
              28.0495042
            ],
            [
              35.2178111,
              28.0494372
            ],
            [
              35.2178977,
              28.0494515
            ],
            [
              35.2178834,
              28.0495185
            ],
            [
              35.2177969,
              28.0495042
            ]
          ]
        ]
      },
      "properties": {
        "osm_id": 1144947330,
        "building": "yes",
        "name": "06",
        "is_residential": false
      }
    },
    {
      "type": "Feature",
      "geometry": {
        "type": "Polygon",
        "coordinates": [
          [
            [
              35.2178841,
              28.0495409
            ],
            [
              35.2178983,
              28.0494739
            ],
            [
              35.2179848,
              28.0494882
            ],
            [
              35.2179706,
              28.0495552
            ],
            [
              35.2178841,
              28.0495409
            ]
          ]
        ]
      },
      "properties": {
        "osm_id": 1144947331,
        "building": "yes",
        "name": "06",
        "is_residential": false
      }
    },
    {
      "type": "Feature",
      "geometry": {
        "type": "Polygon",
        "coordinates": [
          [
            [
              35.2179648,
              28.0495971
            ],
            [
              35.217979,
              28.0495301
            ],
            [
              35.2180656,
              28.0495444
            ],
            [
              35.2180513,
              28.0496114
            ],
            [
              35.2179648,
              28.0495971
            ]
          ]
        ]
      },
      "properties": {
        "osm_id": 1144947332,
        "building": "yes",
        "name": "06",
        "is_residential": false
      }
    },
    {
      "type": "Feature",
      "geometry": {
        "type": "Polygon",
        "coordinates": [
          [
            [
              35.2180492,
              28.049654
            ],
            [
              35.2180634,
              28.0495869
            ],
            [
              35.21815,
              28.0496013
            ],
            [
              35.2181357,
              28.0496683
            ],
            [
              35.2180492,
              28.049654
            ]
          ]
        ]
      },
      "properties": {
        "osm_id": 1144947333,
        "building": "yes",
        "name": "06",
        "is_residential": false
      }
    },
    {
      "type": "Feature",
      "geometry": {
        "type": "Polygon",
        "coordinates": [
          [
            [
              35.2180939,
              28.0498435
            ],
            [
              35.2181081,
              28.0497765
            ],
            [
              35.2181947,
              28.0497908
            ],
            [
              35.2181804,
              28.0498578
            ],
            [
              35.2180939,
              28.0498435
            ]
          ]
        ]
      },
      "properties": {
        "osm_id": 1144947334,
        "building": "yes",
        "name": "06",
        "is_residential": false
      }
    },
    {
      "type": "Feature",
      "geometry": {
        "type": "Polygon",
        "coordinates": [
          [
            [
              35.2181572,
              28.0499298
            ],
            [
              35.2181715,
              28.0498627
            ],
            [
              35.218258,
              28.0498771
            ],
            [
              35.2182438,
              28.0499441
            ],
            [
              35.2181572,
              28.0499298
            ]
          ]
        ]
      },
      "properties": {
        "osm_id": 1144947335,
        "building": "yes",
        "name": "06",
        "is_residential": false
      }
    },
    {
      "type": "Feature",
      "geometry": {
        "type": "Polygon",
        "coordinates": [
          [
            [
              35.2182657,
              28.0499901
            ],
            [
              35.2182799,
              28.049923
            ],
            [
              35.2183665,
              28.0499373
            ],
            [
              35.2183522,
              28.0500044
            ],
            [
              35.2182657,
              28.0499901
            ]
          ]
        ]
      },
      "properties": {
        "osm_id": 1144947336,
        "building": "yes",
        "name": "06",
        "is_residential": false
      }
    },
    {
      "type": "Feature",
      "geometry": {
        "type": "Polygon",
        "coordinates": [
          [
            [
              35.2183417,
              28.0500617
            ],
            [
              35.2183559,
              28.0499946
            ],
            [
              35.2184425,
              28.0500089
            ],
            [
              35.2184282,
              28.050076
            ],
            [
              35.2183417,
              28.0500617
            ]
          ]
        ]
      },
      "properties": {
        "osm_id": 1144947337,
        "building": "yes",
        "name": "06",
        "is_residential": false
      }
    },
    {
      "type": "Feature",
      "geometry": {
        "type": "Polygon",
        "coordinates": [
          [
            [
              35.2184305,
              28.0500955
            ],
            [
              35.2184447,
              28.0500284
            ],
            [
              35.2185313,
              28.0500427
            ],
            [
              35.218517,
              28.0501098
            ],
            [
              35.2184305,
              28.0500955
            ]
          ]
        ]
      },
      "properties": {
        "osm_id": 1144947338,
        "building": "yes",
        "name": "06",
        "is_residential": false
      }
    },
    {
      "type": "Feature",
      "geometry": {
        "type": "Polygon",
        "coordinates": [
          [
            [
              35.2185676,
              28.0501379
            ],
            [
              35.2185518,
              28.0500711
            ],
            [
              35.218638,
              28.0500552
            ],
            [
              35.2186538,
              28.050122
            ],
            [
              35.2185676,
              28.0501379
            ]
          ]
        ]
      },
      "properties": {
        "osm_id": 1144947339,
        "building": "yes",
        "name": "06",
        "is_residential": false
      }
    },
    {
      "type": "Feature",
      "geometry": {
        "type": "Polygon",
        "coordinates": [
          [
            [
              35.2186685,
              28.0501738
            ],
            [
              35.2186527,
              28.050107
            ],
            [
              35.2187389,
              28.0500911
            ],
            [
              35.2187547,
              28.0501579
            ],
            [
              35.2186685,
              28.0501738
            ]
          ]
        ]
      },
      "properties": {
        "osm_id": 1144947340,
        "building": "yes",
        "name": "06",
        "is_residential": false
      }
    },
    {
      "type": "Feature",
      "geometry": {
        "type": "Polygon",
        "coordinates": [
          [
            [
              35.2188648,
              28.0501963
            ],
            [
              35.2188132,
              28.0501455
            ],
            [
              35.2188787,
              28.0500936
            ],
            [
              35.2189303,
              28.0501444
            ],
            [
              35.2188648,
              28.0501963
            ]
          ]
        ]
      },
      "properties": {
        "osm_id": 1144947341,
        "building": "yes",
        "name": "06",
        "is_residential": false
      }
    },
    {
      "type": "Feature",
      "geometry": {
        "type": "Polygon",
        "coordinates": [
          [
            [
              35.2189303,
              28.0500997
            ],
            [
              35.2188691,
              28.0500581
            ],
            [
              35.2189229,
              28.0499965
            ],
            [
              35.2189841,
              28.0500382
            ],
            [
              35.2189303,
              28.0500997
            ]
          ]
        ]
      },
      "properties": {
        "osm_id": 1144947342,
        "building": "yes",
        "name": "06",
        "is_residential": false
      }
    },
    {
      "type": "Feature",
      "geometry": {
        "type": "Polygon",
        "coordinates": [
          [
            [
              35.2188586,
              28.0499106
            ],
            [
              35.2188828,
              28.0498458
            ],
            [
              35.2189664,
              28.0498701
            ],
            [
              35.2189422,
              28.0499349
            ],
            [
              35.2188586,
              28.0499106
            ]
          ]
        ]
      },
      "properties": {
        "osm_id": 1144947343,
        "building": "yes",
        "name": "06",
        "is_residential": false
      }
    },
    {
      "type": "Feature",
      "geometry": {
        "type": "Polygon",
        "coordinates": [
          [
            [
              35.2188252,
              28.0498268
            ],
            [
              35.2188486,
              28.0497618
            ],
            [
              35.2189325,
              28.0497853
            ],
            [
              35.2189091,
              28.0498503
            ],
            [
              35.2188252,
              28.0498268
            ]
          ]
        ]
      },
      "properties": {
        "osm_id": 1144947344,
        "building": "yes",
        "name": "06",
        "is_residential": false
      }
    },
    {
      "type": "Feature",
      "geometry": {
        "type": "Polygon",
        "coordinates": [
          [
            [
              35.2187051,
              28.0496729
            ],
            [
              35.2187412,
              28.0496126
            ],
            [
              35.218819,
              28.0496488
            ],
            [
              35.218783,
              28.0497092
            ],
            [
              35.2187051,
              28.0496729
            ]
          ]
        ]
      },
      "properties": {
        "osm_id": 1144947345,
        "building": "yes",
        "name": "06",
        "is_residential": false
      }
    },
    {
      "type": "Feature",
      "geometry": {
        "type": "Polygon",
        "coordinates": [
          [
            [
              35.2185609,
              28.0495733
            ],
            [
              35.2185932,
              28.0495114
            ],
            [
              35.2186732,
              28.0495439
            ],
            [
              35.2186408,
              28.0496058
            ],
            [
              35.2185609,
              28.0495733
            ]
          ]
        ]
      },
      "properties": {
        "osm_id": 1144947346,
        "building": "yes",
        "name": "06",
        "is_residential": false
      }
    },
    {
      "type": "Feature",
      "geometry": {
        "type": "Polygon",
        "coordinates": [
          [
            [
              35.2185193,
              28.0494795
            ],
            [
              35.2185516,
              28.0494176
            ],
            [
              35.2186316,
              28.0494501
            ],
            [
              35.2185992,
              28.049512
            ],
            [
              35.2185193,
              28.0494795
            ]
          ]
        ]
      },
      "properties": {
        "osm_id": 1144947347,
        "building": "yes",
        "name": "06",
        "is_residential": false
      }
    },
    {
      "type": "Feature",
      "geometry": {
        "type": "Polygon",
        "coordinates": [
          [
            [
              35.2182167,
              28.0502966
            ],
            [
              35.2182499,
              28.0502299
            ],
            [
              35.2183616,
              28.0502733
            ],
            [
              35.2183283,
              28.05034
            ],
            [
              35.2182167,
              28.0502966
            ]
          ]
        ]
      },
      "properties": {
        "osm_id": 1144947348,
        "building": "yes",
        "name": "10",
        "is_residential": false
      }
    },
    {
      "type": "Feature",
      "geometry": {
        "type": "Polygon",
        "coordinates": [
          [
            [
              35.218229,
              28.0503823
            ],
            [
              35.2182623,
              28.0503156
            ],
            [
              35.2183739,
              28.050359
            ],
            [
              35.2183406,
              28.0504256
            ],
            [
              35.218229,
              28.0503823
            ]
          ]
        ]
      },
      "properties": {
        "osm_id": 1144947349,
        "building": "yes",
        "name": "10",
        "is_residential": false
      }
    },
    {
      "type": "Feature",
      "geometry": {
        "type": "Polygon",
        "coordinates": [
          [
            [
              35.2185496,
              28.0511865
            ],
            [
              35.2184973,
              28.051158
            ],
            [
              35.218445,
              28.0511687
            ],
            [
              35.2184557,
              28.0511048
            ],
            [
              35.2184307,
              28.0510716
            ],
            [
              35.2184933,
              28.0510349
            ],
            [
              35.2185147,
              28.0509911
            ],
            [
              35.218567,
              28.0510314
            ],
            [
              35.218626,
              28.051029
            ],
            [
              35.2186046,
              28.051074
            ],
            [
              35.2186321,
              28.0511296
            ],
            [
              35.2185737,
              28.0511521
            ],
            [
              35.2185496,
              28.0511865
            ]
          ]
        ]
      },
      "properties": {
        "osm_id": 1144947351,
        "building": "yes",
        "name": "00",
        "is_residential": false
      }
    },
    {
      "type": "Feature",
      "geometry": {
        "type": "Polygon",
        "coordinates": [
          [
            [
              35.1991544,
              28.0557824
            ],
            [
              35.1991537,
              28.0556286
            ],
            [
              35.1997664,
              28.0556266
            ],
            [
              35.1997671,
              28.0557804
            ],
            [
              35.1991544,
              28.0557824
            ]
          ]
        ]
      },
      "properties": {
        "osm_id": 1217356642,
        "building": "yes",
        "name": "",
        "is_residential": false
      }
    },
    {
      "type": "Feature",
      "geometry": {
        "type": "Polygon",
        "coordinates": [
          [
            [
              35.2006322,
              28.0568832
            ],
            [
              35.2006146,
              28.0568871
            ],
            [
              35.2006328,
              28.0569517
            ],
            [
              35.2005583,
              28.0569681
            ],
            [
              35.2005057,
              28.0567824
            ],
            [
              35.2005979,
              28.056762
            ],
            [
              35.2006322,
              28.0568832
            ]
          ]
        ]
      },
      "properties": {
        "osm_id": 1217356649,
        "building": "yes",
        "name": "",
        "is_residential": false
      }
    },
    {
      "type": "Feature",
      "geometry": {
        "type": "Polygon",
        "coordinates": [
          [
            [
              35.200599,
              28.0567494
            ],
            [
              35.2006935,
              28.0567187
            ],
            [
              35.2006918,
              28.0567146
            ],
            [
              35.2007945,
              28.0566812
            ],
            [
              35.2008701,
              28.0568627
            ],
            [
              35.2007768,
              28.0568929
            ],
            [
              35.200753,
              28.0568358
            ],
            [
              35.2007116,
              28.0568493
            ],
            [
              35.2007368,
              28.0569097
            ],
            [
              35.2006742,
              28.05693
            ],
            [
              35.200599,
              28.0567494
            ]
          ]
        ]
      },
      "properties": {
        "osm_id": 1217356650,
        "building": "yes",
        "name": "",
        "is_residential": false
      }
    },
    {
      "type": "Feature",
      "geometry": {
        "type": "Polygon",
        "coordinates": [
          [
            [
              35.2009376,
              28.05654
            ],
            [
              35.2010097,
              28.0565617
            ],
            [
              35.2009803,
              28.056638
            ],
            [
              35.2010331,
              28.0566539
            ],
            [
              35.2010012,
              28.0567366
            ],
            [
              35.2007969,
              28.0566753
            ],
            [
              35.2008297,
              28.0565904
            ],
            [
              35.2008681,
              28.056602
            ],
            [
              35.2008616,
              28.0566189
            ],
            [
              35.2009024,
              28.0566312
            ],
            [
              35.2009376,
              28.05654
            ]
          ]
        ]
      },
      "properties": {
        "osm_id": 1217356651,
        "building": "yes",
        "name": "",
        "is_residential": false
      }
    },
    {
      "type": "Feature",
      "geometry": {
        "type": "Polygon",
        "coordinates": [
          [
            [
              35.2009038,
              28.0564877
            ],
            [
              35.2009233,
              28.0564186
            ],
            [
              35.2009915,
              28.0564336
            ],
            [
              35.200972,
              28.0565027
            ],
            [
              35.2009038,
              28.0564877
            ]
          ]
        ]
      },
      "properties": {
        "osm_id": 1217356652,
        "building": "yes",
        "name": "",
        "is_residential": false
      }
    },
    {
      "type": "Feature",
      "geometry": {
        "type": "Polygon",
        "coordinates": [
          [
            [
              35.2009814,
              28.056322
            ],
            [
              35.2009415,
              28.056398
            ],
            [
              35.2008797,
              28.0563727
            ],
            [
              35.2009196,
              28.0562967
            ],
            [
              35.2009814,
              28.056322
            ]
          ]
        ]
      },
      "properties": {
        "osm_id": 1217356653,
        "building": "yes",
        "name": "",
        "is_residential": false
      }
    },
    {
      "type": "Feature",
      "geometry": {
        "type": "Polygon",
        "coordinates": [
          [
            [
              35.2008908,
              28.0560401
            ],
            [
              35.2008542,
              28.0561358
            ],
            [
              35.2009145,
              28.0561537
            ],
            [
              35.2009182,
              28.0561439
            ],
            [
              35.2009819,
              28.0561628
            ],
            [
              35.2009465,
              28.0562555
            ],
            [
              35.2008804,
              28.0562359
            ],
            [
              35.2008763,
              28.0562465
            ],
            [
              35.2008028,
              28.0562246
            ],
            [
              35.2008081,
              28.0562105
            ],
            [
              35.2007455,
              28.0561919
            ],
            [
              35.2007832,
              28.0560933
            ],
            [
              35.2007302,
              28.0560775
            ],
            [
              35.2007676,
              28.0559798
            ],
            [
              35.2008133,
              28.0559934
            ],
            [
              35.2008052,
              28.0560147
            ],
            [
              35.2008908,
              28.0560401
            ]
          ]
        ]
      },
      "properties": {
        "osm_id": 1217356654,
        "building": "yes",
        "name": "",
        "is_residential": false
      }
    },
    {
      "type": "Feature",
      "geometry": {
        "type": "Polygon",
        "coordinates": [
          [
            [
              35.2007048,
              28.0558523
            ],
            [
              35.2007163,
              28.0558063
            ],
            [
              35.2008453,
              28.0558314
            ],
            [
              35.2008338,
              28.0558774
            ],
            [
              35.2007048,
              28.0558523
            ]
          ]
        ]
      },
      "properties": {
        "osm_id": 1217356655,
        "building": "yes",
        "name": "",
        "is_residential": false
      }
    },
    {
      "type": "Feature",
      "geometry": {
        "type": "Polygon",
        "coordinates": [
          [
            [
              35.2009472,
              28.0558056
            ],
            [
              35.2009134,
              28.0558897
            ],
            [
              35.2008515,
              28.0558703
            ],
            [
              35.2008752,
              28.0558114
            ],
            [
              35.200818,
              28.0557935
            ],
            [
              35.2008555,
              28.0557002
            ],
            [
              35.2009222,
              28.0557211
            ],
            [
              35.2008948,
              28.0557892
            ],
            [
              35.2009472,
              28.0558056
            ]
          ]
        ]
      },
      "properties": {
        "osm_id": 1217356656,
        "building": "yes",
        "name": "",
        "is_residential": false
      }
    },
    {
      "type": "Feature",
      "geometry": {
        "type": "Polygon",
        "coordinates": [
          [
            [
              35.2006908,
              28.0557279
            ],
            [
              35.2007128,
              28.0556743
            ],
            [
              35.2008395,
              28.0557149
            ],
            [
              35.2008128,
              28.0557797
            ],
            [
              35.2007477,
              28.0557588
            ],
            [
              35.2007524,
              28.0557476
            ],
            [
              35.2006908,
              28.0557279
            ]
          ]
        ]
      },
      "properties": {
        "osm_id": 1217356657,
        "building": "yes",
        "name": "",
        "is_residential": false
      }
    },
    {
      "type": "Feature",
      "geometry": {
        "type": "Polygon",
        "coordinates": [
          [
            [
              35.200455,
              28.0577185
            ],
            [
              35.2004093,
              28.0576139
            ],
            [
              35.2011569,
              28.0573596
            ],
            [
              35.2012025,
              28.0574641
            ],
            [
              35.200455,
              28.0577185
            ]
          ]
        ]
      },
      "properties": {
        "osm_id": 1217356667,
        "building": "yes",
        "name": "",
        "is_residential": false
      }
    },
    {
      "type": "Feature",
      "geometry": {
        "type": "Polygon",
        "coordinates": [
          [
            [
              35.2012832,
              28.057452
            ],
            [
              35.2011159,
              28.0573146
            ],
            [
              35.2014605,
              28.0569877
            ],
            [
              35.2016279,
              28.0571251
            ],
            [
              35.2012832,
              28.057452
            ]
          ]
        ]
      },
      "properties": {
        "osm_id": 1217356668,
        "building": "yes",
        "name": "",
        "is_residential": false
      }
    },
    {
      "type": "Feature",
      "geometry": {
        "type": "Polygon",
        "coordinates": [
          [
            [
              35.2260312,
              28.0654941
            ],
            [
              35.2260827,
              28.0655057
            ],
            [
              35.2260646,
              28.0655679
            ],
            [
              35.2260131,
              28.0655563
            ],
            [
              35.2260312,
              28.0654941
            ]
          ]
        ]
      },
      "properties": {
        "osm_id": 1217357086,
        "building": "yes",
        "name": "",
        "is_residential": false
      }
    },
    {
      "type": "Feature",
      "geometry": {
        "type": "Polygon",
        "coordinates": [
          [
            [
              35.2276142,
              28.0640326
            ],
            [
              35.2276258,
              28.0639888
            ],
            [
              35.2276767,
              28.0639993
            ],
            [
              35.2276651,
              28.064043
            ],
            [
              35.2276142,
              28.0640326
            ]
          ]
        ]
      },
      "properties": {
        "osm_id": 1217357087,
        "building": "yes",
        "name": "",
        "is_residential": false
      }
    },
    {
      "type": "Feature",
      "geometry": {
        "type": "Polygon",
        "coordinates": [
          [
            [
              35.2182562,
              28.0535848
            ],
            [
              35.2181644,
              28.0536198
            ],
            [
              35.2181263,
              28.0535421
            ],
            [
              35.218218,
              28.053507
            ],
            [
              35.2182562,
              28.0535848
            ]
          ]
        ]
      },
      "properties": {
        "osm_id": 1217357093,
        "building": "yes",
        "name": "",
        "is_residential": false
      }
    },
    {
      "type": "Feature",
      "geometry": {
        "type": "Polygon",
        "coordinates": [
          [
            [
              35.2183977,
              28.0537639
            ],
            [
              35.2184281,
              28.0538435
            ],
            [
              35.2183356,
              28.053871
            ],
            [
              35.2183052,
              28.0537914
            ],
            [
              35.2183977,
              28.0537639
            ]
          ]
        ]
      },
      "properties": {
        "osm_id": 1217357603,
        "building": "yes",
        "name": "",
        "is_residential": false
      }
    },
    {
      "type": "Feature",
      "geometry": {
        "type": "Polygon",
        "coordinates": [
          [
            [
              35.218248,
              28.0537108
            ],
            [
              35.2183384,
              28.0536823
            ],
            [
              35.2183686,
              28.0537567
            ],
            [
              35.2182782,
              28.0537852
            ],
            [
              35.218248,
              28.0537108
            ]
          ]
        ]
      },
      "properties": {
        "osm_id": 1217357604,
        "building": "yes",
        "name": "",
        "is_residential": false
      }
    },
    {
      "type": "Feature",
      "geometry": {
        "type": "Polygon",
        "coordinates": [
          [
            [
              35.2183397,
              28.0536566
            ],
            [
              35.2182282,
              28.0537049
            ],
            [
              35.2181868,
              28.0536306
            ],
            [
              35.2182731,
              28.0535931
            ],
            [
              35.218305,
              28.0536503
            ],
            [
              35.2183301,
              28.0536394
            ],
            [
              35.2183397,
              28.0536566
            ]
          ]
        ]
      },
      "properties": {
        "osm_id": 1217357605,
        "building": "yes",
        "name": "",
        "is_residential": false
      }
    },
    {
      "type": "Feature",
      "geometry": {
        "type": "Polygon",
        "coordinates": [
          [
            [
              35.2183236,
              28.053422
            ],
            [
              35.218417,
              28.053374
            ],
            [
              35.2185465,
              28.0535701
            ],
            [
              35.2184532,
              28.0536181
            ],
            [
              35.2183236,
              28.053422
            ]
          ]
        ]
      },
      "properties": {
        "osm_id": 1217357606,
        "building": "yes",
        "name": "",
        "is_residential": false
      }
    },
    {
      "type": "Feature",
      "geometry": {
        "type": "Polygon",
        "coordinates": [
          [
            [
              35.2186727,
              28.05374
            ],
            [
              35.2185769,
              28.0537831
            ],
            [
              35.2185276,
              28.0536977
            ],
            [
              35.2185212,
              28.0537005
            ],
            [
              35.2184728,
              28.0536168
            ],
            [
              35.2185665,
              28.0535747
            ],
            [
              35.2186153,
              28.0536593
            ],
            [
              35.2186239,
              28.0536554
            ],
            [
              35.2186727,
              28.05374
            ]
          ]
        ]
      },
      "properties": {
        "osm_id": 1217357607,
        "building": "yes",
        "name": "",
        "is_residential": false
      }
    },
    {
      "type": "Feature",
      "geometry": {
        "type": "Polygon",
        "coordinates": [
          [
            [
              35.2189628,
              28.053679
            ],
            [
              35.2188795,
              28.0537053
            ],
            [
              35.2188583,
              28.0536528
            ],
            [
              35.2189415,
              28.0536265
            ],
            [
              35.2189628,
              28.053679
            ]
          ]
        ]
      },
      "properties": {
        "osm_id": 1217357608,
        "building": "yes",
        "name": "",
        "is_residential": false
      }
    },
    {
      "type": "Feature",
      "geometry": {
        "type": "Polygon",
        "coordinates": [
          [
            [
              35.2190707,
              28.0533021
            ],
            [
              35.2189729,
              28.0533326
            ],
            [
              35.2189383,
              28.0532463
            ],
            [
              35.2190361,
              28.0532158
            ],
            [
              35.2190707,
              28.0533021
            ]
          ]
        ]
      },
      "properties": {
        "osm_id": 1217357609,
        "building": "yes",
        "name": "",
        "is_residential": false
      }
    },
    {
      "type": "Feature",
      "geometry": {
        "type": "Polygon",
        "coordinates": [
          [
            [
              35.2187965,
              28.0530787
            ],
            [
              35.2188313,
              28.0531621
            ],
            [
              35.2187383,
              28.0531923
            ],
            [
              35.2187036,
              28.053109
            ],
            [
              35.2187965,
              28.0530787
            ]
          ]
        ]
      },
      "properties": {
        "osm_id": 1217357610,
        "building": "yes",
        "name": "",
        "is_residential": false
      }
    },
    {
      "type": "Feature",
      "geometry": {
        "type": "Polygon",
        "coordinates": [
          [
            [
              35.2198958,
              28.0530409
            ],
            [
              35.2200146,
              28.0529972
            ],
            [
              35.2200522,
              28.0530766
            ],
            [
              35.2199334,
              28.0531204
            ],
            [
              35.2198958,
              28.0530409
            ]
          ]
        ]
      },
      "properties": {
        "osm_id": 1217357611,
        "building": "yes",
        "name": "",
        "is_residential": false
      }
    },
    {
      "type": "Feature",
      "geometry": {
        "type": "Polygon",
        "coordinates": [
          [
            [
              35.2202874,
              28.0530652
            ],
            [
              35.2201408,
              28.0531057
            ],
            [
              35.2201121,
              28.0530246
            ],
            [
              35.2202587,
              28.0529842
            ],
            [
              35.2202874,
              28.0530652
            ]
          ]
        ]
      },
      "properties": {
        "osm_id": 1217357612,
        "building": "yes",
        "name": "",
        "is_residential": false
      }
    },
    {
      "type": "Feature",
      "geometry": {
        "type": "Polygon",
        "coordinates": [
          [
            [
              35.2205155,
              28.0531148
            ],
            [
              35.2204246,
              28.0531364
            ],
            [
              35.2203989,
              28.0530526
            ],
            [
              35.2204899,
              28.0530309
            ],
            [
              35.2205155,
              28.0531148
            ]
          ]
        ]
      },
      "properties": {
        "osm_id": 1217357613,
        "building": "yes",
        "name": "",
        "is_residential": false
      }
    },
    {
      "type": "Feature",
      "geometry": {
        "type": "Polygon",
        "coordinates": [
          [
            [
              35.2203645,
              28.052476
            ],
            [
              35.2204019,
              28.0526007
            ],
            [
              35.2202515,
              28.0526359
            ],
            [
              35.2202141,
              28.0525111
            ],
            [
              35.2203645,
              28.052476
            ]
          ]
        ]
      },
      "properties": {
        "osm_id": 1217357614,
        "building": "yes",
        "name": "",
        "is_residential": false
      }
    },
    {
      "type": "Feature",
      "geometry": {
        "type": "Polygon",
        "coordinates": [
          [
            [
              35.219946,
              28.052584
            ],
            [
              35.2199616,
              28.0526217
            ],
            [
              35.2199852,
              28.0526141
            ],
            [
              35.2200102,
              28.0526747
            ],
            [
              35.2198894,
              28.0527135
            ],
            [
              35.2198489,
              28.0526152
            ],
            [
              35.219946,
              28.052584
            ]
          ]
        ]
      },
      "properties": {
        "osm_id": 1217357615,
        "building": "yes",
        "name": "",
        "is_residential": false
      }
    },
    {
      "type": "Feature",
      "geometry": {
        "type": "Polygon",
        "coordinates": [
          [
            [
              35.2205391,
              28.0526034
            ],
            [
              35.2206388,
              28.052579
            ],
            [
              35.2206615,
              28.0526516
            ],
            [
              35.2205618,
              28.0526759
            ],
            [
              35.2205391,
              28.0526034
            ]
          ]
        ]
      },
      "properties": {
        "osm_id": 1217357616,
        "building": "yes",
        "name": "",
        "is_residential": false
      }
    },
    {
      "type": "Feature",
      "geometry": {
        "type": "Polygon",
        "coordinates": [
          [
            [
              35.2210379,
              28.0524867
            ],
            [
              35.2209237,
              28.0525179
            ],
            [
              35.2208669,
              28.0523558
            ],
            [
              35.2209811,
              28.0523247
            ],
            [
              35.2210379,
              28.0524867
            ]
          ]
        ]
      },
      "properties": {
        "osm_id": 1217357617,
        "building": "yes",
        "name": "",
        "is_residential": false
      }
    },
    {
      "type": "Feature",
      "geometry": {
        "type": "Polygon",
        "coordinates": [
          [
            [
              35.2210289,
              28.0523891
            ],
            [
              35.2211074,
              28.0523644
            ],
            [
              35.221138,
              28.05244
            ],
            [
              35.2210595,
              28.0524647
            ],
            [
              35.2210289,
              28.0523891
            ]
          ]
        ]
      },
      "properties": {
        "osm_id": 1217357618,
        "building": "yes",
        "name": "",
        "is_residential": false
      }
    },
    {
      "type": "Feature",
      "geometry": {
        "type": "Polygon",
        "coordinates": [
          [
            [
              35.2211091,
              28.0523447
            ],
            [
              35.2212428,
              28.0522941
            ],
            [
              35.221284,
              28.0523789
            ],
            [
              35.2211503,
              28.0524295
            ],
            [
              35.2211091,
              28.0523447
            ]
          ]
        ]
      },
      "properties": {
        "osm_id": 1217357619,
        "building": "yes",
        "name": "",
        "is_residential": false
      }
    },
    {
      "type": "Feature",
      "geometry": {
        "type": "Polygon",
        "coordinates": [
          [
            [
              35.2215107,
              28.0522689
            ],
            [
              35.2214028,
              28.052309
            ],
            [
              35.2213548,
              28.0522085
            ],
            [
              35.2214035,
              28.0521904
            ],
            [
              35.2213799,
              28.0521409
            ],
            [
              35.2214391,
              28.0521188
            ],
            [
              35.2215107,
              28.0522689
            ]
          ]
        ]
      },
      "properties": {
        "osm_id": 1217357620,
        "building": "yes",
        "name": "",
        "is_residential": false
      }
    },
    {
      "type": "Feature",
      "geometry": {
        "type": "Polygon",
        "coordinates": [
          [
            [
              35.2229598,
              28.0528589
            ],
            [
              35.2230801,
              28.0528155
            ],
            [
              35.223145,
              28.0529553
            ],
            [
              35.2231419,
              28.0529565
            ],
            [
              35.2231823,
              28.0530437
            ],
            [
              35.2231395,
              28.0530591
            ],
            [
              35.2231602,
              28.0531037
            ],
            [
              35.2230859,
              28.0531306
            ],
            [
              35.2229598,
              28.0528589
            ]
          ]
        ]
      },
      "properties": {
        "osm_id": 1217357621,
        "building": "yes",
        "name": "",
        "is_residential": false
      }
    },
    {
      "type": "Feature",
      "geometry": {
        "type": "Polygon",
        "coordinates": [
          [
            [
              35.2228845,
              28.0526939
            ],
            [
              35.2230566,
              28.0526333
            ],
            [
              35.2231194,
              28.0527722
            ],
            [
              35.2229474,
              28.0528328
            ],
            [
              35.2228845,
              28.0526939
            ]
          ]
        ]
      },
      "properties": {
        "osm_id": 1217357622,
        "building": "yes",
        "name": "",
        "is_residential": false
      }
    },
    {
      "type": "Feature",
      "geometry": {
        "type": "Polygon",
        "coordinates": [
          [
            [
              35.2239246,
              28.0528878
            ],
            [
              35.223924,
              28.052849
            ],
            [
              35.2240447,
              28.0528474
            ],
            [
              35.2240453,
              28.0528862
            ],
            [
              35.2239246,
              28.0528878
            ]
          ]
        ]
      },
      "properties": {
        "osm_id": 1217357623,
        "building": "yes",
        "name": "",
        "is_residential": false
      }
    },
    {
      "type": "Feature",
      "geometry": {
        "type": "Polygon",
        "coordinates": [
          [
            [
              35.2239041,
              28.0525674
            ],
            [
              35.2238988,
              28.0524667
            ],
            [
              35.2239416,
              28.052465
            ],
            [
              35.2239469,
              28.0525656
            ],
            [
              35.2239041,
              28.0525674
            ]
          ]
        ]
      },
      "properties": {
        "osm_id": 1217357624,
        "building": "yes",
        "name": "",
        "is_residential": false
      }
    },
    {
      "type": "Feature",
      "geometry": {
        "type": "Polygon",
        "coordinates": [
          [
            [
              35.2238432,
              28.0524616
            ],
            [
              35.223886,
              28.0524603
            ],
            [
              35.2238907,
              28.0525785
            ],
            [
              35.2238478,
              28.0525798
            ],
            [
              35.2238432,
              28.0524616
            ]
          ]
        ]
      },
      "properties": {
        "osm_id": 1217357625,
        "building": "yes",
        "name": "",
        "is_residential": false
      }
    },
    {
      "type": "Feature",
      "geometry": {
        "type": "Polygon",
        "coordinates": [
          [
            [
              35.2237524,
              28.0525878
            ],
            [
              35.2237158,
              28.0525932
            ],
            [
              35.2236944,
              28.0524794
            ],
            [
              35.223731,
              28.052474
            ],
            [
              35.2237524,
              28.0525878
            ]
          ]
        ]
      },
      "properties": {
        "osm_id": 1217357626,
        "building": "yes",
        "name": "",
        "is_residential": false
      }
    },
    {
      "type": "Feature",
      "geometry": {
        "type": "Polygon",
        "coordinates": [
          [
            [
              35.2236644,
              28.0525889
            ],
            [
              35.2236323,
              28.0525904
            ],
            [
              35.2236249,
              28.0524724
            ],
            [
              35.223657,
              28.0524709
            ],
            [
              35.2236644,
              28.0525889
            ]
          ]
        ]
      },
      "properties": {
        "osm_id": 1217357627,
        "building": "yes",
        "name": "",
        "is_residential": false
      }
    },
    {
      "type": "Feature",
      "geometry": {
        "type": "Polygon",
        "coordinates": [
          [
            [
              35.2225685,
              28.0531551
            ],
            [
              35.2225758,
              28.0531915
            ],
            [
              35.2219663,
              28.0532871
            ],
            [
              35.2219589,
              28.0532507
            ],
            [
              35.2225685,
              28.0531551
            ]
          ]
        ]
      },
      "properties": {
        "osm_id": 1217357628,
        "building": "yes",
        "name": "",
        "is_residential": false
      }
    },
    {
      "type": "Feature",
      "geometry": {
        "type": "Polygon",
        "coordinates": [
          [
            [
              35.2379789,
              28.0679922
            ],
            [
              35.2380961,
              28.0679529
            ],
            [
              35.2381228,
              28.0680149
            ],
            [
              35.2380057,
              28.0680542
            ],
            [
              35.2379789,
              28.0679922
            ]
          ]
        ]
      },
      "properties": {
        "osm_id": 1217357638,
        "building": "yes",
        "name": "",
        "is_residential": false
      }
    },
    {
      "type": "Feature",
      "geometry": {
        "type": "Polygon",
        "coordinates": [
          [
            [
              35.2382929,
              28.0678264
            ],
            [
              35.2384074,
              28.0677818
            ],
            [
              35.2384366,
              28.0678402
            ],
            [
              35.2383222,
              28.0678848
            ],
            [
              35.2382929,
              28.0678264
            ]
          ]
        ]
      },
      "properties": {
        "osm_id": 1217357639,
        "building": "yes",
        "name": "",
        "is_residential": false
      }
    },
    {
      "type": "Feature",
      "geometry": {
        "type": "Polygon",
        "coordinates": [
          [
            [
              35.2392061,
              28.0663485
            ],
            [
              35.2393192,
              28.0662265
            ],
            [
              35.2396405,
              28.0664585
            ],
            [
              35.2395275,
              28.0665805
            ],
            [
              35.2392061,
              28.0663485
            ]
          ]
        ]
      },
      "properties": {
        "osm_id": 1217357640,
        "building": "yes",
        "name": "",
        "is_residential": false
      }
    },
    {
      "type": "Feature",
      "geometry": {
        "type": "Polygon",
        "coordinates": [
          [
            [
              35.2390702,
              28.0664991
            ],
            [
              35.239185,
              28.0663777
            ],
            [
              35.2395075,
              28.0666152
            ],
            [
              35.2393927,
              28.0667366
            ],
            [
              35.2390702,
              28.0664991
            ]
          ]
        ]
      },
      "properties": {
        "osm_id": 1217357641,
        "building": "yes",
        "name": "",
        "is_residential": false
      }
    },
    {
      "type": "Feature",
      "geometry": {
        "type": "Polygon",
        "coordinates": [
          [
            [
              35.2389042,
              28.0665665
            ],
            [
              35.2389308,
              28.0666076
            ],
            [
              35.2389115,
              28.0666173
            ],
            [
              35.2389403,
              28.066662
            ],
            [
              35.2387934,
              28.0667357
            ],
            [
              35.2386862,
              28.0665694
            ],
            [
              35.2388452,
              28.0664896
            ],
            [
              35.2388833,
              28.0665486
            ],
            [
              35.2387941,
              28.0665934
            ],
            [
              35.238808,
              28.0666148
            ],
            [
              35.2389042,
              28.0665665
            ]
          ]
        ]
      },
      "properties": {
        "osm_id": 1217357642,
        "building": "yes",
        "name": "",
        "is_residential": false
      }
    },
    {
      "type": "Feature",
      "geometry": {
        "type": "Polygon",
        "coordinates": [
          [
            [
              35.245328,
              28.0453238
            ],
            [
              35.2456598,
              28.0454123
            ],
            [
              35.2455883,
              28.0456214
            ],
            [
              35.2452565,
              28.0455329
            ],
            [
              35.245328,
              28.0453238
            ]
          ]
        ]
      },
      "properties": {
        "osm_id": 1217357647,
        "building": "yes",
        "name": "",
        "is_residential": false
      }
    },
    {
      "type": "Feature",
      "geometry": {
        "type": "Polygon",
        "coordinates": [
          [
            [
              35.2450211,
              28.0455813
            ],
            [
              35.2451194,
              28.0452616
            ],
            [
              35.2452504,
              28.045293
            ],
            [
              35.2451521,
              28.0456127
            ],
            [
              35.2450211,
              28.0455813
            ]
          ]
        ]
      },
      "properties": {
        "osm_id": 1217357648,
        "building": "yes",
        "name": "",
        "is_residential": false
      }
    },
    {
      "type": "Feature",
      "geometry": {
        "type": "Polygon",
        "coordinates": [
          [
            [
              35.2451198,
              28.0456539
            ],
            [
              35.2450846,
              28.0457494
            ],
            [
              35.2449391,
              28.0457076
            ],
            [
              35.2449743,
              28.0456121
            ],
            [
              35.2451198,
              28.0456539
            ]
          ]
        ]
      },
      "properties": {
        "osm_id": 1217357649,
        "building": "yes",
        "name": "",
        "is_residential": false
      }
    },
    {
      "type": "Feature",
      "geometry": {
        "type": "Polygon",
        "coordinates": [
          [
            [
              35.2450962,
              28.045001
            ],
            [
              35.2451696,
              28.0450168
            ],
            [
              35.2451425,
              28.0451151
            ],
            [
              35.2450691,
              28.0450993
            ],
            [
              35.2450962,
              28.045001
            ]
          ]
        ]
      },
      "properties": {
        "osm_id": 1217357650,
        "building": "yes",
        "name": "",
        "is_residential": false
      }
    },
    {
      "type": "Feature",
      "geometry": {
        "type": "Polygon",
        "coordinates": [
          [
            [
              35.2451771,
              28.0450058
            ],
            [
              35.2452167,
              28.044891
            ],
            [
              35.2454436,
              28.0449519
            ],
            [
              35.245404,
              28.0450668
            ],
            [
              35.2451771,
              28.0450058
            ]
          ]
        ]
      },
      "properties": {
        "osm_id": 1217357651,
        "building": "yes",
        "name": "",
        "is_residential": false
      }
    },
    {
      "type": "Feature",
      "geometry": {
        "type": "Polygon",
        "coordinates": [
          [
            [
              35.2454775,
              28.0451189
            ],
            [
              35.2454411,
              28.0451982
            ],
            [
              35.2453512,
              28.0451661
            ],
            [
              35.2453876,
              28.0450868
            ],
            [
              35.2454775,
              28.0451189
            ]
          ]
        ]
      },
      "properties": {
        "osm_id": 1217357652,
        "building": "yes",
        "name": "",
        "is_residential": false
      }
    },
    {
      "type": "Feature",
      "geometry": {
        "type": "Polygon",
        "coordinates": [
          [
            [
              35.2496569,
              28.0418069
            ],
            [
              35.2498175,
              28.0418394
            ],
            [
              35.2497994,
              28.0419091
            ],
            [
              35.2497764,
              28.0419045
            ],
            [
              35.2497472,
              28.0420169
            ],
            [
              35.2497269,
              28.0420128
            ],
            [
              35.2497099,
              28.0420781
            ],
            [
              35.2495927,
              28.0420544
            ],
            [
              35.2496569,
              28.0418069
            ]
          ]
        ]
      },
      "properties": {
        "osm_id": 1217358509,
        "building": "yes",
        "name": "",
        "is_residential": false
      }
    },
    {
      "type": "Feature",
      "geometry": {
        "type": "Polygon",
        "coordinates": [
          [
            [
              35.2501441,
              28.0409751
            ],
            [
              35.2501973,
              28.0407969
            ],
            [
              35.2502249,
              28.0408033
            ],
            [
              35.2502708,
              28.0406494
            ],
            [
              35.2505392,
              28.0407118
            ],
            [
              35.250491,
              28.0408734
            ],
            [
              35.2504544,
              28.0408649
            ],
            [
              35.2504035,
              28.0410354
            ],
            [
              35.2501441,
              28.0409751
            ]
          ]
        ]
      },
      "properties": {
        "osm_id": 1217358510,
        "building": "yes",
        "name": "",
        "is_residential": false
      }
    },
    {
      "type": "Feature",
      "geometry": {
        "type": "Polygon",
        "coordinates": [
          [
            [
              35.249724,
              28.0409862
            ],
            [
              35.2498021,
              28.0407637
            ],
            [
              35.249944,
              28.0408025
            ],
            [
              35.2498659,
              28.041025
            ],
            [
              35.249724,
              28.0409862
            ]
          ]
        ]
      },
      "properties": {
        "osm_id": 1217358512,
        "building": "yes",
        "name": "",
        "is_residential": false
      }
    },
    {
      "type": "Feature",
      "geometry": {
        "type": "Polygon",
        "coordinates": [
          [
            [
              35.2586148,
              28.024438
            ],
            [
              35.2586791,
              28.024464
            ],
            [
              35.258649,
              28.0245234
            ],
            [
              35.2585848,
              28.0244974
            ],
            [
              35.2586148,
              28.024438
            ]
          ]
        ]
      },
      "properties": {
        "osm_id": 1217359565,
        "building": "yes",
        "name": "",
        "is_residential": false
      }
    },
    {
      "type": "Feature",
      "geometry": {
        "type": "Polygon",
        "coordinates": [
          [
            [
              35.2587209,
              28.0245446
            ],
            [
              35.2587194,
              28.0245324
            ],
            [
              35.2587223,
              28.0245205
            ],
            [
              35.2587293,
              28.0245099
            ],
            [
              35.2587396,
              28.0245017
            ],
            [
              35.2587522,
              28.0244968
            ],
            [
              35.258766,
              28.0244955
            ],
            [
              35.2587795,
              28.0244981
            ],
            [
              35.2587915,
              28.0245042
            ],
            [
              35.2588016,
              28.0245144
            ],
            [
              35.2588071,
              28.0245271
            ],
            [
              35.2588073,
              28.0245407
            ],
            [
              35.2588023,
              28.0245535
            ],
            [
              35.2587926,
              28.024564
            ],
            [
              35.2587794,
              28.024571
            ],
            [
              35.2587644,
              28.0245736
            ],
            [
              35.2587492,
              28.0245714
            ],
            [
              35.2587358,
              28.0245648
            ],
            [
              35.2587265,
              28.0245557
            ],
            [
              35.2587209,
              28.0245446
            ]
          ]
        ]
      },
      "properties": {
        "osm_id": 1217359566,
        "building": "yes",
        "name": "",
        "is_residential": false
      }
    },
    {
      "type": "Feature",
      "geometry": {
        "type": "Polygon",
        "coordinates": [
          [
            [
              35.2589251,
              28.0244511
            ],
            [
              35.2589294,
              28.0244364
            ],
            [
              35.2589391,
              28.024424
            ],
            [
              35.258953,
              28.0244152
            ],
            [
              35.2589695,
              28.0244112
            ],
            [
              35.2589865,
              28.0244123
            ],
            [
              35.2590021,
              28.0244186
            ],
            [
              35.2590143,
              28.0244292
            ],
            [
              35.2590212,
              28.0244413
            ],
            [
              35.2590235,
              28.0244548
            ],
            [
              35.2590209,
              28.0244682
            ],
            [
              35.2590138,
              28.0244803
            ],
            [
              35.2590028,
              28.0244898
            ],
            [
              35.2589891,
              28.0244959
            ],
            [
              35.2589738,
              28.0244979
            ],
            [
              35.2589586,
              28.0244957
            ],
            [
              35.2589449,
              28.0244894
            ],
            [
              35.2589341,
              28.0244797
            ],
            [
              35.2589268,
              28.0244661
            ],
            [
              35.2589251,
              28.0244511
            ]
          ]
        ]
      },
      "properties": {
        "osm_id": 1217359567,
        "building": "yes",
        "name": "",
        "is_residential": false
      }
    },
    {
      "type": "Feature",
      "geometry": {
        "type": "Polygon",
        "coordinates": [
          [
            [
              35.2588064,
              28.0243882
            ],
            [
              35.2588107,
              28.0243736
            ],
            [
              35.2588204,
              28.0243611
            ],
            [
              35.2588343,
              28.0243523
            ],
            [
              35.2588508,
              28.0243483
            ],
            [
              35.2588679,
              28.0243495
            ],
            [
              35.2588834,
              28.0243557
            ],
            [
              35.2588956,
              28.0243663
            ],
            [
              35.2589025,
              28.0243785
            ],
            [
              35.2589048,
              28.0243919
            ],
            [
              35.2589023,
              28.0244054
            ],
            [
              35.2588952,
              28.0244174
            ],
            [
              35.2588842,
              28.024427
            ],
            [
              35.2588704,
              28.024433
            ],
            [
              35.2588551,
              28.0244351
            ],
            [
              35.2588399,
              28.0244328
            ],
            [
              35.2588263,
              28.0244266
            ],
            [
              35.2588155,
              28.0244169
            ],
            [
              35.2588081,
              28.0244032
            ],
            [
              35.2588064,
              28.0243882
            ]
          ]
        ]
      },
      "properties": {
        "osm_id": 1217359568,
        "building": "yes",
        "name": "",
        "is_residential": false
      }
    },
    {
      "type": "Feature",
      "geometry": {
        "type": "Polygon",
        "coordinates": [
          [
            [
              35.2584208,
              28.0236069
            ],
            [
              35.2584481,
              28.0235098
            ],
            [
              35.258576,
              28.0235378
            ],
            [
              35.2585487,
              28.0236349
            ],
            [
              35.2584208,
              28.0236069
            ]
          ]
        ]
      },
      "properties": {
        "osm_id": 1217360090,
        "building": "yes",
        "name": "",
        "is_residential": false
      }
    },
    {
      "type": "Feature",
      "geometry": {
        "type": "Polygon",
        "coordinates": [
          [
            [
              35.2586268,
              28.0235677
            ],
            [
              35.2586113,
              28.0236261
            ],
            [
              35.2585706,
              28.0236177
            ],
            [
              35.2585861,
              28.0235593
            ],
            [
              35.2586268,
              28.0235677
            ]
          ]
        ]
      },
      "properties": {
        "osm_id": 1217360091,
        "building": "yes",
        "name": "",
        "is_residential": false
      }
    },
    {
      "type": "Feature",
      "geometry": {
        "type": "Polygon",
        "coordinates": [
          [
            [
              35.2573693,
              28.0235024
            ],
            [
              35.2573693,
              28.0235282
            ],
            [
              35.2574074,
              28.0236266
            ],
            [
              35.257148,
              28.0237048
            ],
            [
              35.2570635,
              28.0234866
            ],
            [
              35.2570635,
              28.0234817
            ],
            [
              35.2571362,
              28.0234598
            ],
            [
              35.2571487,
              28.0234598
            ],
            [
              35.2572663,
              28.0234243
            ],
            [
              35.2573245,
              28.0234243
            ],
            [
              35.2573022,
              28.023431
            ],
            [
              35.2573194,
              28.0234755
            ],
            [
              35.2572303,
              28.0235024
            ],
            [
              35.2573693,
              28.0235024
            ]
          ]
        ]
      },
      "properties": {
        "osm_id": 1217361054,
        "building": "yes",
        "name": "",
        "is_residential": false
      }
    },
    {
      "type": "Feature",
      "geometry": {
        "type": "Polygon",
        "coordinates": [
          [
            [
              35.2570151,
              28.0235181
            ],
            [
              35.2570728,
              28.0236499
            ],
            [
              35.2567766,
              28.0237511
            ],
            [
              35.2567188,
              28.0236193
            ],
            [
              35.2570151,
              28.0235181
            ]
          ]
        ]
      },
      "properties": {
        "osm_id": 1217361055,
        "building": "yes",
        "name": "",
        "is_residential": false
      }
    },
    {
      "type": "Feature",
      "geometry": {
        "type": "Polygon",
        "coordinates": [
          [
            [
              35.2571184,
              28.0237695
            ],
            [
              35.2568783,
              28.0238348
            ],
            [
              35.2568481,
              28.0237483
            ],
            [
              35.2570882,
              28.023683
            ],
            [
              35.2571184,
              28.0237695
            ]
          ]
        ]
      },
      "properties": {
        "osm_id": 1217361056,
        "building": "yes",
        "name": "",
        "is_residential": false
      }
    },
    {
      "type": "Feature",
      "geometry": {
        "type": "Polygon",
        "coordinates": [
          [
            [
              35.2572225,
              28.0239077
            ],
            [
              35.257357,
              28.0238707
            ],
            [
              35.2573738,
              28.0239182
            ],
            [
              35.2574692,
              28.023892
            ],
            [
              35.2575232,
              28.0240453
            ],
            [
              35.2574694,
              28.0240601
            ],
            [
              35.2574892,
              28.0241162
            ],
            [
              35.2575772,
              28.024092
            ],
            [
              35.2576,
              28.0241568
            ],
            [
              35.2574191,
              28.0242065
            ],
            [
              35.2573993,
              28.0241504
            ],
            [
              35.2574555,
              28.0241349
            ],
            [
              35.257451,
              28.024122
            ],
            [
              35.2573116,
              28.0241602
            ],
            [
              35.2572225,
              28.0239077
            ]
          ]
        ]
      },
      "properties": {
        "osm_id": 1217361057,
        "building": "yes",
        "name": "",
        "is_residential": false
      }
    },
    {
      "type": "Feature",
      "geometry": {
        "type": "Polygon",
        "coordinates": [
          [
            [
              35.2572423,
              28.0240461
            ],
            [
              35.2573258,
              28.0242435
            ],
            [
              35.2572283,
              28.0242756
            ],
            [
              35.2571449,
              28.0240781
            ],
            [
              35.2572423,
              28.0240461
            ]
          ]
        ]
      },
      "properties": {
        "osm_id": 1217361058,
        "building": "yes",
        "name": "",
        "is_residential": false
      }
    },
    {
      "type": "Feature",
      "geometry": {
        "type": "Polygon",
        "coordinates": [
          [
            [
              35.2572831,
              28.0238746
            ],
            [
              35.2572555,
              28.0238077
            ],
            [
              35.2574094,
              28.0237583
            ],
            [
              35.257437,
              28.0238252
            ],
            [
              35.2572831,
              28.0238746
            ]
          ]
        ]
      },
      "properties": {
        "osm_id": 1217361059,
        "building": "yes",
        "name": "",
        "is_residential": false
      }
    },
    {
      "type": "Feature",
      "geometry": {
        "type": "Polygon",
        "coordinates": [
          [
            [
              35.2478358,
              28.0267955
            ],
            [
              35.247945,
              28.0265989
            ],
            [
              35.2481439,
              28.026685
            ],
            [
              35.2480347,
              28.0268816
            ],
            [
              35.2478358,
              28.0267955
            ]
          ]
        ]
      },
      "properties": {
        "osm_id": 1217361083,
        "building": "yes",
        "name": "",
        "is_residential": false
      }
    },
    {
      "type": "Feature",
      "geometry": {
        "type": "Polygon",
        "coordinates": [
          [
            [
              35.2476494,
              28.0265855
            ],
            [
              35.2476698,
              28.0266386
            ],
            [
              35.2476073,
              28.0266573
            ],
            [
              35.2475868,
              28.0266042
            ],
            [
              35.2476494,
              28.0265855
            ]
          ]
        ]
      },
      "properties": {
        "osm_id": 1217361084,
        "building": "yes",
        "name": "",
        "is_residential": false
      }
    },
    {
      "type": "Feature",
      "geometry": {
        "type": "Polygon",
        "coordinates": [
          [
            [
              35.2446067,
              28.028112
            ],
            [
              35.2447636,
              28.0281546
            ],
            [
              35.2446958,
              28.0283493
            ],
            [
              35.2446566,
              28.0283386
            ],
            [
              35.244637,
              28.0283949
            ],
            [
              35.2448649,
              28.0284567
            ],
            [
              35.2448423,
              28.0285216
            ],
            [
              35.2447222,
              28.028489
            ],
            [
              35.2446793,
              28.0286123
            ],
            [
              35.2444458,
              28.0285464
            ],
            [
              35.2446067,
              28.028112
            ]
          ]
        ]
      },
      "properties": {
        "osm_id": 1217361196,
        "building": "yes",
        "name": "",
        "is_residential": false
      }
    },
    {
      "type": "Feature",
      "geometry": {
        "type": "Polygon",
        "coordinates": [
          [
            [
              35.2444877,
              28.0283387
            ],
            [
              35.2444007,
              28.0285542
            ],
            [
              35.244313,
              28.028528
            ],
            [
              35.244404,
              28.0283079
            ],
            [
              35.2444877,
              28.0283387
            ]
          ]
        ]
      },
      "properties": {
        "osm_id": 1217361197,
        "building": "yes",
        "name": "",
        "is_residential": false
      }
    },
    {
      "type": "Feature",
      "geometry": {
        "type": "Polygon",
        "coordinates": [
          [
            [
              35.2449641,
              28.0284694
            ],
            [
              35.2449378,
              28.0285317
            ],
            [
              35.2448813,
              28.0285131
            ],
            [
              35.2449076,
              28.0284507
            ],
            [
              35.2449641,
              28.0284694
            ]
          ]
        ]
      },
      "properties": {
        "osm_id": 1217361215,
        "building": "yes",
        "name": "",
        "is_residential": false
      }
    },
    {
      "type": "Feature",
      "geometry": {
        "type": "Polygon",
        "coordinates": [
          [
            [
              35.2449481,
              28.0285325
            ],
            [
              35.2449786,
              28.0284738
            ],
            [
              35.2450251,
              28.0284926
            ],
            [
              35.2449947,
              28.0285513
            ],
            [
              35.2449481,
              28.0285325
            ]
          ]
        ]
      },
      "properties": {
        "osm_id": 1217361216,
        "building": "yes",
        "name": "",
        "is_residential": false
      }
    },
    {
      "type": "Feature",
      "geometry": {
        "type": "Polygon",
        "coordinates": [
          [
            [
              35.248045,
              28.0283407
            ],
            [
              35.2479231,
              28.0283524
            ],
            [
              35.2479133,
              28.0282728
            ],
            [
              35.2480352,
              28.0282611
            ],
            [
              35.248045,
              28.0283407
            ]
          ]
        ]
      },
      "properties": {
        "osm_id": 1217361231,
        "building": "yes",
        "name": "",
        "is_residential": false
      }
    },
    {
      "type": "Feature",
      "geometry": {
        "type": "Polygon",
        "coordinates": [
          [
            [
              35.2467324,
              28.0293824
            ],
            [
              35.2468286,
              28.0293872
            ],
            [
              35.2468251,
              28.0294438
            ],
            [
              35.2467288,
              28.0294391
            ],
            [
              35.2467324,
              28.0293824
            ]
          ]
        ]
      },
      "properties": {
        "osm_id": 1217361503,
        "building": "yes",
        "name": "",
        "is_residential": false
      }
    },
    {
      "type": "Feature",
      "geometry": {
        "type": "Polygon",
        "coordinates": [
          [
            [
              35.2463299,
              28.0295074
            ],
            [
              35.2463348,
              28.0295303
            ],
            [
              35.2464371,
              28.0295131
            ],
            [
              35.2464603,
              28.0296204
            ],
            [
              35.2461627,
              28.0296705
            ],
            [
              35.2461498,
              28.0296111
            ],
            [
              35.246243,
              28.0295954
            ],
            [
              35.2462277,
              28.0295246
            ],
            [
              35.2463299,
              28.0295074
            ]
          ]
        ]
      },
      "properties": {
        "osm_id": 1217361504,
        "building": "yes",
        "name": "",
        "is_residential": false
      }
    },
    {
      "type": "Feature",
      "geometry": {
        "type": "Polygon",
        "coordinates": [
          [
            [
              35.2460849,
              28.0294035
            ],
            [
              35.2462007,
              28.0293859
            ],
            [
              35.246222,
              28.0294949
            ],
            [
              35.2461062,
              28.0295125
            ],
            [
              35.2460849,
              28.0294035
            ]
          ]
        ]
      },
      "properties": {
        "osm_id": 1217361505,
        "building": "yes",
        "name": "",
        "is_residential": false
      }
    },
    {
      "type": "Feature",
      "geometry": {
        "type": "Polygon",
        "coordinates": [
          [
            [
              35.2466621,
              28.0292355
            ],
            [
              35.2465615,
              28.029237
            ],
            [
              35.2465604,
              28.0291778
            ],
            [
              35.246661,
              28.0291763
            ],
            [
              35.2466621,
              28.0292355
            ]
          ]
        ]
      },
      "properties": {
        "osm_id": 1217361507,
        "building": "yes",
        "name": "",
        "is_residential": false
      }
    },
    {
      "type": "Feature",
      "geometry": {
        "type": "Polygon",
        "coordinates": [
          [
            [
              35.246518,
              28.029272
            ],
            [
              35.2464147,
              28.0292747
            ],
            [
              35.2464126,
              28.0292084
            ],
            [
              35.2465158,
              28.0292058
            ],
            [
              35.246518,
              28.029272
            ]
          ]
        ]
      },
      "properties": {
        "osm_id": 1217361508,
        "building": "yes",
        "name": "",
        "is_residential": false
      }
    },
    {
      "type": "Feature",
      "geometry": {
        "type": "Polygon",
        "coordinates": [
          [
            [
              35.2431666,
              28.0367932
            ],
            [
              35.2431994,
              28.0366968
            ],
            [
              35.2432486,
              28.0367099
            ],
            [
              35.2432624,
              28.0366694
            ],
            [
              35.2433892,
              28.036703
            ],
            [
              35.2433688,
              28.036763
            ],
            [
              35.2434081,
              28.0367734
            ],
            [
              35.2433845,
              28.0368429
            ],
            [
              35.2433402,
              28.0368312
            ],
            [
              35.2433269,
              28.0368703
            ],
            [
              35.2432039,
              28.0368377
            ],
            [
              35.2432147,
              28.036806
            ],
            [
              35.2431666,
              28.0367932
            ]
          ]
        ]
      },
      "properties": {
        "osm_id": 1217362914,
        "building": "yes",
        "name": "",
        "is_residential": false
      }
    },
    {
      "type": "Feature",
      "geometry": {
        "type": "Polygon",
        "coordinates": [
          [
            [
              35.2431205,
              28.0369144
            ],
            [
              35.2431822,
              28.0369258
            ],
            [
              35.2431908,
              28.0368895
            ],
            [
              35.2432267,
              28.0368962
            ],
            [
              35.2432348,
              28.0368621
            ],
            [
              35.2432848,
              28.0368714
            ],
            [
              35.2432778,
              28.0369009
            ],
            [
              35.2433075,
              28.0369064
            ],
            [
              35.2433026,
              28.0369268
            ],
            [
              35.2432923,
              28.0369249
            ],
            [
              35.2432832,
              28.0369634
            ],
            [
              35.243332,
              28.0369725
            ],
            [
              35.2433186,
              28.0370292
            ],
            [
              35.2432749,
              28.0370211
            ],
            [
              35.2432646,
              28.0370642
            ],
            [
              35.2431336,
              28.0370399
            ],
            [
              35.2431428,
              28.0370014
            ],
            [
              35.2431016,
              28.0369938
            ],
            [
              35.2431205,
              28.0369144
            ]
          ]
        ]
      },
      "properties": {
        "osm_id": 1217362915,
        "building": "yes",
        "name": "",
        "is_residential": false
      }
    },
    {
      "type": "Feature",
      "geometry": {
        "type": "Polygon",
        "coordinates": [
          [
            [
              35.2429359,
              28.0370324
            ],
            [
              35.2429134,
              28.0371351
            ],
            [
              35.2428293,
              28.0371208
            ],
            [
              35.2428518,
              28.0370181
            ],
            [
              35.2429359,
              28.0370324
            ]
          ]
        ]
      },
      "properties": {
        "osm_id": 1217362916,
        "building": "yes",
        "name": "",
        "is_residential": false
      }
    },
    {
      "type": "Feature",
      "geometry": {
        "type": "Polygon",
        "coordinates": [
          [
            [
              35.24376,
              28.0369965
            ],
            [
              35.2438066,
              28.0370139
            ],
            [
              35.2437541,
              28.0371237
            ],
            [
              35.2437075,
              28.0371063
            ],
            [
              35.24376,
              28.0369965
            ]
          ]
        ]
      },
      "properties": {
        "osm_id": 1217362917,
        "building": "yes",
        "name": "",
        "is_residential": false
      }
    },
    {
      "type": "Feature",
      "geometry": {
        "type": "Polygon",
        "coordinates": [
          [
            [
              35.2339714,
              28.022808
            ],
            [
              35.2340386,
              28.0229411
            ],
            [
              35.2337648,
              28.0230489
            ],
            [
              35.2336976,
              28.0229158
            ],
            [
              35.2339714,
              28.022808
            ]
          ]
        ]
      },
      "properties": {
        "osm_id": 1217365616,
        "building": "yes",
        "name": "",
        "is_residential": false
      }
    },
    {
      "type": "Feature",
      "geometry": {
        "type": "Polygon",
        "coordinates": [
          [
            [
              35.2333426,
              28.0226857
            ],
            [
              35.2334585,
              28.0226627
            ],
            [
              35.2334677,
              28.0226988
            ],
            [
              35.2333518,
              28.0227218
            ],
            [
              35.2333426,
              28.0226857
            ]
          ]
        ]
      },
      "properties": {
        "osm_id": 1217365617,
        "building": "yes",
        "name": "",
        "is_residential": false
      }
    },
    {
      "type": "Feature",
      "geometry": {
        "type": "Polygon",
        "coordinates": [
          [
            [
              35.2335544,
              28.0227791
            ],
            [
              35.2335094,
              28.0227924
            ],
            [
              35.2334691,
              28.0226859
            ],
            [
              35.233514,
              28.0226727
            ],
            [
              35.2335544,
              28.0227791
            ]
          ]
        ]
      },
      "properties": {
        "osm_id": 1217365618,
        "building": "yes",
        "name": "",
        "is_residential": false
      }
    },
    {
      "type": "Feature",
      "geometry": {
        "type": "Polygon",
        "coordinates": [
          [
            [
              35.2334016,
              28.0228298
            ],
            [
              35.2333606,
              28.0228419
            ],
            [
              35.2333211,
              28.0227375
            ],
            [
              35.2333622,
              28.0227254
            ],
            [
              35.2334016,
              28.0228298
            ]
          ]
        ]
      },
      "properties": {
        "osm_id": 1217365619,
        "building": "yes",
        "name": "",
        "is_residential": false
      }
    },
    {
      "type": "Feature",
      "geometry": {
        "type": "Polygon",
        "coordinates": [
          [
            [
              35.233801,
              28.0231067
            ],
            [
              35.2339221,
              28.023085
            ],
            [
              35.2339331,
              28.0231327
            ],
            [
              35.233812,
              28.0231544
            ],
            [
              35.233801,
              28.0231067
            ]
          ]
        ]
      },
      "properties": {
        "osm_id": 1217365620,
        "building": "yes",
        "name": "",
        "is_residential": false
      }
    },
    {
      "type": "Feature",
      "geometry": {
        "type": "Polygon",
        "coordinates": [
          [
            [
              35.2340068,
              28.0232333
            ],
            [
              35.2339642,
              28.0232367
            ],
            [
              35.2339561,
              28.0231568
            ],
            [
              35.2339986,
              28.0231535
            ],
            [
              35.2340068,
              28.0232333
            ]
          ]
        ]
      },
      "properties": {
        "osm_id": 1217365621,
        "building": "yes",
        "name": "",
        "is_residential": false
      }
    },
    {
      "type": "Feature",
      "geometry": {
        "type": "Polygon",
        "coordinates": [
          [
            [
              35.2343124,
              28.0232114
            ],
            [
              35.2343628,
              28.023202
            ],
            [
              35.234376,
              28.0232573
            ],
            [
              35.2344001,
              28.0232529
            ],
            [
              35.234413,
              28.0233073
            ],
            [
              35.2343386,
              28.0233211
            ],
            [
              35.2343124,
              28.0232114
            ]
          ]
        ]
      },
      "properties": {
        "osm_id": 1217365622,
        "building": "yes",
        "name": "",
        "is_residential": false
      }
    },
    {
      "type": "Feature",
      "geometry": {
        "type": "Polygon",
        "coordinates": [
          [
            [
              35.2344267,
              28.0231798
            ],
            [
              35.2343554,
              28.0231973
            ],
            [
              35.2343457,
              28.0231665
            ],
            [
              35.2344171,
              28.023149
            ],
            [
              35.2344267,
              28.0231798
            ]
          ]
        ]
      },
      "properties": {
        "osm_id": 1217365623,
        "building": "yes",
        "name": "",
        "is_residential": false
      }
    },
    {
      "type": "Feature",
      "geometry": {
        "type": "Polygon",
        "coordinates": [
          [
            [
              35.2343351,
              28.0231044
            ],
            [
              35.234378,
              28.0231031
            ],
            [
              35.2343801,
              28.0231575
            ],
            [
              35.2342997,
              28.02316
            ],
            [
              35.2342955,
              28.0230512
            ],
            [
              35.234333,
              28.02305
            ],
            [
              35.2343351,
              28.0231044
            ]
          ]
        ]
      },
      "properties": {
        "osm_id": 1217365624,
        "building": "yes",
        "name": "",
        "is_residential": false
      }
    },
    {
      "type": "Feature",
      "geometry": {
        "type": "Polygon",
        "coordinates": [
          [
            [
              35.2343193,
              28.0230089
            ],
            [
              35.234391,
              28.022995
            ],
            [
              35.2343988,
              28.0230266
            ],
            [
              35.2343272,
              28.0230405
            ],
            [
              35.2343193,
              28.0230089
            ]
          ]
        ]
      },
      "properties": {
        "osm_id": 1217365625,
        "building": "yes",
        "name": "",
        "is_residential": false
      }
    },
    {
      "type": "Feature",
      "geometry": {
        "type": "Polygon",
        "coordinates": [
          [
            [
              35.2342652,
              28.0228975
            ],
            [
              35.2343017,
              28.0228956
            ],
            [
              35.234305,
              28.0229461
            ],
            [
              35.2343478,
              28.0229439
            ],
            [
              35.2343516,
              28.023002
            ],
            [
              35.2342724,
              28.0230061
            ],
            [
              35.2342652,
              28.0228975
            ]
          ]
        ]
      },
      "properties": {
        "osm_id": 1217365626,
        "building": "yes",
        "name": "",
        "is_residential": false
      }
    },
    {
      "type": "Feature",
      "geometry": {
        "type": "Polygon",
        "coordinates": [
          [
            [
              35.2343272,
              28.0228554
            ],
            [
              35.2342532,
              28.0228663
            ],
            [
              35.2342318,
              28.0227535
            ],
            [
              35.2342772,
              28.0227468
            ],
            [
              35.234288,
              28.0228044
            ],
            [
              35.2343168,
              28.0228002
            ],
            [
              35.2343272,
              28.0228554
            ]
          ]
        ]
      },
      "properties": {
        "osm_id": 1217365627,
        "building": "yes",
        "name": "",
        "is_residential": false
      }
    },
    {
      "type": "Feature",
      "geometry": {
        "type": "Polygon",
        "coordinates": [
          [
            [
              35.2341693,
              28.0227636
            ],
            [
              35.2342087,
              28.0227584
            ],
            [
              35.2342279,
              28.0228719
            ],
            [
              35.2341518,
              28.022882
            ],
            [
              35.2341424,
              28.0228264
            ],
            [
              35.2341791,
              28.0228215
            ],
            [
              35.2341693,
              28.0227636
            ]
          ]
        ]
      },
      "properties": {
        "osm_id": 1217365628,
        "building": "yes",
        "name": "",
        "is_residential": false
      }
    },
    {
      "type": "Feature",
      "geometry": {
        "type": "Polygon",
        "coordinates": [
          [
            [
              35.2344581,
              28.022774
            ],
            [
              35.2344464,
              28.0227157
            ],
            [
              35.2344802,
              28.0227104
            ],
            [
              35.2345023,
              28.0228206
            ],
            [
              35.2344311,
              28.0228317
            ],
            [
              35.2344207,
              28.0227798
            ],
            [
              35.2344581,
              28.022774
            ]
          ]
        ]
      },
      "properties": {
        "osm_id": 1217365629,
        "building": "yes",
        "name": "",
        "is_residential": false
      }
    },
    {
      "type": "Feature",
      "geometry": {
        "type": "Polygon",
        "coordinates": [
          [
            [
              35.2351182,
              28.0231969
            ],
            [
              35.2350183,
              28.0226529
            ],
            [
              35.2352003,
              28.0226268
            ],
            [
              35.2353004,
              28.0231708
            ],
            [
              35.2351182,
              28.0231969
            ]
          ]
        ]
      },
      "properties": {
        "osm_id": 1217365634,
        "building": "yes",
        "name": "",
        "is_residential": false
      }
    },
    {
      "type": "Feature",
      "geometry": {
        "type": "Polygon",
        "coordinates": [
          [
            [
              35.2345051,
              28.0232396
            ],
            [
              35.2345438,
              28.0232327
            ],
            [
              35.2345316,
              28.0231794
            ],
            [
              35.2345719,
              28.0231723
            ],
            [
              35.2345966,
              28.0232801
            ],
            [
              35.2345176,
              28.0232942
            ],
            [
              35.2345051,
              28.0232396
            ]
          ]
        ]
      },
      "properties": {
        "osm_id": 1217365635,
        "building": "yes",
        "name": "",
        "is_residential": false
      }
    },
    {
      "type": "Feature",
      "geometry": {
        "type": "Polygon",
        "coordinates": [
          [
            [
              35.2345918,
              28.0231708
            ],
            [
              35.2346641,
              28.0231606
            ],
            [
              35.2346743,
              28.0232169
            ],
            [
              35.2346361,
              28.0232223
            ],
            [
              35.2346455,
              28.0232745
            ],
            [
              35.2346115,
              28.0232793
            ],
            [
              35.2345918,
              28.0231708
            ]
          ]
        ]
      },
      "properties": {
        "osm_id": 1217365636,
        "building": "yes",
        "name": "",
        "is_residential": false
      }
    },
    {
      "type": "Feature",
      "geometry": {
        "type": "Polygon",
        "coordinates": [
          [
            [
              35.2345049,
              28.0230259
            ],
            [
              35.2345354,
              28.0230219
            ],
            [
              35.2345529,
              28.0231272
            ],
            [
              35.2344856,
              28.0231359
            ],
            [
              35.2344767,
              28.0230825
            ],
            [
              35.2345135,
              28.0230778
            ],
            [
              35.2345049,
              28.0230259
            ]
          ]
        ]
      },
      "properties": {
        "osm_id": 1217365637,
        "building": "yes",
        "name": "",
        "is_residential": false
      }
    },
    {
      "type": "Feature",
      "geometry": {
        "type": "Polygon",
        "coordinates": [
          [
            [
              35.2345635,
              28.0230162
            ],
            [
              35.2346343,
              28.0230067
            ],
            [
              35.2346438,
              28.0230622
            ],
            [
              35.2346071,
              28.0230672
            ],
            [
              35.2346151,
              28.0231135
            ],
            [
              35.234581,
              28.023118
            ],
            [
              35.2345635,
              28.0230162
            ]
          ]
        ]
      },
      "properties": {
        "osm_id": 1217365638,
        "building": "yes",
        "name": "",
        "is_residential": false
      }
    },
    {
      "type": "Feature",
      "geometry": {
        "type": "Polygon",
        "coordinates": [
          [
            [
              35.2344491,
              28.0229279
            ],
            [
              35.2344833,
              28.0229238
            ],
            [
              35.2344755,
              28.0228726
            ],
            [
              35.2345098,
              28.0228686
            ],
            [
              35.2345261,
              28.0229755
            ],
            [
              35.2344576,
              28.0229837
            ],
            [
              35.2344491,
              28.0229279
            ]
          ]
        ]
      },
      "properties": {
        "osm_id": 1217365639,
        "building": "yes",
        "name": "",
        "is_residential": false
      }
    },
    {
      "type": "Feature",
      "geometry": {
        "type": "Polygon",
        "coordinates": [
          [
            [
              35.2346035,
              28.0228528
            ],
            [
              35.2346162,
              28.0229048
            ],
            [
              35.2345752,
              28.0229127
            ],
            [
              35.2345874,
              28.0229624
            ],
            [
              35.2345576,
              28.0229681
            ],
            [
              35.2345327,
              28.0228663
            ],
            [
              35.2346035,
              28.0228528
            ]
          ]
        ]
      },
      "properties": {
        "osm_id": 1217365640,
        "building": "yes",
        "name": "",
        "is_residential": false
      }
    },
    {
      "type": "Feature",
      "geometry": {
        "type": "Polygon",
        "coordinates": [
          [
            [
              35.2346447,
              28.022952
            ],
            [
              35.2346455,
              28.0229789
            ],
            [
              35.2345929,
              28.0229803
            ],
            [
              35.2345921,
              28.0229533
            ],
            [
              35.2346447,
              28.022952
            ]
          ]
        ]
      },
      "properties": {
        "osm_id": 1217365641,
        "building": "yes",
        "name": "",
        "is_residential": false
      }
    },
    {
      "type": "Feature",
      "geometry": {
        "type": "Polygon",
        "coordinates": [
          [
            [
              35.2347837,
              28.0224241
            ],
            [
              35.23479,
              28.0223788
            ],
            [
              35.2348967,
              28.0223903
            ],
            [
              35.2348904,
              28.0224356
            ],
            [
              35.2347837,
              28.0224241
            ]
          ]
        ]
      },
      "properties": {
        "osm_id": 1217365642,
        "building": "yes",
        "name": "",
        "is_residential": false
      }
    },
    {
      "type": "Feature",
      "geometry": {
        "type": "Polygon",
        "coordinates": [
          [
            [
              35.2350323,
              28.022412
            ],
            [
              35.2350255,
              28.0224562
            ],
            [
              35.2349027,
              28.0224416
            ],
            [
              35.2349095,
              28.0223974
            ],
            [
              35.2350323,
              28.022412
            ]
          ]
        ]
      },
      "properties": {
        "osm_id": 1217365643,
        "building": "yes",
        "name": "",
        "is_residential": false
      }
    },
    {
      "type": "Feature",
      "geometry": {
        "type": "Polygon",
        "coordinates": [
          [
            [
              35.2347083,
              28.0223768
            ],
            [
              35.2347037,
              28.022407
            ],
            [
              35.2345852,
              28.0223929
            ],
            [
              35.2345898,
              28.0223626
            ],
            [
              35.2347083,
              28.0223768
            ]
          ]
        ]
      },
      "properties": {
        "osm_id": 1217365644,
        "building": "yes",
        "name": "",
        "is_residential": false
      }
    },
    {
      "type": "Feature",
      "geometry": {
        "type": "Polygon",
        "coordinates": [
          [
            [
              35.2344458,
              28.0223441
            ],
            [
              35.2345662,
              28.0223495
            ],
            [
              35.2345643,
              28.0223835
            ],
            [
              35.2344439,
              28.0223781
            ],
            [
              35.2344458,
              28.0223441
            ]
          ]
        ]
      },
      "properties": {
        "osm_id": 1217365645,
        "building": "yes",
        "name": "",
        "is_residential": false
      }
    },
    {
      "type": "Feature",
      "geometry": {
        "type": "Polygon",
        "coordinates": [
          [
            [
              35.2343126,
              28.0223168
            ],
            [
              35.234433,
              28.0223222
            ],
            [
              35.234431,
              28.0223562
            ],
            [
              35.2343106,
              28.0223508
            ],
            [
              35.2343126,
              28.0223168
            ]
          ]
        ]
      },
      "properties": {
        "osm_id": 1217365646,
        "building": "yes",
        "name": "",
        "is_residential": false
      }
    },
    {
      "type": "Feature",
      "geometry": {
        "type": "Polygon",
        "coordinates": [
          [
            [
              35.2341621,
              28.0222946
            ],
            [
              35.2342825,
              28.0223
            ],
            [
              35.2342806,
              28.022334
            ],
            [
              35.2341602,
              28.0223286
            ],
            [
              35.2341621,
              28.0222946
            ]
          ]
        ]
      },
      "properties": {
        "osm_id": 1217365647,
        "building": "yes",
        "name": "",
        "is_residential": false
      }
    },
    {
      "type": "Feature",
      "geometry": {
        "type": "Polygon",
        "coordinates": [
          [
            [
              35.234015,
              28.0222677
            ],
            [
              35.2340093,
              28.0223178
            ],
            [
              35.2339074,
              28.0223088
            ],
            [
              35.2339131,
              28.0222587
            ],
            [
              35.234015,
              28.0222677
            ]
          ]
        ]
      },
      "properties": {
        "osm_id": 1217365648,
        "building": "yes",
        "name": "",
        "is_residential": false
      }
    },
    {
      "type": "Feature",
      "geometry": {
        "type": "Polygon",
        "coordinates": [
          [
            [
              35.2336224,
              28.0224877
            ],
            [
              35.2336731,
              28.0224556
            ],
            [
              35.2337378,
              28.0225354
            ],
            [
              35.2336871,
              28.0225675
            ],
            [
              35.2336224,
              28.0224877
            ]
          ]
        ]
      },
      "properties": {
        "osm_id": 1217365649,
        "building": "yes",
        "name": "",
        "is_residential": false
      }
    },
    {
      "type": "Feature",
      "geometry": {
        "type": "Polygon",
        "coordinates": [
          [
            [
              35.2336033,
              28.0225879
            ],
            [
              35.2334968,
              28.0226534
            ],
            [
              35.2334724,
              28.0226226
            ],
            [
              35.2335789,
              28.022557
            ],
            [
              35.2336033,
              28.0225879
            ]
          ]
        ]
      },
      "properties": {
        "osm_id": 1217365650,
        "building": "yes",
        "name": "",
        "is_residential": false
      }
    },
    {
      "type": "Feature",
      "geometry": {
        "type": "Polygon",
        "coordinates": [
          [
            [
              35.2353548,
              28.0224185
            ],
            [
              35.2353568,
              28.0224763
            ],
            [
              35.2353032,
              28.0224777
            ],
            [
              35.2353012,
              28.02242
            ],
            [
              35.2353548,
              28.0224185
            ]
          ]
        ]
      },
      "properties": {
        "osm_id": 1217365651,
        "building": "yes",
        "name": "",
        "is_residential": false
      }
    },
    {
      "type": "Feature",
      "geometry": {
        "type": "Polygon",
        "coordinates": [
          [
            [
              35.2355128,
              28.0224631
            ],
            [
              35.2354046,
              28.0224755
            ],
            [
              35.235397,
              28.0224233
            ],
            [
              35.2355051,
              28.0224109
            ],
            [
              35.2355128,
              28.0224631
            ]
          ]
        ]
      },
      "properties": {
        "osm_id": 1217365652,
        "building": "yes",
        "name": "",
        "is_residential": false
      }
    },
    {
      "type": "Feature",
      "geometry": {
        "type": "Polygon",
        "coordinates": [
          [
            [
              35.2356054,
              28.0221968
            ],
            [
              35.2357196,
              28.0222328
            ],
            [
              35.2356899,
              28.0223063
            ],
            [
              35.2355757,
              28.0222703
            ],
            [
              35.2356054,
              28.0221968
            ]
          ]
        ]
      },
      "properties": {
        "osm_id": 1217365653,
        "building": "yes",
        "name": "",
        "is_residential": false
      }
    },
    {
      "type": "Feature",
      "geometry": {
        "type": "Polygon",
        "coordinates": [
          [
            [
              35.2359645,
              28.0220264
            ],
            [
              35.2359626,
              28.0220723
            ],
            [
              35.2358002,
              28.022067
            ],
            [
              35.2358022,
              28.022021
            ],
            [
              35.2359645,
              28.0220264
            ]
          ]
        ]
      },
      "properties": {
        "osm_id": 1217365654,
        "building": "yes",
        "name": "",
        "is_residential": false
      }
    },
    {
      "type": "Feature",
      "geometry": {
        "type": "Polygon",
        "coordinates": [
          [
            [
              35.2359395,
              28.0220179
            ],
            [
              35.2358307,
              28.0220151
            ],
            [
              35.2358385,
              28.0217822
            ],
            [
              35.2359473,
              28.0217851
            ],
            [
              35.2359395,
              28.0220179
            ]
          ]
        ]
      },
      "properties": {
        "osm_id": 1217365655,
        "building": "yes",
        "name": "",
        "is_residential": false
      }
    },
    {
      "type": "Feature",
      "geometry": {
        "type": "Polygon",
        "coordinates": [
          [
            [
              35.2361713,
              28.0218661
            ],
            [
              35.2361592,
              28.0222067
            ],
            [
              35.2360333,
              28.0222032
            ],
            [
              35.2360467,
              28.0218248
            ],
            [
              35.236088,
              28.0218259
            ],
            [
              35.2360867,
              28.0218638
            ],
            [
              35.2361713,
              28.0218661
            ]
          ]
        ]
      },
      "properties": {
        "osm_id": 1217365656,
        "building": "yes",
        "name": "",
        "is_residential": false
      }
    },
    {
      "type": "Feature",
      "geometry": {
        "type": "Polygon",
        "coordinates": [
          [
            [
              35.2359772,
              28.0224034
            ],
            [
              35.2358777,
              28.022417
            ],
            [
              35.2358716,
              28.0223823
            ],
            [
              35.2359711,
              28.0223687
            ],
            [
              35.2359772,
              28.0224034
            ]
          ]
        ]
      },
      "properties": {
        "osm_id": 1217365657,
        "building": "yes",
        "name": "",
        "is_residential": false
      }
    },
    {
      "type": "Feature",
      "geometry": {
        "type": "Polygon",
        "coordinates": [
          [
            [
              35.2362452,
              28.0220963
            ],
            [
              35.2362529,
              28.0218113
            ],
            [
              35.2364121,
              28.0218146
            ],
            [
              35.2364044,
              28.0220996
            ],
            [
              35.2362452,
              28.0220963
            ]
          ]
        ]
      },
      "properties": {
        "osm_id": 1217365659,
        "building": "yes",
        "name": "",
        "is_residential": false
      }
    },
    {
      "type": "Feature",
      "geometry": {
        "type": "Polygon",
        "coordinates": [
          [
            [
              35.2365144,
              28.0220385
            ],
            [
              35.2365175,
              28.0219547
            ],
            [
              35.2366515,
              28.0219586
            ],
            [
              35.2366484,
              28.0220424
            ],
            [
              35.2365144,
              28.0220385
            ]
          ]
        ]
      },
      "properties": {
        "osm_id": 1217365660,
        "building": "yes",
        "name": "",
        "is_residential": false
      }
    },
    {
      "type": "Feature",
      "geometry": {
        "type": "Polygon",
        "coordinates": [
          [
            [
              35.2366342,
              28.0221765
            ],
            [
              35.236631,
              28.0222616
            ],
            [
              35.236505,
              28.0222579
            ],
            [
              35.2365083,
              28.0221728
            ],
            [
              35.2366342,
              28.0221765
            ]
          ]
        ]
      },
      "properties": {
        "osm_id": 1217365661,
        "building": "yes",
        "name": "",
        "is_residential": false
      }
    },
    {
      "type": "Feature",
      "geometry": {
        "type": "Polygon",
        "coordinates": [
          [
            [
              35.2365008,
              28.022174
            ],
            [
              35.2365025,
              28.0222321
            ],
            [
              35.2364553,
              28.0222331
            ],
            [
              35.2364536,
              28.022175
            ],
            [
              35.2365008,
              28.022174
            ]
          ]
        ]
      },
      "properties": {
        "osm_id": 1217365662,
        "building": "yes",
        "name": "",
        "is_residential": false
      }
    },
    {
      "type": "Feature",
      "geometry": {
        "type": "Polygon",
        "coordinates": [
          [
            [
              35.2364017,
              28.022325
            ],
            [
              35.2362982,
              28.0223345
            ],
            [
              35.2362933,
              28.0222923
            ],
            [
              35.2363968,
              28.0222828
            ],
            [
              35.2364017,
              28.022325
            ]
          ]
        ]
      },
      "properties": {
        "osm_id": 1217365996,
        "building": "yes",
        "name": "",
        "is_residential": false
      }
    },
    {
      "type": "Feature",
      "geometry": {
        "type": "Polygon",
        "coordinates": [
          [
            [
              35.2364637,
              28.0224981
            ],
            [
              35.2364213,
              28.0225022
            ],
            [
              35.2364076,
              28.0223898
            ],
            [
              35.23645,
              28.0223858
            ],
            [
              35.2364637,
              28.0224981
            ]
          ]
        ]
      },
      "properties": {
        "osm_id": 1217365997,
        "building": "yes",
        "name": "",
        "is_residential": false
      }
    },
    {
      "type": "Feature",
      "geometry": {
        "type": "Polygon",
        "coordinates": [
          [
            [
              35.2365264,
              28.0224879
            ],
            [
              35.2364845,
              28.0224937
            ],
            [
              35.2364643,
              28.0223805
            ],
            [
              35.2365062,
              28.0223747
            ],
            [
              35.2365264,
              28.0224879
            ]
          ]
        ]
      },
      "properties": {
        "osm_id": 1217365998,
        "building": "yes",
        "name": "",
        "is_residential": false
      }
    },
    {
      "type": "Feature",
      "geometry": {
        "type": "Polygon",
        "coordinates": [
          [
            [
              35.2364271,
              28.0225129
            ],
            [
              35.2364697,
              28.02251
            ],
            [
              35.2364796,
              28.0226217
            ],
            [
              35.2364369,
              28.0226246
            ],
            [
              35.2364271,
              28.0225129
            ]
          ]
        ]
      },
      "properties": {
        "osm_id": 1217365999,
        "building": "yes",
        "name": "",
        "is_residential": false
      }
    },
    {
      "type": "Feature",
      "geometry": {
        "type": "Polygon",
        "coordinates": [
          [
            [
              35.2363306,
              28.0225112
            ],
            [
              35.2362884,
              28.0225168
            ],
            [
              35.2362695,
              28.0224051
            ],
            [
              35.2363117,
              28.0223995
            ],
            [
              35.2363306,
              28.0225112
            ]
          ]
        ]
      },
      "properties": {
        "osm_id": 1217366000,
        "building": "yes",
        "name": "",
        "is_residential": false
      }
    },
    {
      "type": "Feature",
      "geometry": {
        "type": "Polygon",
        "coordinates": [
          [
            [
              35.236359,
              28.0226425
            ],
            [
              35.2363168,
              28.022648
            ],
            [
              35.2362978,
              28.0225363
            ],
            [
              35.23634,
              28.0225307
            ],
            [
              35.236359,
              28.0226425
            ]
          ]
        ]
      },
      "properties": {
        "osm_id": 1217366001,
        "building": "yes",
        "name": "",
        "is_residential": false
      }
    },
    {
      "type": "Feature",
      "geometry": {
        "type": "Polygon",
        "coordinates": [
          [
            [
              35.2363802,
              28.0227581
            ],
            [
              35.236338,
              28.0227636
            ],
            [
              35.236319,
              28.0226519
            ],
            [
              35.2363612,
              28.0226463
            ],
            [
              35.2363802,
              28.0227581
            ]
          ]
        ]
      },
      "properties": {
        "osm_id": 1217366002,
        "building": "yes",
        "name": "",
        "is_residential": false
      }
    },
    {
      "type": "Feature",
      "geometry": {
        "type": "Polygon",
        "coordinates": [
          [
            [
              35.236405,
              28.022883
            ],
            [
              35.2363628,
              28.0228886
            ],
            [
              35.2363438,
              28.0227769
            ],
            [
              35.236386,
              28.0227713
            ],
            [
              35.236405,
              28.022883
            ]
          ]
        ]
      },
      "properties": {
        "osm_id": 1217366003,
        "building": "yes",
        "name": "",
        "is_residential": false
      }
    },
    {
      "type": "Feature",
      "geometry": {
        "type": "Polygon",
        "coordinates": [
          [
            [
              35.2364297,
              28.0230049
            ],
            [
              35.2363875,
              28.0230105
            ],
            [
              35.2363686,
              28.0228987
            ],
            [
              35.2364108,
              28.0228931
            ],
            [
              35.2364297,
              28.0230049
            ]
          ]
        ]
      },
      "properties": {
        "osm_id": 1217366004,
        "building": "yes",
        "name": "",
        "is_residential": false
      }
    },
    {
      "type": "Feature",
      "geometry": {
        "type": "Polygon",
        "coordinates": [
          [
            [
              35.236366,
              28.0230142
            ],
            [
              35.2363238,
              28.0230198
            ],
            [
              35.2363049,
              28.0229081
            ],
            [
              35.2363471,
              28.0229025
            ],
            [
              35.236366,
              28.0230142
            ]
          ]
        ]
      },
      "properties": {
        "osm_id": 1217366005,
        "building": "yes",
        "name": "",
        "is_residential": false
      }
    },
    {
      "type": "Feature",
      "geometry": {
        "type": "Polygon",
        "coordinates": [
          [
            [
              35.2363413,
              28.0228893
            ],
            [
              35.2362991,
              28.0228949
            ],
            [
              35.2362801,
              28.0227831
            ],
            [
              35.2363223,
              28.0227775
            ],
            [
              35.2363413,
              28.0228893
            ]
          ]
        ]
      },
      "properties": {
        "osm_id": 1217366006,
        "building": "yes",
        "name": "",
        "is_residential": false
      }
    },
    {
      "type": "Feature",
      "geometry": {
        "type": "Polygon",
        "coordinates": [
          [
            [
              35.23632,
              28.0227674
            ],
            [
              35.2362778,
              28.022773
            ],
            [
              35.2362589,
              28.0226613
            ],
            [
              35.2363011,
              28.0226557
            ],
            [
              35.23632,
              28.0227674
            ]
          ]
        ]
      },
      "properties": {
        "osm_id": 1217366007,
        "building": "yes",
        "name": "",
        "is_residential": false
      }
    },
    {
      "type": "Feature",
      "geometry": {
        "type": "Polygon",
        "coordinates": [
          [
            [
              35.2362917,
              28.0226487
            ],
            [
              35.2362495,
              28.0226543
            ],
            [
              35.2362305,
              28.0225425
            ],
            [
              35.2362727,
              28.0225369
            ],
            [
              35.2362917,
              28.0226487
            ]
          ]
        ]
      },
      "properties": {
        "osm_id": 1217366008,
        "building": "yes",
        "name": "",
        "is_residential": false
      }
    },
    {
      "type": "Feature",
      "geometry": {
        "type": "Polygon",
        "coordinates": [
          [
            [
              35.2362705,
              28.0225206
            ],
            [
              35.2362283,
              28.0225262
            ],
            [
              35.2362093,
              28.0224144
            ],
            [
              35.2362515,
              28.0224089
            ],
            [
              35.2362705,
              28.0225206
            ]
          ]
        ]
      },
      "properties": {
        "osm_id": 1217366009,
        "building": "yes",
        "name": "",
        "is_residential": false
      }
    },
    {
      "type": "Feature",
      "geometry": {
        "type": "Polygon",
        "coordinates": [
          [
            [
              35.2361378,
              28.0225425
            ],
            [
              35.2360956,
              28.0225481
            ],
            [
              35.2360766,
              28.0224363
            ],
            [
              35.2361188,
              28.0224307
            ],
            [
              35.2361378,
              28.0225425
            ]
          ]
        ]
      },
      "properties": {
        "osm_id": 1217366010,
        "building": "yes",
        "name": "",
        "is_residential": false
      }
    },
    {
      "type": "Feature",
      "geometry": {
        "type": "Polygon",
        "coordinates": [
          [
            [
              35.236159,
              28.0226706
            ],
            [
              35.2361168,
              28.0226762
            ],
            [
              35.2360978,
              28.0225644
            ],
            [
              35.23614,
              28.0225588
            ],
            [
              35.236159,
              28.0226706
            ]
          ]
        ]
      },
      "properties": {
        "osm_id": 1217366011,
        "building": "yes",
        "name": "",
        "is_residential": false
      }
    },
    {
      "type": "Feature",
      "geometry": {
        "type": "Polygon",
        "coordinates": [
          [
            [
              35.2361873,
              28.0227893
            ],
            [
              35.2361451,
              28.0227949
            ],
            [
              35.2361261,
              28.0226831
            ],
            [
              35.2361683,
              28.0226775
            ],
            [
              35.2361873,
              28.0227893
            ]
          ]
        ]
      },
      "properties": {
        "osm_id": 1217366012,
        "building": "yes",
        "name": "",
        "is_residential": false
      }
    },
    {
      "type": "Feature",
      "geometry": {
        "type": "Polygon",
        "coordinates": [
          [
            [
              35.2362085,
              28.0229111
            ],
            [
              35.2361663,
              28.0229167
            ],
            [
              35.2361474,
              28.022805
            ],
            [
              35.2361896,
              28.0227994
            ],
            [
              35.2362085,
              28.0229111
            ]
          ]
        ]
      },
      "properties": {
        "osm_id": 1217366013,
        "building": "yes",
        "name": "",
        "is_residential": false
      }
    },
    {
      "type": "Feature",
      "geometry": {
        "type": "Polygon",
        "coordinates": [
          [
            [
              35.2362333,
              28.0230361
            ],
            [
              35.2361911,
              28.0230417
            ],
            [
              35.2361721,
              28.0229299
            ],
            [
              35.2362143,
              28.0229244
            ],
            [
              35.2362333,
              28.0230361
            ]
          ]
        ]
      },
      "properties": {
        "osm_id": 1217366014,
        "building": "yes",
        "name": "",
        "is_residential": false
      }
    },
    {
      "type": "Feature",
      "geometry": {
        "type": "Polygon",
        "coordinates": [
          [
            [
              35.2360741,
              28.0225487
            ],
            [
              35.2360319,
              28.0225543
            ],
            [
              35.2360129,
              28.0224426
            ],
            [
              35.2360551,
              28.022437
            ],
            [
              35.2360741,
              28.0225487
            ]
          ]
        ]
      },
      "properties": {
        "osm_id": 1217366015,
        "building": "yes",
        "name": "",
        "is_residential": false
      }
    },
    {
      "type": "Feature",
      "geometry": {
        "type": "Polygon",
        "coordinates": [
          [
            [
              35.2360953,
              28.0226768
            ],
            [
              35.2360531,
              28.0226824
            ],
            [
              35.2360341,
              28.0225707
            ],
            [
              35.2360763,
              28.0225651
            ],
            [
              35.2360953,
              28.0226768
            ]
          ]
        ]
      },
      "properties": {
        "osm_id": 1217366016,
        "building": "yes",
        "name": "",
        "is_residential": false
      }
    },
    {
      "type": "Feature",
      "geometry": {
        "type": "Polygon",
        "coordinates": [
          [
            [
              35.2361236,
              28.0227955
            ],
            [
              35.2360814,
              28.0228011
            ],
            [
              35.2360624,
              28.0226894
            ],
            [
              35.2361046,
              28.0226838
            ],
            [
              35.2361236,
              28.0227955
            ]
          ]
        ]
      },
      "properties": {
        "osm_id": 1217366017,
        "building": "yes",
        "name": "",
        "is_residential": false
      }
    },
    {
      "type": "Feature",
      "geometry": {
        "type": "Polygon",
        "coordinates": [
          [
            [
              35.2361448,
              28.0229174
            ],
            [
              35.2361026,
              28.022923
            ],
            [
              35.2360837,
              28.0228112
            ],
            [
              35.2361259,
              28.0228056
            ],
            [
              35.2361448,
              28.0229174
            ]
          ]
        ]
      },
      "properties": {
        "osm_id": 1217366018,
        "building": "yes",
        "name": "",
        "is_residential": false
      }
    },
    {
      "type": "Feature",
      "geometry": {
        "type": "Polygon",
        "coordinates": [
          [
            [
              35.2361696,
              28.0230424
            ],
            [
              35.2361274,
              28.0230479
            ],
            [
              35.2361084,
              28.0229362
            ],
            [
              35.2361506,
              28.0229306
            ],
            [
              35.2361696,
              28.0230424
            ]
          ]
        ]
      },
      "properties": {
        "osm_id": 1217366019,
        "building": "yes",
        "name": "",
        "is_residential": false
      }
    },
    {
      "type": "Feature",
      "geometry": {
        "type": "Polygon",
        "coordinates": [
          [
            [
              35.2359396,
              28.0225706
            ],
            [
              35.2358974,
              28.0225762
            ],
            [
              35.2358784,
              28.0224644
            ],
            [
              35.2359206,
              28.0224588
            ],
            [
              35.2359396,
              28.0225706
            ]
          ]
        ]
      },
      "properties": {
        "osm_id": 1217366020,
        "building": "yes",
        "name": "",
        "is_residential": false
      }
    },
    {
      "type": "Feature",
      "geometry": {
        "type": "Polygon",
        "coordinates": [
          [
            [
              35.2359608,
              28.0226987
            ],
            [
              35.2359186,
              28.0227043
            ],
            [
              35.2358996,
              28.0225925
            ],
            [
              35.2359418,
              28.0225869
            ],
            [
              35.2359608,
              28.0226987
            ]
          ]
        ]
      },
      "properties": {
        "osm_id": 1217366021,
        "building": "yes",
        "name": "",
        "is_residential": false
      }
    },
    {
      "type": "Feature",
      "geometry": {
        "type": "Polygon",
        "coordinates": [
          [
            [
              35.2359891,
              28.0228174
            ],
            [
              35.2359469,
              28.022823
            ],
            [
              35.2359279,
              28.0227112
            ],
            [
              35.2359701,
              28.0227057
            ],
            [
              35.2359891,
              28.0228174
            ]
          ]
        ]
      },
      "properties": {
        "osm_id": 1217366022,
        "building": "yes",
        "name": "",
        "is_residential": false
      }
    },
    {
      "type": "Feature",
      "geometry": {
        "type": "Polygon",
        "coordinates": [
          [
            [
              35.2360103,
              28.0229393
            ],
            [
              35.2359681,
              28.0229448
            ],
            [
              35.2359492,
              28.0228331
            ],
            [
              35.2359914,
              28.0228275
            ],
            [
              35.2360103,
              28.0229393
            ]
          ]
        ]
      },
      "properties": {
        "osm_id": 1217366023,
        "building": "yes",
        "name": "",
        "is_residential": false
      }
    },
    {
      "type": "Feature",
      "geometry": {
        "type": "Polygon",
        "coordinates": [
          [
            [
              35.2360351,
              28.0230642
            ],
            [
              35.2359929,
              28.0230698
            ],
            [
              35.2359739,
              28.0229581
            ],
            [
              35.2360161,
              28.0229525
            ],
            [
              35.2360351,
              28.0230642
            ]
          ]
        ]
      },
      "properties": {
        "osm_id": 1217366024,
        "building": "yes",
        "name": "",
        "is_residential": false
      }
    },
    {
      "type": "Feature",
      "geometry": {
        "type": "Polygon",
        "coordinates": [
          [
            [
              35.2358759,
              28.0225768
            ],
            [
              35.2358337,
              28.0225824
            ],
            [
              35.2358147,
              28.0224707
            ],
            [
              35.2358569,
              28.0224651
            ],
            [
              35.2358759,
              28.0225768
            ]
          ]
        ]
      },
      "properties": {
        "osm_id": 1217366025,
        "building": "yes",
        "name": "",
        "is_residential": false
      }
    },
    {
      "type": "Feature",
      "geometry": {
        "type": "Polygon",
        "coordinates": [
          [
            [
              35.2358971,
              28.0227049
            ],
            [
              35.2358549,
              28.0227105
            ],
            [
              35.2358359,
              28.0225988
            ],
            [
              35.2358781,
              28.0225932
            ],
            [
              35.2358971,
              28.0227049
            ]
          ]
        ]
      },
      "properties": {
        "osm_id": 1217366026,
        "building": "yes",
        "name": "",
        "is_residential": false
      }
    },
    {
      "type": "Feature",
      "geometry": {
        "type": "Polygon",
        "coordinates": [
          [
            [
              35.2359254,
              28.0228237
            ],
            [
              35.2358832,
              28.0228292
            ],
            [
              35.2358642,
              28.0227175
            ],
            [
              35.2359064,
              28.0227119
            ],
            [
              35.2359254,
              28.0228237
            ]
          ]
        ]
      },
      "properties": {
        "osm_id": 1217366027,
        "building": "yes",
        "name": "",
        "is_residential": false
      }
    },
    {
      "type": "Feature",
      "geometry": {
        "type": "Polygon",
        "coordinates": [
          [
            [
              35.2359466,
              28.0229455
            ],
            [
              35.2359044,
              28.0229511
            ],
            [
              35.2358855,
              28.0228393
            ],
            [
              35.2359277,
              28.0228338
            ],
            [
              35.2359466,
              28.0229455
            ]
          ]
        ]
      },
      "properties": {
        "osm_id": 1217366028,
        "building": "yes",
        "name": "",
        "is_residential": false
      }
    },
    {
      "type": "Feature",
      "geometry": {
        "type": "Polygon",
        "coordinates": [
          [
            [
              35.2359714,
              28.0230705
            ],
            [
              35.2359292,
              28.0230761
            ],
            [
              35.2359102,
              28.0229643
            ],
            [
              35.2359524,
              28.0229587
            ],
            [
              35.2359714,
              28.0230705
            ]
          ]
        ]
      },
      "properties": {
        "osm_id": 1217366029,
        "building": "yes",
        "name": "",
        "is_residential": false
      }
    },
    {
      "type": "Feature",
      "geometry": {
        "type": "Polygon",
        "coordinates": [
          [
            [
              35.2357414,
              28.0225987
            ],
            [
              35.2356992,
              28.0226043
            ],
            [
              35.2356802,
              28.0224925
            ],
            [
              35.2357224,
              28.022487
            ],
            [
              35.2357414,
              28.0225987
            ]
          ]
        ]
      },
      "properties": {
        "osm_id": 1217366030,
        "building": "yes",
        "name": "",
        "is_residential": false
      }
    },
    {
      "type": "Feature",
      "geometry": {
        "type": "Polygon",
        "coordinates": [
          [
            [
              35.2357626,
              28.0227268
            ],
            [
              35.2357204,
              28.0227324
            ],
            [
              35.2357014,
              28.0226206
            ],
            [
              35.2357436,
              28.0226151
            ],
            [
              35.2357626,
              28.0227268
            ]
          ]
        ]
      },
      "properties": {
        "osm_id": 1217366031,
        "building": "yes",
        "name": "",
        "is_residential": false
      }
    },
    {
      "type": "Feature",
      "geometry": {
        "type": "Polygon",
        "coordinates": [
          [
            [
              35.2357909,
              28.0228455
            ],
            [
              35.2357487,
              28.0228511
            ],
            [
              35.2357297,
              28.0227394
            ],
            [
              35.2357719,
              28.0227338
            ],
            [
              35.2357909,
              28.0228455
            ]
          ]
        ]
      },
      "properties": {
        "osm_id": 1217366032,
        "building": "yes",
        "name": "",
        "is_residential": false
      }
    },
    {
      "type": "Feature",
      "geometry": {
        "type": "Polygon",
        "coordinates": [
          [
            [
              35.2358122,
              28.0229674
            ],
            [
              35.23577,
              28.022973
            ],
            [
              35.235751,
              28.0228612
            ],
            [
              35.2357932,
              28.0228556
            ],
            [
              35.2358122,
              28.0229674
            ]
          ]
        ]
      },
      "properties": {
        "osm_id": 1217366033,
        "building": "yes",
        "name": "",
        "is_residential": false
      }
    },
    {
      "type": "Feature",
      "geometry": {
        "type": "Polygon",
        "coordinates": [
          [
            [
              35.2358369,
              28.0230924
            ],
            [
              35.2357947,
              28.0230979
            ],
            [
              35.2357758,
              28.0229862
            ],
            [
              35.235818,
              28.0229806
            ],
            [
              35.2358369,
              28.0230924
            ]
          ]
        ]
      },
      "properties": {
        "osm_id": 1217366034,
        "building": "yes",
        "name": "",
        "is_residential": false
      }
    },
    {
      "type": "Feature",
      "geometry": {
        "type": "Polygon",
        "coordinates": [
          [
            [
              35.2356847,
              28.0226143
            ],
            [
              35.2356425,
              28.0226199
            ],
            [
              35.2356236,
              28.0225082
            ],
            [
              35.2356658,
              28.0225026
            ],
            [
              35.2356847,
              28.0226143
            ]
          ]
        ]
      },
      "properties": {
        "osm_id": 1217366035,
        "building": "yes",
        "name": "",
        "is_residential": false
      }
    },
    {
      "type": "Feature",
      "geometry": {
        "type": "Polygon",
        "coordinates": [
          [
            [
              35.235706,
              28.0227424
            ],
            [
              35.2356638,
              28.022748
            ],
            [
              35.2356448,
              28.0226363
            ],
            [
              35.235687,
              28.0226307
            ],
            [
              35.235706,
              28.0227424
            ]
          ]
        ]
      },
      "properties": {
        "osm_id": 1217366036,
        "building": "yes",
        "name": "",
        "is_residential": false
      }
    },
    {
      "type": "Feature",
      "geometry": {
        "type": "Polygon",
        "coordinates": [
          [
            [
              35.2357343,
              28.0228612
            ],
            [
              35.2356921,
              28.0228667
            ],
            [
              35.2356731,
              28.022755
            ],
            [
              35.2357153,
              28.0227494
            ],
            [
              35.2357343,
              28.0228612
            ]
          ]
        ]
      },
      "properties": {
        "osm_id": 1217366037,
        "building": "yes",
        "name": "",
        "is_residential": false
      }
    },
    {
      "type": "Feature",
      "geometry": {
        "type": "Polygon",
        "coordinates": [
          [
            [
              35.2357555,
              28.022983
            ],
            [
              35.2357133,
              28.0229886
            ],
            [
              35.2356944,
              28.0228768
            ],
            [
              35.2357366,
              28.0228712
            ],
            [
              35.2357555,
              28.022983
            ]
          ]
        ]
      },
      "properties": {
        "osm_id": 1217366038,
        "building": "yes",
        "name": "",
        "is_residential": false
      }
    },
    {
      "type": "Feature",
      "geometry": {
        "type": "Polygon",
        "coordinates": [
          [
            [
              35.2357803,
              28.023108
            ],
            [
              35.2357381,
              28.0231136
            ],
            [
              35.2357191,
              28.0230018
            ],
            [
              35.2357613,
              28.0229962
            ],
            [
              35.2357803,
              28.023108
            ]
          ]
        ]
      },
      "properties": {
        "osm_id": 1217366039,
        "building": "yes",
        "name": "",
        "is_residential": false
      }
    },
    {
      "type": "Feature",
      "geometry": {
        "type": "Polygon",
        "coordinates": [
          [
            [
              35.2355503,
              28.02263
            ],
            [
              35.2355081,
              28.0226355
            ],
            [
              35.2354891,
              28.0225238
            ],
            [
              35.2355313,
              28.0225182
            ],
            [
              35.2355503,
              28.02263
            ]
          ]
        ]
      },
      "properties": {
        "osm_id": 1217366040,
        "building": "yes",
        "name": "",
        "is_residential": false
      }
    },
    {
      "type": "Feature",
      "geometry": {
        "type": "Polygon",
        "coordinates": [
          [
            [
              35.2355715,
              28.0227581
            ],
            [
              35.2355293,
              28.0227636
            ],
            [
              35.2355103,
              28.0226519
            ],
            [
              35.2355525,
              28.0226463
            ],
            [
              35.2355715,
              28.0227581
            ]
          ]
        ]
      },
      "properties": {
        "osm_id": 1217366041,
        "building": "yes",
        "name": "",
        "is_residential": false
      }
    },
    {
      "type": "Feature",
      "geometry": {
        "type": "Polygon",
        "coordinates": [
          [
            [
              35.2355998,
              28.0228768
            ],
            [
              35.2355576,
              28.0228824
            ],
            [
              35.2355386,
              28.0227706
            ],
            [
              35.2355808,
              28.022765
            ],
            [
              35.2355998,
              28.0228768
            ]
          ]
        ]
      },
      "properties": {
        "osm_id": 1217366042,
        "building": "yes",
        "name": "",
        "is_residential": false
      }
    },
    {
      "type": "Feature",
      "geometry": {
        "type": "Polygon",
        "coordinates": [
          [
            [
              35.235621,
              28.0229986
            ],
            [
              35.2355788,
              28.0230042
            ],
            [
              35.2355599,
              28.0228925
            ],
            [
              35.2356021,
              28.0228869
            ],
            [
              35.235621,
              28.0229986
            ]
          ]
        ]
      },
      "properties": {
        "osm_id": 1217366043,
        "building": "yes",
        "name": "",
        "is_residential": false
      }
    },
    {
      "type": "Feature",
      "geometry": {
        "type": "Polygon",
        "coordinates": [
          [
            [
              35.2356458,
              28.0231236
            ],
            [
              35.2356036,
              28.0231292
            ],
            [
              35.2355846,
              28.0230174
            ],
            [
              35.2356268,
              28.0230118
            ],
            [
              35.2356458,
              28.0231236
            ]
          ]
        ]
      },
      "properties": {
        "osm_id": 1217366044,
        "building": "yes",
        "name": "",
        "is_residential": false
      }
    },
    {
      "type": "Feature",
      "geometry": {
        "type": "Polygon",
        "coordinates": [
          [
            [
              35.235483,
              28.0226425
            ],
            [
              35.2354408,
              28.022648
            ],
            [
              35.2354218,
              28.0225363
            ],
            [
              35.235464,
              28.0225307
            ],
            [
              35.235483,
              28.0226425
            ]
          ]
        ]
      },
      "properties": {
        "osm_id": 1217366045,
        "building": "yes",
        "name": "",
        "is_residential": false
      }
    },
    {
      "type": "Feature",
      "geometry": {
        "type": "Polygon",
        "coordinates": [
          [
            [
              35.2355042,
              28.0227706
            ],
            [
              35.235462,
              28.0227761
            ],
            [
              35.2354431,
              28.0226644
            ],
            [
              35.2354853,
              28.0226588
            ],
            [
              35.2355042,
              28.0227706
            ]
          ]
        ]
      },
      "properties": {
        "osm_id": 1217366046,
        "building": "yes",
        "name": "",
        "is_residential": false
      }
    },
    {
      "type": "Feature",
      "geometry": {
        "type": "Polygon",
        "coordinates": [
          [
            [
              35.2355326,
              28.0228893
            ],
            [
              35.2354904,
              28.0228949
            ],
            [
              35.2354714,
              28.0227831
            ],
            [
              35.2355136,
              28.0227775
            ],
            [
              35.2355326,
              28.0228893
            ]
          ]
        ]
      },
      "properties": {
        "osm_id": 1217366047,
        "building": "yes",
        "name": "",
        "is_residential": false
      }
    },
    {
      "type": "Feature",
      "geometry": {
        "type": "Polygon",
        "coordinates": [
          [
            [
              35.2355538,
              28.0230111
            ],
            [
              35.2355116,
              28.0230167
            ],
            [
              35.2354926,
              28.0229049
            ],
            [
              35.2355348,
              28.0228994
            ],
            [
              35.2355538,
              28.0230111
            ]
          ]
        ]
      },
      "properties": {
        "osm_id": 1217366048,
        "building": "yes",
        "name": "",
        "is_residential": false
      }
    },
    {
      "type": "Feature",
      "geometry": {
        "type": "Polygon",
        "coordinates": [
          [
            [
              35.2355786,
              28.0231361
            ],
            [
              35.2355364,
              28.0231417
            ],
            [
              35.2355174,
              28.0230299
            ],
            [
              35.2355596,
              28.0230243
            ],
            [
              35.2355786,
              28.0231361
            ]
          ]
        ]
      },
      "properties": {
        "osm_id": 1217366049,
        "building": "yes",
        "name": "",
        "is_residential": false
      }
    },
    {
      "type": "Feature",
      "geometry": {
        "type": "Polygon",
        "coordinates": [
          [
            [
              35.2348831,
              28.0227487
            ],
            [
              35.2348409,
              28.0227543
            ],
            [
              35.2348219,
              28.0226425
            ],
            [
              35.2348641,
              28.0226369
            ],
            [
              35.2348831,
              28.0227487
            ]
          ]
        ]
      },
      "properties": {
        "osm_id": 1217366050,
        "building": "yes",
        "name": "",
        "is_residential": false
      }
    },
    {
      "type": "Feature",
      "geometry": {
        "type": "Polygon",
        "coordinates": [
          [
            [
              35.2349114,
              28.0228705
            ],
            [
              35.2348692,
              28.0228761
            ],
            [
              35.2348503,
              28.0227644
            ],
            [
              35.2348925,
              28.0227588
            ],
            [
              35.2349114,
              28.0228705
            ]
          ]
        ]
      },
      "properties": {
        "osm_id": 1217366051,
        "building": "yes",
        "name": "",
        "is_residential": false
      }
    },
    {
      "type": "Feature",
      "geometry": {
        "type": "Polygon",
        "coordinates": [
          [
            [
              35.2349327,
              28.0229924
            ],
            [
              35.2348905,
              28.022998
            ],
            [
              35.2348715,
              28.0228862
            ],
            [
              35.2349137,
              28.0228806
            ],
            [
              35.2349327,
              28.0229924
            ]
          ]
        ]
      },
      "properties": {
        "osm_id": 1217366052,
        "building": "yes",
        "name": "",
        "is_residential": false
      }
    },
    {
      "type": "Feature",
      "geometry": {
        "type": "Polygon",
        "coordinates": [
          [
            [
              35.2349539,
              28.0231173
            ],
            [
              35.2349117,
              28.0231229
            ],
            [
              35.2348927,
              28.0230112
            ],
            [
              35.2349349,
              28.0230056
            ],
            [
              35.2349539,
              28.0231173
            ]
          ]
        ]
      },
      "properties": {
        "osm_id": 1217366053,
        "building": "yes",
        "name": "",
        "is_residential": false
      }
    },
    {
      "type": "Feature",
      "geometry": {
        "type": "Polygon",
        "coordinates": [
          [
            [
              35.2349751,
              28.0232392
            ],
            [
              35.2349329,
              28.0232448
            ],
            [
              35.234914,
              28.023133
            ],
            [
              35.2349562,
              28.0231274
            ],
            [
              35.2349751,
              28.0232392
            ]
          ]
        ]
      },
      "properties": {
        "osm_id": 1217366054,
        "building": "yes",
        "name": "",
        "is_residential": false
      }
    },
    {
      "type": "Feature",
      "geometry": {
        "type": "Polygon",
        "coordinates": [
          [
            [
              35.2349185,
              28.0232439
            ],
            [
              35.2348763,
              28.0232495
            ],
            [
              35.2348573,
              28.0231377
            ],
            [
              35.2348995,
              28.0231321
            ],
            [
              35.2349185,
              28.0232439
            ]
          ]
        ]
      },
      "properties": {
        "osm_id": 1217366055,
        "building": "yes",
        "name": "",
        "is_residential": false
      }
    },
    {
      "type": "Feature",
      "geometry": {
        "type": "Polygon",
        "coordinates": [
          [
            [
              35.2348973,
              28.023122
            ],
            [
              35.2348551,
              28.0231276
            ],
            [
              35.2348361,
              28.0230159
            ],
            [
              35.2348783,
              28.0230103
            ],
            [
              35.2348973,
              28.023122
            ]
          ]
        ]
      },
      "properties": {
        "osm_id": 1217366056,
        "building": "yes",
        "name": "",
        "is_residential": false
      }
    },
    {
      "type": "Feature",
      "geometry": {
        "type": "Polygon",
        "coordinates": [
          [
            [
              35.234876,
              28.0229971
            ],
            [
              35.2348338,
              28.0230026
            ],
            [
              35.2348149,
              28.0228909
            ],
            [
              35.2348571,
              28.0228853
            ],
            [
              35.234876,
              28.0229971
            ]
          ]
        ]
      },
      "properties": {
        "osm_id": 1217366057,
        "building": "yes",
        "name": "",
        "is_residential": false
      }
    },
    {
      "type": "Feature",
      "geometry": {
        "type": "Polygon",
        "coordinates": [
          [
            [
              35.2348548,
              28.0228752
            ],
            [
              35.2348126,
              28.0228808
            ],
            [
              35.2347936,
              28.022769
            ],
            [
              35.2348358,
              28.0227635
            ],
            [
              35.2348548,
              28.0228752
            ]
          ]
        ]
      },
      "properties": {
        "osm_id": 1217366058,
        "building": "yes",
        "name": "",
        "is_residential": false
      }
    },
    {
      "type": "Feature",
      "geometry": {
        "type": "Polygon",
        "coordinates": [
          [
            [
              35.2348265,
              28.0227534
            ],
            [
              35.2347843,
              28.022759
            ],
            [
              35.2347653,
              28.0226472
            ],
            [
              35.2348075,
              28.0226416
            ],
            [
              35.2348265,
              28.0227534
            ]
          ]
        ]
      },
      "properties": {
        "osm_id": 1217366059,
        "building": "yes",
        "name": "",
        "is_residential": false
      }
    },
    {
      "type": "Feature",
      "geometry": {
        "type": "Polygon",
        "coordinates": [
          [
            [
              35.2385712,
              28.033159
            ],
            [
              35.2384713,
              28.0331717
            ],
            [
              35.2384347,
              28.0329479
            ],
            [
              35.2385346,
              28.0329352
            ],
            [
              35.2385712,
              28.033159
            ]
          ]
        ]
      },
      "properties": {
        "osm_id": 1217366525,
        "building": "yes",
        "name": "",
        "is_residential": false
      }
    },
    {
      "type": "Feature",
      "geometry": {
        "type": "Polygon",
        "coordinates": [
          [
            [
              35.2427838,
              28.0377573
            ],
            [
              35.2426676,
              28.037969
            ],
            [
              35.2425829,
              28.0379328
            ],
            [
              35.2425938,
              28.0379129
            ],
            [
              35.2426471,
              28.0379356
            ],
            [
              35.2426723,
              28.0378896
            ],
            [
              35.242593,
              28.0378557
            ],
            [
              35.242673,
              28.03771
            ],
            [
              35.2427838,
              28.0377573
            ]
          ]
        ]
      },
      "properties": {
        "osm_id": 1217366709,
        "building": "yes",
        "name": "",
        "is_residential": false
      }
    },
    {
      "type": "Feature",
      "geometry": {
        "type": "Polygon",
        "coordinates": [
          [
            [
              35.2426192,
              28.0386381
            ],
            [
              35.2426019,
              28.0386771
            ],
            [
              35.2424868,
              28.0386374
            ],
            [
              35.2425041,
              28.0385984
            ],
            [
              35.2426192,
              28.0386381
            ]
          ]
        ]
      },
      "properties": {
        "osm_id": 1217366710,
        "building": "yes",
        "name": "",
        "is_residential": false
      }
    },
    {
      "type": "Feature",
      "geometry": {
        "type": "Polygon",
        "coordinates": [
          [
            [
              35.2426001,
              28.0386783
            ],
            [
              35.2426363,
              28.0386793
            ],
            [
              35.2426325,
              28.0387928
            ],
            [
              35.2425963,
              28.0387919
            ],
            [
              35.2426001,
              28.0386783
            ]
          ]
        ]
      },
      "properties": {
        "osm_id": 1217366711,
        "building": "yes",
        "name": "",
        "is_residential": false
      }
    },
    {
      "type": "Feature",
      "geometry": {
        "type": "Polygon",
        "coordinates": [
          [
            [
              35.2270411,
              28.0369105
            ],
            [
              35.2270581,
              28.0369137
            ],
            [
              35.2270728,
              28.0369219
            ],
            [
              35.2270834,
              28.036934
            ],
            [
              35.2270887,
              28.0369485
            ],
            [
              35.2270881,
              28.0369639
            ],
            [
              35.2270815,
              28.036978
            ],
            [
              35.2270699,
              28.0369894
            ],
            [
              35.2270562,
              28.0369961
            ],
            [
              35.2270408,
              28.0369987
            ],
            [
              35.2270253,
              28.0369969
            ],
            [
              35.2270111,
              28.0369911
            ],
            [
              35.2269997,
              28.0369816
            ],
            [
              35.2269922,
              28.0369695
            ],
            [
              35.2269892,
              28.036956
            ],
            [
              35.2269912,
              28.0369423
            ],
            [
              35.2269978,
              28.0369298
            ],
            [
              35.2270085,
              28.0369197
            ],
            [
              35.2270239,
              28.0369126
            ],
            [
              35.2270411,
              28.0369105
            ]
          ]
        ]
      },
      "properties": {
        "osm_id": 1217369434,
        "building": "yes",
        "name": "",
        "is_residential": false
      }
    },
    {
      "type": "Feature",
      "geometry": {
        "type": "Polygon",
        "coordinates": [
          [
            [
              35.227114,
              28.037022
            ],
            [
              35.2271156,
              28.0369889
            ],
            [
              35.2271945,
              28.0369919
            ],
            [
              35.2271929,
              28.037025
            ],
            [
              35.227114,
              28.037022
            ]
          ]
        ]
      },
      "properties": {
        "osm_id": 1217369435,
        "building": "yes",
        "name": "",
        "is_residential": false
      }
    },
    {
      "type": "Feature",
      "geometry": {
        "type": "Polygon",
        "coordinates": [
          [
            [
              35.2271357,
              28.0371543
            ],
            [
              35.2271457,
              28.0370247
            ],
            [
              35.2271845,
              28.0370271
            ],
            [
              35.2271745,
              28.0371567
            ],
            [
              35.2271357,
              28.0371543
            ]
          ]
        ]
      },
      "properties": {
        "osm_id": 1217369436,
        "building": "yes",
        "name": "",
        "is_residential": false
      }
    },
    {
      "type": "Feature",
      "geometry": {
        "type": "Polygon",
        "coordinates": [
          [
            [
              35.2270832,
              28.0371037
            ],
            [
              35.227066,
              28.0371495
            ],
            [
              35.2270298,
              28.0371389
            ],
            [
              35.227047,
              28.0370931
            ],
            [
              35.2270832,
              28.0371037
            ]
          ]
        ]
      },
      "properties": {
        "osm_id": 1217369437,
        "building": "yes",
        "name": "",
        "is_residential": false
      }
    },
    {
      "type": "Feature",
      "geometry": {
        "type": "Polygon",
        "coordinates": [
          [
            [
              35.2174732,
              28.0275375
            ],
            [
              35.2174829,
              28.0274918
            ],
            [
              35.2175348,
              28.0275003
            ],
            [
              35.2175251,
              28.0275461
            ],
            [
              35.2174732,
              28.0275375
            ]
          ]
        ]
      },
      "properties": {
        "osm_id": 1217369943,
        "building": "yes",
        "name": "",
        "is_residential": false
      }
    },
    {
      "type": "Feature",
      "geometry": {
        "type": "Polygon",
        "coordinates": [
          [
            [
              35.2260544,
              28.0247131
            ],
            [
              35.2260827,
              28.0247552
            ],
            [
              35.2259925,
              28.0248023
            ],
            [
              35.2259643,
              28.0247602
            ],
            [
              35.2260544,
              28.0247131
            ]
          ]
        ]
      },
      "properties": {
        "osm_id": 1217369952,
        "building": "yes",
        "name": "",
        "is_residential": false
      }
    },
    {
      "type": "Feature",
      "geometry": {
        "type": "Polygon",
        "coordinates": [
          [
            [
              35.2225201,
              28.0529935
            ],
            [
              35.2225274,
              28.0530299
            ],
            [
              35.2219178,
              28.0531255
            ],
            [
              35.2219105,
              28.0530891
            ],
            [
              35.2225201,
              28.0529935
            ]
          ]
        ]
      },
      "properties": {
        "osm_id": 1249996634,
        "building": "yes",
        "name": "",
        "is_residential": false
      }
    },
    {
      "type": "Feature",
      "geometry": {
        "type": "Polygon",
        "coordinates": [
          [
            [
              35.2225348,
              28.0530403
            ],
            [
              35.2225421,
              28.0530766
            ],
            [
              35.2219326,
              28.0531723
            ],
            [
              35.2219252,
              28.0531359
            ],
            [
              35.2225348,
              28.0530403
            ]
          ]
        ]
      },
      "properties": {
        "osm_id": 1249996635,
        "building": "yes",
        "name": "",
        "is_residential": false
      }
    },
    {
      "type": "Feature",
      "geometry": {
        "type": "Polygon",
        "coordinates": [
          [
            [
              35.2225569,
              28.0531089
            ],
            [
              35.2225643,
              28.0531453
            ],
            [
              35.2219547,
              28.0532409
            ],
            [
              35.2219474,
              28.0532045
            ],
            [
              35.2225569,
              28.0531089
            ]
          ]
        ]
      },
      "properties": {
        "osm_id": 1249996636,
        "building": "yes",
        "name": "",
        "is_residential": false
      }
    },
    {
      "type": "Feature",
      "geometry": {
        "type": "Polygon",
        "coordinates": [
          [
            [
              35.2448445,
              28.0286806
            ],
            [
              35.2448223,
              28.0287228
            ],
            [
              35.2447698,
              28.0287042
            ],
            [
              35.244788,
              28.0286619
            ],
            [
              35.2448445,
              28.0286806
            ]
          ]
        ]
      },
      "properties": {
        "osm_id": 1250060267,
        "building": "yes",
        "name": "",
        "is_residential": false
      }
    },
    {
      "type": "Feature",
      "geometry": {
        "type": "Polygon",
        "coordinates": [
          [
            [
              35.2448512,
              28.0286197
            ],
            [
              35.244829,
              28.0286618
            ],
            [
              35.2447765,
              28.0286432
            ],
            [
              35.2447947,
              28.028601
            ],
            [
              35.2448512,
              28.0286197
            ]
          ]
        ]
      },
      "properties": {
        "osm_id": 1250060268,
        "building": "yes",
        "name": "",
        "is_residential": false
      }
    },
    {
      "type": "Feature",
      "geometry": {
        "type": "Polygon",
        "coordinates": [
          [
            [
              35.2449478,
              28.0281994
            ],
            [
              35.2448679,
              28.028399
            ],
            [
              35.2447041,
              28.028339
            ],
            [
              35.244784,
              28.0281393
            ],
            [
              35.2449478,
              28.0281994
            ]
          ]
        ]
      },
      "properties": {
        "osm_id": 1250060269,
        "building": "yes",
        "name": "",
        "is_residential": false
      }
    },
    {
      "type": "Feature",
      "geometry": {
        "type": "Polygon",
        "coordinates": [
          [
            [
              35.2480176,
              28.0294017
            ],
            [
              35.2479614,
              28.0294015
            ],
            [
              35.2479616,
              28.0293426
            ],
            [
              35.2480178,
              28.0293428
            ],
            [
              35.2480176,
              28.0294017
            ]
          ]
        ]
      },
      "properties": {
        "osm_id": 1250060272,
        "building": "yes",
        "name": "",
        "is_residential": false
      }
    },
    {
      "type": "Feature",
      "geometry": {
        "type": "Polygon",
        "coordinates": [
          [
            [
              35.2441194,
              28.0209531
            ],
            [
              35.2441162,
              28.0210188
            ],
            [
              35.2441873,
              28.0210214
            ],
            [
              35.2441904,
              28.0209558
            ],
            [
              35.2441194,
              28.0209531
            ]
          ]
        ]
      },
      "properties": {
        "osm_id": 1250060273,
        "building": "yes",
        "name": "",
        "is_residential": false
      }
    },
    {
      "type": "Feature",
      "geometry": {
        "type": "Polygon",
        "coordinates": [
          [
            [
              35.2318983,
              28.0213962
            ],
            [
              35.2320742,
              28.0212909
            ],
            [
              35.2319815,
              28.0211703
            ],
            [
              35.2318057,
              28.0212756
            ],
            [
              35.2318983,
              28.0213962
            ]
          ]
        ]
      },
      "properties": {
        "osm_id": 1255234256,
        "building": "commercial",
        "name": "",
        "is_residential": false
      }
    },
    {
      "type": "Feature",
      "geometry": {
        "type": "Polygon",
        "coordinates": [
          [
            [
              35.2324314,
              28.0215966
            ],
            [
              35.2325519,
              28.02153
            ],
            [
              35.2324771,
              28.0214245
            ],
            [
              35.2323566,
              28.0214911
            ],
            [
              35.2324314,
              28.0215966
            ]
          ]
        ]
      },
      "properties": {
        "osm_id": 1255234257,
        "building": "commercial",
        "name": "",
        "is_residential": false
      }
    },
    {
      "type": "Feature",
      "geometry": {
        "type": "Polygon",
        "coordinates": [
          [
            [
              35.2324716,
              28.021422
            ],
            [
              35.2322202,
              28.0210689
            ],
            [
              35.2321351,
              28.0211161
            ],
            [
              35.2323866,
              28.0214692
            ],
            [
              35.2324716,
              28.021422
            ]
          ]
        ]
      },
      "properties": {
        "osm_id": 1255234258,
        "building": "commercial",
        "name": "",
        "is_residential": false
      }
    },
    {
      "type": "Feature",
      "geometry": {
        "type": "Polygon",
        "coordinates": [
          [
            [
              35.2321506,
              28.0209589
            ],
            [
              35.2319982,
              28.020765
            ],
            [
              35.2319156,
              28.0208156
            ],
            [
              35.2320681,
              28.0210094
            ],
            [
              35.2321506,
              28.0209589
            ]
          ]
        ]
      },
      "properties": {
        "osm_id": 1255234259,
        "building": "commercial",
        "name": "",
        "is_residential": false
      }
    },
    {
      "type": "Feature",
      "geometry": {
        "type": "Polygon",
        "coordinates": [
          [
            [
              35.2320783,
              28.0217933
            ],
            [
              35.2324263,
              28.0215977
            ],
            [
              35.2323568,
              28.0215013
            ],
            [
              35.2320087,
              28.0216968
            ],
            [
              35.2320783,
              28.0217933
            ]
          ]
        ]
      },
      "properties": {
        "osm_id": 1255234260,
        "building": "commercial",
        "name": "",
        "is_residential": false
      }
    },
    {
      "type": "Feature",
      "geometry": {
        "type": "Polygon",
        "coordinates": [
          [
            [
              35.2328215,
              28.0182114
            ],
            [
              35.233192,
              28.0180006
            ],
            [
              35.2330955,
              28.0178684
            ],
            [
              35.232725,
              28.0180792
            ],
            [
              35.2328215,
              28.0182114
            ]
          ]
        ]
      },
      "properties": {
        "osm_id": 1255234264,
        "building": "industrial",
        "name": "",
        "is_residential": false
      }
    },
    {
      "type": "Feature",
      "geometry": {
        "type": "Polygon",
        "coordinates": [
          [
            [
              35.2330333,
              28.018505
            ],
            [
              35.2334039,
              28.0182942
            ],
            [
              35.2333074,
              28.018162
            ],
            [
              35.2329368,
              28.0183728
            ],
            [
              35.2330333,
              28.018505
            ]
          ]
        ]
      },
      "properties": {
        "osm_id": 1255234265,
        "building": "industrial",
        "name": "",
        "is_residential": false
      }
    },
    {
      "type": "Feature",
      "geometry": {
        "type": "Polygon",
        "coordinates": [
          [
            [
              35.2332157,
              28.0187584
            ],
            [
              35.2335863,
              28.0185476
            ],
            [
              35.2334898,
              28.0184154
            ],
            [
              35.2331192,
              28.0186262
            ],
            [
              35.2332157,
              28.0187584
            ]
          ]
        ]
      },
      "properties": {
        "osm_id": 1255234266,
        "building": "industrial",
        "name": "",
        "is_residential": false
      }
    },
    {
      "type": "Feature",
      "geometry": {
        "type": "Polygon",
        "coordinates": [
          [
            [
              35.2334196,
              28.0190496
            ],
            [
              35.2337902,
              28.0188388
            ],
            [
              35.2336937,
              28.0187066
            ],
            [
              35.2333231,
              28.0189174
            ],
            [
              35.2334196,
              28.0190496
            ]
          ]
        ]
      },
      "properties": {
        "osm_id": 1255234267,
        "building": "industrial",
        "name": "",
        "is_residential": false
      }
    },
    {
      "type": "Feature",
      "geometry": {
        "type": "Polygon",
        "coordinates": [
          [
            [
              35.2336047,
              28.0192935
            ],
            [
              35.2339752,
              28.0190827
            ],
            [
              35.2338787,
              28.0189505
            ],
            [
              35.2335082,
              28.0191613
            ],
            [
              35.2336047,
              28.0192935
            ]
          ]
        ]
      },
      "properties": {
        "osm_id": 1255234268,
        "building": "industrial",
        "name": "",
        "is_residential": false
      }
    },
    {
      "type": "Feature",
      "geometry": {
        "type": "Polygon",
        "coordinates": [
          [
            [
              35.2338226,
              28.0195996
            ],
            [
              35.2341932,
              28.0193888
            ],
            [
              35.2340967,
              28.0192566
            ],
            [
              35.2337261,
              28.0194674
            ],
            [
              35.2338226,
              28.0195996
            ]
          ]
        ]
      },
      "properties": {
        "osm_id": 1255234269,
        "building": "industrial",
        "name": "",
        "is_residential": false
      }
    },
    {
      "type": "Feature",
      "geometry": {
        "type": "Polygon",
        "coordinates": [
          [
            [
              35.2309966,
              28.0190719
            ],
            [
              35.2313446,
              28.0188778
            ],
            [
              35.2318053,
              28.0186207
            ],
            [
              35.2318561,
              28.0185924
            ],
            [
              35.2320266,
              28.0184973
            ],
            [
              35.2330137,
              28.0198801
            ],
            [
              35.2320159,
              28.0204737
            ],
            [
              35.2317266,
              28.0200758
            ],
            [
              35.2311079,
              28.0192249
            ],
            [
              35.2309966,
              28.0190719
            ]
          ]
        ]
      },
      "properties": {
        "osm_id": 1342718082,
        "building": "hospital",
        "name": "",
        "is_residential": false
      }
    },
    {
      "type": "Feature",
      "geometry": {
        "type": "Polygon",
        "coordinates": [
          [
            [
              35.2327462,
              28.0183735
            ],
            [
              35.2325967,
              28.0181509
            ],
            [
              35.2320519,
              28.0184642
            ],
            [
              35.2322014,
              28.0186896
            ],
            [
              35.2327462,
              28.0183735
            ]
          ]
        ]
      },
      "properties": {
        "osm_id": 1342718103,
        "building": "hospital",
        "name": "",
        "is_residential": false
      }
    },
    {
      "type": "Feature",
      "geometry": {
        "type": "Polygon",
        "coordinates": [
          [
            [
              35.2330202,
              28.0187597
            ],
            [
              35.2328707,
              28.0185371
            ],
            [
              35.2323259,
              28.0188504
            ],
            [
              35.2324753,
              28.0190758
            ],
            [
              35.2330202,
              28.0187597
            ]
          ]
        ]
      },
      "properties": {
        "osm_id": 1342718104,
        "building": "hospital",
        "name": "",
        "is_residential": false
      }
    },
    {
      "type": "Feature",
      "geometry": {
        "type": "Polygon",
        "coordinates": [
          [
            [
              35.2333019,
              28.0191513
            ],
            [
              35.2331525,
              28.0189287
            ],
            [
              35.2326076,
              28.019242
            ],
            [
              35.2327571,
              28.0194674
            ],
            [
              35.2333019,
              28.0191513
            ]
          ]
        ]
      },
      "properties": {
        "osm_id": 1342718105,
        "building": "hospital",
        "name": "",
        "is_residential": false
      }
    },
    {
      "type": "Feature",
      "geometry": {
        "type": "Polygon",
        "coordinates": [
          [
            [
              35.2318053,
              28.0186207
            ],
            [
              35.231563,
              28.0182723
            ],
            [
              35.2316173,
              28.0182389
            ],
            [
              35.2315512,
              28.0181265
            ],
            [
              35.2317672,
              28.0180092
            ],
            [
              35.2320231,
              28.0178703
            ],
            [
              35.2321977,
              28.018091
            ],
            [
              35.2316904,
              28.0183597
            ],
            [
              35.2318561,
              28.0185924
            ],
            [
              35.2318053,
              28.0186207
            ]
          ]
        ]
      },
      "properties": {
        "osm_id": 1342719371,
        "building": "hospital",
        "name": "",
        "is_residential": false
      }
    },
    {
      "type": "Feature",
      "geometry": {
        "type": "Polygon",
        "coordinates": [
          [
            [
              35.2079922,
              28.0035625
            ],
            [
              35.2075938,
              28.0035353
            ],
            [
              35.2076265,
              28.0031613
            ],
            [
              35.2080249,
              28.0031884
            ],
            [
              35.2079922,
              28.0035625
            ]
          ]
        ]
      },
      "properties": {
        "osm_id": 1434729539,
        "building": "yes",
        "name": "",
        "is_residential": false
      }
    }
  ]
}