{
  "type": "FeatureCollection",
  "features": [
    {
      "type": "Feature",
      "properties": {
        "id": 201621496,
        "name": "King Abdulaziz Road",
        "ref": "15",
        "highway": "trunk"
      },
      "geometry": {
        "type": "LineString",
        "coordinates": [
          [
            42.516964,
            18.204318
          ],
          [
            42.515101,
            18.20333
          ],
          [
            42.514739,
            18.20315
          ],
          [
            42.514615,
            18.203086
          ],
          [
            42.513703,
            18.202614
          ],
          [
            42.513346,
            18.202421
          ],
          [
            42.513298,
            18.202395
          ],
          [
            42.512923,
            18.20231
          ],
          [
            42.511961,
            18.202072
          ],
          [
            42.510875,
            18.201804
          ],
          [
            42.509342,
            18.201484
          ],
          [
            42.50842,
            18.201268
          ]
        ]
      }
    },
    {
      "type": "Feature",
      "properties": {
        "id": 290348443,
        "name": "King Abdulaziz Road",
        "ref": "15",
        "highway": "trunk"
      },
      "geometry": {
        "type": "LineString",
        "coordinates": [
          [
            42.48767,
            18.215676
          ],
          [
            42.488098,
            18.214626
          ],
          [
            42.48829,
            18.214156
          ],
          [
            42.488389,
            18.213912
          ],
          [
            42.488442,
            18.213835
          ],
          [
            42.489718,
            18.211993
          ],
          [
            42.489795,
            18.211868
          ],
          [
            42.489933,
            18.211654
          ],
          [
            42.4901,
            18.211385
          ],
          [
            42.49011,
            18.211349
          ],
          [
            42.49015,
            18.211212
          ],
          [
            42.490172,
            18.211071
          ],
          [
            42.490245,
            18.210626
          ],
          [
            42.490338,
            18.210058
          ],
          [
            42.490371,
            18.209853
          ],
          [
            42.490512,
            18.208993
          ],
          [
            42.490532,
            18.208874
          ],
          [
            42.490713,
            18.20815
          ],
          [
            42.490801,
            18.207869
          ],
          [
            42.490833,
            18.207771
          ],
          [
            42.490978,
            18.207272
          ],
          [
            42.491162,
            18.206817
          ],
          [
            42.491198,
            18.206749
          ],
          [
            42.491378,
            18.206411
          ],
          [
            42.491694,
            18.20585
          ],
          [
            42.49188,
            18.205538
          ],
          [
            42.492353,
            18.204846
          ],
          [
            42.492635,
            18.204474
          ],
          [
            42.492719,
            18.204363
          ],
          [
            42.493418,
            18.203332
          ],
          [
            42.493837,
            18.202761
          ],
          [
            42.494169,
            18.202388
          ],
          [
            42.494585,
            18.201998
          ],
          [
            42.494842,
            18.201777
          ],
          [
            42.495486,
            18.201274
          ],
          [
            42.496089,
            18.200916
          ],
          [
            42.496626,
            18.200658
          ],
          [
            42.497541,
            18.200151
          ],
          [
            42.497988,
            18.199944
          ],
          [
            42.49886,
            18.199683
          ],
          [
            42.499569,
            18.199576
          ],
          [
            42.500356,
            18.199559
          ],
          [
            42.500828,
            18.199589
          ],
          [
            42.501287,
            18.199659
          ],
          [
            42.50165,
            18.199733
          ],
          [
            42.502397,
            18.199885
          ],
          [
            42.507461,
            18.200962
          ]
        ]
      }
    },
    {
      "type": "Feature",
      "properties": {
        "id": 553861877,
        "name": "King Abdulaziz Road",
        "ref": "15",
        "highway": "trunk"
      },
      "geometry": {
        "type": "LineString",
        "coordinates": [
          [
            42.507461,
            18.200962
          ],
          [
            42.508447,
            18.201174
          ]
        ]
      }
    },
    {
      "type": "Feature",
      "properties": {
        "id": 553861878,
        "name": "King Abdulaziz Road",
        "ref": "15",
        "highway": "trunk"
      },
      "geometry": {
        "type": "LineString",
        "coordinates": [
          [
            42.508447,
            18.201174
          ],
          [
            42.510843,
            18.201682
          ],
          [
            42.511989,
            18.201959
          ],
          [
            42.512937,
            18.202194
          ],
          [
            42.513341,
            18.20229
          ],
          [
            42.513367,
            18.202311
          ],
          [
            42.51479,
            18.203049
          ],
          [
            42.514857,
            18.203082
          ],
          [
            42.51511,
            18.203237
          ],
          [
            42.516037,
            18.203753
          ],
          [
            42.517005,
            18.204255
          ]
        ]
      }
    },
    {
      "type": "Feature",
      "properties": {
        "id": 553861879,
        "name": "King Abdulaziz Road",
        "ref": "15",
        "highway": "trunk"
      },
      "geometry": {
        "type": "LineString",
        "coordinates": [
          [
            42.507439,
            18.201069
          ],
          [
            42.505221,
            18.200583
          ],
          [
            42.504052,
            18.200348
          ],
          [
            42.503045,
            18.200162
          ],
          [
            42.502923,
            18.200137
          ],
          [
            42.502728,
            18.200095
          ],
          [
            42.502396,
            18.200022
          ],
          [
            42.501544,
            18.199822
          ],
          [
            42.500846,
            18.1997
          ],
          [
            42.500371,
            18.199664
          ],
          [
            42.499544,
            18.199689
          ],
          [
            42.499028,
            18.199779
          ],
          [
            42.498472,
            18.199901
          ],
          [
            42.498048,
            18.200047
          ],
          [
            42.49752,
            18.200299
          ],
          [
            42.496071,
            18.201071
          ],
          [
            42.495638,
            18.201332
          ],
          [
            42.494718,
            18.202057
          ],
          [
            42.494383,
            18.20237
          ],
          [
            42.494046,
            18.20272
          ],
          [
            42.493783,
            18.203044
          ],
          [
            42.493583,
            18.203328
          ],
          [
            42.492791,
            18.204443
          ],
          [
            42.492005,
            18.205607
          ],
          [
            42.4918,
            18.205914
          ],
          [
            42.4915,
            18.206425
          ],
          [
            42.491316,
            18.206758
          ],
          [
            42.491061,
            18.20734
          ],
          [
            42.490977,
            18.207606
          ],
          [
            42.490944,
            18.20782
          ],
          [
            42.490646,
            18.208879
          ],
          [
            42.490628,
            18.20899
          ],
          [
            42.49055,
            18.209459
          ],
          [
            42.490514,
            18.209674
          ],
          [
            42.490356,
            18.210623
          ],
          [
            42.490265,
            18.211225
          ],
          [
            42.490196,
            18.211406
          ],
          [
            42.490045,
            18.211731
          ],
          [
            42.489895,
            18.211976
          ],
          [
            42.489825,
            18.212076
          ],
          [
            42.488519,
            18.213958
          ],
          [
            42.488409,
            18.21423
          ],
          [
            42.488233,
            18.214665
          ],
          [
            42.487738,
            18.215823
          ]
        ]
      }
    },
    {
      "type": "Feature",
      "properties": {
        "id": 553861880,
        "name": "King Abdulaziz Road",
        "ref": "15",
        "highway": "trunk"
      },
      "geometry": {
        "type": "LineString",
        "coordinates": [
          [
            42.50842,
            18.201268
          ],
          [
            42.507439,
            18.201069
          ]
        ]
      }
    },
    {
      "type": "Feature",
      "properties": {
        "id": 201621498,
        "name": "King Abdulaziz Road",
        "ref": "15",
        "highway": "trunk"
      },
      "geometry": {
        "type": "LineString",
        "coordinates": [
          [
            42.517005,
            18.204255
          ],
          [
            42.517571,
            18.204687
          ],
          [
            42.517643,
            18.204747
          ],
          [
            42.517744,
            18.204875
          ],
          [
            42.5178,
            18.204974
          ],
          [
            42.517855,
            18.205074
          ],
          [
            42.518009,
            18.205369
          ]
        ]
      }
    },
    {
      "type": "Feature",
      "properties": {
        "id": 787180837,
        "name": "King Abdulaziz Road",
        "ref": "15",
        "highway": "trunk"
      },
      "geometry": {
        "type": "LineString",
        "coordinates": [
          [
            42.517933,
            18.205401
          ],
          [
            42.517812,
            18.20517
          ],
          [
            42.51774,
            18.205044
          ],
          [
            42.517714,
            18.204998
          ],
          [
            42.517622,
            18.204873
          ],
          [
            42.517552,
            18.2048
          ],
          [
            42.516964,
            18.204318
          ]
        ]
      }
    },
    {
      "type": "Feature",
      "properties": {
        "id": 95512375,
        "name": "King Abdulaziz Road",
        "ref": "15",
        "highway": "trunk"
      },
      "geometry": {
        "type": "LineString",
        "coordinates": [
          [
            42.501775,
            18.232516
          ],
          [
            42.501334,
            18.232447
          ]
        ]
      }
    },
    {
      "type": "Feature",
      "properties": {
        "id": 95512376,
        "name": "King Abdulaziz Road",
        "ref": "15",
        "highway": "trunk"
      },
      "geometry": {
        "type": "LineString",
        "coordinates": [
          [
            42.501359,
            18.232342
          ],
          [
            42.501787,
            18.232399
          ]
        ]
      }
    },
    {
      "type": "Feature",
      "properties": {
        "id": 95512377,
        "name": "King Abdulaziz Road",
        "ref": "15",
        "highway": "trunk"
      },
      "geometry": {
        "type": "LineString",
        "coordinates": [
          [
            42.501334,
            18.232447
          ],
          [
            42.500824,
            18.232375
          ],
          [
            42.499955,
            18.232242
          ],
          [
            42.498825,
            18.232077
          ],
          [
            42.498585,
            18.232042
          ],
          [
            42.498221,
            18.231975
          ],
          [
            42.496258,
            18.231671
          ],
          [
            42.494894,
            18.231438
          ],
          [
            42.493934,
            18.231277
          ],
          [
            42.492132,
            18.231003
          ],
          [
            42.491829,
            18.230957
          ],
          [
            42.491345,
            18.230885
          ],
          [
            42.49101,
            18.230775
          ],
          [
            42.489957,
            18.230134
          ],
          [
            42.489685,
            18.229969
          ],
          [
            42.489128,
            18.22963
          ],
          [
            42.48896,
            18.229529
          ],
          [
            42.488705,
            18.229229
          ],
          [
            42.488579,
            18.22903
          ],
          [
            42.48849,
            18.228738
          ],
          [
            42.488456,
            18.228627
          ],
          [
            42.488462,
            18.228245
          ],
          [
            42.488476,
            18.228159
          ],
          [
            42.488593,
            18.227402
          ],
          [
            42.488655,
            18.227006
          ],
          [
            42.488704,
            18.226689
          ],
          [
            42.48872,
            18.226479
          ],
          [
            42.488735,
            18.226381
          ],
          [
            42.488762,
            18.226102
          ],
          [
            42.488839,
            18.2257
          ],
          [
            42.488906,
            18.225372
          ],
          [
            42.488951,
            18.225153
          ],
          [
            42.489172,
            18.223783
          ],
          [
            42.48919,
            18.223695
          ],
          [
            42.489227,
            18.223474
          ],
          [
            42.489235,
            18.223198
          ],
          [
            42.489237,
            18.222913
          ],
          [
            42.489207,
            18.222598
          ],
          [
            42.489154,
            18.222276
          ],
          [
            42.489087,
            18.22197
          ],
          [
            42.489033,
            18.221835
          ],
          [
            42.488991,
            18.221733
          ],
          [
            42.488912,
            18.221611
          ],
          [
            42.488872,
            18.221563
          ],
          [
            42.488752,
            18.221435
          ]
        ]
      }
    },
    {
      "type": "Feature",
      "properties": {
        "id": 290631446,
        "name": "King Abdulaziz Road",
        "ref": "15",
        "highway": "trunk"
      },
      "geometry": {
        "type": "LineString",
        "coordinates": [
          [
            42.515053,
            18.23137
          ],
          [
            42.513813,
            18.232719
          ],
          [
            42.51351,
            18.233047
          ],
          [
            42.513154,
            18.233417
          ],
          [
            42.512927,
            18.233629
          ],
          [
            42.512655,
            18.233805
          ],
          [
            42.512434,
            18.233902
          ],
          [
            42.512132,
            18.233993
          ],
          [
            42.5118,
            18.234048
          ],
          [
            42.511475,
            18.234037
          ],
          [
            42.51059,
            18.233917
          ],
          [
            42.509776,
            18.233784
          ],
          [
            42.509693,
            18.233771
          ],
          [
            42.508423,
            18.233583
          ],
          [
            42.506858,
            18.233333
          ],
          [
            42.506082,
            18.233207
          ],
          [
            42.505347,
            18.23309
          ],
          [
            42.504214,
            18.232905
          ],
          [
            42.504178,
            18.232899
          ],
          [
            42.503613,
            18.232804
          ],
          [
            42.502028,
            18.232557
          ],
          [
            42.501775,
            18.232516
          ]
        ]
      }
    },
    {
      "type": "Feature",
      "properties": {
        "id": 290631447,
        "name": "King Abdulaziz Road",
        "ref": "15",
        "highway": "trunk"
      },
      "geometry": {
        "type": "LineString",
        "coordinates": [
          [
            42.501787,
            18.232399
          ],
          [
            42.502227,
            18.232474
          ],
          [
            42.502562,
            18.232533
          ],
          [
            42.503821,
            18.232709
          ],
          [
            42.504425,
            18.232805
          ],
          [
            42.505801,
            18.233025
          ],
          [
            42.506497,
            18.233131
          ],
          [
            42.506735,
            18.233178
          ],
          [
            42.507597,
            18.233318
          ],
          [
            42.510011,
            18.233694
          ],
          [
            42.510576,
            18.233774
          ],
          [
            42.511331,
            18.233905
          ],
          [
            42.51171,
            18.23393
          ],
          [
            42.512124,
            18.233877
          ],
          [
            42.512384,
            18.233784
          ],
          [
            42.512576,
            18.233686
          ],
          [
            42.51283,
            18.233525
          ],
          [
            42.513033,
            18.233343
          ],
          [
            42.513332,
            18.233035
          ],
          [
            42.513473,
            18.232891
          ],
          [
            42.513705,
            18.232643
          ],
          [
            42.514975,
            18.231312
          ]
        ]
      }
    },
    {
      "type": "Feature",
      "properties": {
        "id": 321635968,
        "name": "King Abdulaziz Road",
        "ref": "15",
        "highway": "motorway"
      },
      "geometry": {
        "type": "LineString",
        "coordinates": [
          [
            42.514975,
            18.231312
          ],
          [
            42.516009,
            18.230232
          ],
          [
            42.517492,
            18.228572
          ]
        ]
      }
    },
    {
      "type": "Feature",
      "properties": {
        "id": 340235246,
        "name": "King Abdulaziz Road",
        "ref": "15",
        "highway": "trunk"
      },
      "geometry": {
        "type": "LineString",
        "coordinates": [
          [
            42.489159,
            18.22132
          ],
          [
            42.489117,
            18.221505
          ],
          [
            42.48911,
            18.221592
          ],
          [
            42.48913,
            18.22169
          ],
          [
            42.489176,
            18.221811
          ],
          [
            42.48925,
            18.222062
          ],
          [
            42.489312,
            18.222276
          ],
          [
            42.489385,
            18.222809
          ],
          [
            42.489359,
            18.223411
          ],
          [
            42.489315,
            18.223667
          ],
          [
            42.489063,
            18.22518
          ],
          [
            42.488847,
            18.226377
          ],
          [
            42.48884,
            18.226478
          ],
          [
            42.488577,
            18.228255
          ],
          [
            42.488569,
            18.228603
          ],
          [
            42.488684,
            18.228985
          ],
          [
            42.488799,
            18.229173
          ],
          [
            42.489039,
            18.229427
          ],
          [
            42.491037,
            18.230678
          ],
          [
            42.491386,
            18.230787
          ],
          [
            42.492603,
            18.230972
          ],
          [
            42.493627,
            18.231128
          ],
          [
            42.493985,
            18.231184
          ],
          [
            42.494066,
            18.231197
          ],
          [
            42.496285,
            18.231555
          ],
          [
            42.496437,
            18.231579
          ],
          [
            42.497588,
            18.231759
          ],
          [
            42.498165,
            18.231844
          ],
          [
            42.498496,
            18.231892
          ],
          [
            42.498866,
            18.231947
          ],
          [
            42.500518,
            18.232196
          ],
          [
            42.501359,
            18.232342
          ]
        ]
      }
    },
    {
      "type": "Feature",
      "properties": {
        "id": 683599895,
        "name": "Unnamed road",
        "ref": "",
        "highway": "trunk"
      },
      "geometry": {
        "type": "LineString",
        "coordinates": [
          [
            42.488569,
            18.220095
          ],
          [
            42.48874,
            18.220106
          ],
          [
            42.488968,
            18.22016
          ],
          [
            42.489151,
            18.220273
          ],
          [
            42.489273,
            18.220392
          ],
          [
            42.489358,
            18.220539
          ],
          [
            42.48939,
            18.220724
          ],
          [
            42.489398,
            18.220882
          ],
          [
            42.489371,
            18.221055
          ],
          [
            42.489271,
            18.221221
          ],
          [
            42.489236,
            18.221272
          ],
          [
            42.489159,
            18.22132
          ],
          [
            42.489049,
            18.221388
          ],
          [
            42.488988,
            18.221408
          ],
          [
            42.488931,
            18.22142
          ],
          [
            42.488797,
            18.221442
          ],
          [
            42.488752,
            18.221435
          ],
          [
            42.488655,
            18.221419
          ],
          [
            42.488459,
            18.221319
          ],
          [
            42.488378,
            18.221243
          ],
          [
            42.488297,
            18.221168
          ],
          [
            42.488208,
            18.221028
          ],
          [
            42.488167,
            18.220963
          ],
          [
            42.488106,
            18.220736
          ],
          [
            42.488126,
            18.220535
          ],
          [
            42.488187,
            18.220353
          ],
          [
            42.488317,
            18.220211
          ],
          [
            42.488426,
            18.22015
          ],
          [
            42.488569,
            18.220095
          ]
        ]
      }
    },
    {
      "type": "Feature",
      "properties": {
        "id": 1485075130,
        "name": "King Abdulaziz Road",
        "ref": "15",
        "highway": "trunk"
      },
      "geometry": {
        "type": "LineString",
        "coordinates": [
          [
            42.488187,
            18.220353
          ],
          [
            42.488194,
            18.220077
          ],
          [
            42.488186,
            18.2199
          ],
          [
            42.488159,
            18.219762
          ],
          [
            42.488116,
            18.219632
          ],
          [
            42.48797,
            18.219361
          ],
          [
            42.487775,
            18.218865
          ],
          [
            42.487756,
            18.218823
          ],
          [
            42.487676,
            18.218632
          ],
          [
            42.48744,
            18.218079
          ],
          [
            42.48731,
            18.217746
          ],
          [
            42.487231,
            18.217391
          ],
          [
            42.487211,
            18.217145
          ],
          [
            42.487226,
            18.21687
          ],
          [
            42.487245,
            18.216734
          ],
          [
            42.487367,
            18.216434
          ],
          [
            42.487383,
            18.216394
          ]
        ]
      }
    },
    {
      "type": "Feature",
      "properties": {
        "id": 1485075131,
        "name": "King Abdulaziz Road",
        "ref": "15",
        "highway": "trunk"
      },
      "geometry": {
        "type": "LineString",
        "coordinates": [
          [
            42.487383,
            18.216394
          ],
          [
            42.48767,
            18.215676
          ]
        ]
      }
    },
    {
      "type": "Feature",
      "properties": {
        "id": 1485075132,
        "name": "King Abdulaziz Road",
        "ref": "15",
        "highway": "trunk"
      },
      "geometry": {
        "type": "LineString",
        "coordinates": [
          [
            42.487512,
            18.216423
          ],
          [
            42.487375,
            18.216756
          ],
          [
            42.487338,
            18.217036
          ],
          [
            42.487334,
            18.217313
          ],
          [
            42.487387,
            18.217509
          ],
          [
            42.487434,
            18.217675
          ],
          [
            42.487497,
            18.217879
          ],
          [
            42.487719,
            18.218381
          ],
          [
            42.488256,
            18.219577
          ],
          [
            42.488329,
            18.219728
          ],
          [
            42.4884,
            18.219835
          ],
          [
            42.488461,
            18.219912
          ],
          [
            42.48874,
            18.220106
          ]
        ]
      }
    },
    {
      "type": "Feature",
      "properties": {
        "id": 1485075133,
        "name": "King Abdulaziz Road",
        "ref": "15",
        "highway": "trunk"
      },
      "geometry": {
        "type": "LineString",
        "coordinates": [
          [
            42.487738,
            18.215823
          ],
          [
            42.487512,
            18.216423
          ]
        ]
      }
    },
    {
      "type": "Feature",
      "properties": {
        "id": 290631450,
        "name": "King Abdulaziz Road",
        "ref": "15",
        "highway": "trunk"
      },
      "geometry": {
        "type": "LineString",
        "coordinates": [
          [
            42.517492,
            18.228572
          ],
          [
            42.517812,
            18.22814
          ],
          [
            42.51824,
            18.227707
          ],
          [
            42.518653,
            18.227259
          ],
          [
            42.519488,
            18.226357
          ],
          [
            42.520177,
            18.225614
          ],
          [
            42.521341,
            18.224339
          ],
          [
            42.521532,
            18.22413
          ],
          [
            42.521936,
            18.223667
          ],
          [
            42.522462,
            18.223053
          ],
          [
            42.522821,
            18.22265
          ],
          [
            42.522928,
            18.222489
          ],
          [
            42.523022,
            18.222297
          ],
          [
            42.523069,
            18.222134
          ],
          [
            42.523105,
            18.221977
          ],
          [
            42.523131,
            18.221794
          ],
          [
            42.523133,
            18.22161
          ],
          [
            42.523107,
            18.221359
          ],
          [
            42.523047,
            18.221077
          ],
          [
            42.522884,
            18.220442
          ],
          [
            42.522845,
            18.220294
          ],
          [
            42.522706,
            18.219775
          ],
          [
            42.522658,
            18.219551
          ],
          [
            42.522596,
            18.219263
          ],
          [
            42.522529,
            18.218952
          ],
          [
            42.522496,
            18.218836
          ],
          [
            42.522445,
            18.218605
          ],
          [
            42.522382,
            18.218353
          ],
          [
            42.522321,
            18.218098
          ],
          [
            42.521941,
            18.216564
          ],
          [
            42.521831,
            18.21612
          ],
          [
            42.521795,
            18.215976
          ],
          [
            42.521601,
            18.215194
          ],
          [
            42.521279,
            18.214087
          ],
          [
            42.521038,
            18.213048
          ],
          [
            42.520469,
            18.21075
          ],
          [
            42.520139,
            18.209784
          ],
          [
            42.519767,
            18.208882
          ],
          [
            42.519432,
            18.20816
          ],
          [
            42.519185,
            18.207708
          ],
          [
            42.519014,
            18.207374
          ],
          [
            42.518642,
            18.206725
          ],
          [
            42.518355,
            18.206167
          ],
          [
            42.518026,
            18.205578
          ],
          [
            42.517933,
            18.205401
          ]
        ]
      }
    },
    {
      "type": "Feature",
      "properties": {
        "id": 321635964,
        "name": "King Abdulaziz Road",
        "ref": "15",
        "highway": "trunk"
      },
      "geometry": {
        "type": "LineString",
        "coordinates": [
          [
            42.518009,
            18.205369
          ],
          [
            42.518134,
            18.20561
          ],
          [
            42.518411,
            18.206109
          ],
          [
            42.518583,
            18.20646
          ],
          [
            42.519192,
            18.207502
          ],
          [
            42.519437,
            18.207948
          ],
          [
            42.519585,
            18.20824
          ],
          [
            42.519877,
            18.208851
          ],
          [
            42.520229,
            18.209734
          ],
          [
            42.520427,
            18.210327
          ],
          [
            42.520595,
            18.210827
          ],
          [
            42.52071,
            18.211231
          ],
          [
            42.520837,
            18.211681
          ],
          [
            42.521156,
            18.212954
          ],
          [
            42.52123,
            18.213249
          ],
          [
            42.521323,
            18.213618
          ],
          [
            42.521767,
            18.215377
          ],
          [
            42.521885,
            18.215846
          ],
          [
            42.522439,
            18.218007
          ],
          [
            42.522551,
            18.218472
          ],
          [
            42.522653,
            18.218937
          ],
          [
            42.522713,
            18.21921
          ]
        ]
      }
    },
    {
      "type": "Feature",
      "properties": {
        "id": 321635970,
        "name": "King Abdulaziz Road",
        "ref": "15",
        "highway": "motorway"
      },
      "geometry": {
        "type": "LineString",
        "coordinates": [
          [
            42.517563,
            18.228639
          ],
          [
            42.516059,
            18.230325
          ],
          [
            42.515053,
            18.23137
          ]
        ]
      }
    },
    {
      "type": "Feature",
      "properties": {
        "id": 984555712,
        "name": "King Abdulaziz Road",
        "ref": "15",
        "highway": "trunk"
      },
      "geometry": {
        "type": "LineString",
        "coordinates": [
          [
            42.522713,
            18.21921
          ],
          [
            42.522754,
            18.219398
          ],
          [
            42.522833,
            18.219753
          ],
          [
            42.522888,
            18.21997
          ],
          [
            42.522958,
            18.220246
          ],
          [
            42.523006,
            18.220437
          ],
          [
            42.523047,
            18.220594
          ],
          [
            42.523194,
            18.22105
          ],
          [
            42.523264,
            18.221391
          ],
          [
            42.523275,
            18.221505
          ],
          [
            42.523279,
            18.221792
          ],
          [
            42.523272,
            18.221945
          ],
          [
            42.523242,
            18.222106
          ],
          [
            42.523191,
            18.222279
          ],
          [
            42.523156,
            18.222378
          ],
          [
            42.523044,
            18.222593
          ],
          [
            42.522927,
            18.222751
          ],
          [
            42.522798,
            18.222865
          ],
          [
            42.522338,
            18.223358
          ],
          [
            42.521642,
            18.224192
          ],
          [
            42.521049,
            18.224821
          ],
          [
            42.520634,
            18.225284
          ],
          [
            42.519591,
            18.226419
          ]
        ]
      }
    },
    {
      "type": "Feature",
      "properties": {
        "id": 1321645843,
        "name": "King Abdulaziz Road",
        "ref": "15",
        "highway": "trunk"
      },
      "geometry": {
        "type": "LineString",
        "coordinates": [
          [
            42.519591,
            18.226419
          ],
          [
            42.518479,
            18.227654
          ],
          [
            42.517888,
            18.228221
          ],
          [
            42.517563,
            18.228639
          ]
        ]
      }
    },
    {
      "type": "Feature",
      "properties": {
        "id": 95298081,
        "name": "Unnamed road",
        "ref": "",
        "highway": "tertiary"
      },
      "geometry": {
        "type": "LineString",
        "coordinates": [
          [
            42.518593,
            18.201178
          ],
          [
            42.518243,
            18.201247
          ],
          [
            42.517904,
            18.201322
          ],
          [
            42.517314,
            18.20147
          ],
          [
            42.516594,
            18.201686
          ],
          [
            42.51621,
            18.201771
          ],
          [
            42.515872,
            18.2019
          ],
          [
            42.51541,
            18.202119
          ],
          [
            42.515293,
            18.202213
          ],
          [
            42.515071,
            18.202556
          ],
          [
            42.51479,
            18.203049
          ]
        ]
      }
    },
    {
      "type": "Feature",
      "properties": {
        "id": 135230760,
        "name": "Named OSM road",
        "ref": "",
        "highway": "tertiary"
      },
      "geometry": {
        "type": "LineString",
        "coordinates": [
          [
            42.504774,
            18.200593
          ],
          [
            42.504059,
            18.200674
          ],
          [
            42.503379,
            18.200793
          ],
          [
            42.503159,
            18.200847
          ]
        ]
      }
    },
    {
      "type": "Feature",
      "properties": {
        "id": 288352413,
        "name": "Unnamed road",
        "ref": "",
        "highway": "tertiary"
      },
      "geometry": {
        "type": "LineString",
        "coordinates": [
          [
            42.51456,
            18.205291
          ],
          [
            42.514613,
            18.205021
          ],
          [
            42.514712,
            18.204139
          ],
          [
            42.514757,
            18.203503
          ],
          [
            42.514766,
            18.203388
          ],
          [
            42.514715,
            18.20323
          ],
          [
            42.514615,
            18.203086
          ]
        ]
      }
    },
    {
      "type": "Feature",
      "properties": {
        "id": 553861886,
        "name": "Named OSM road",
        "ref": "",
        "highway": "tertiary"
      },
      "geometry": {
        "type": "LineString",
        "coordinates": [
          [
            42.503159,
            18.200847
          ],
          [
            42.503016,
            18.20089
          ],
          [
            42.502877,
            18.200964
          ],
          [
            42.502659,
            18.201216
          ],
          [
            42.502595,
            18.201342
          ],
          [
            42.502518,
            18.201579
          ],
          [
            42.502543,
            18.201796
          ],
          [
            42.502639,
            18.202058
          ],
          [
            42.502668,
            18.202213
          ],
          [
            42.502669,
            18.202254
          ],
          [
            42.502672,
            18.2024
          ],
          [
            42.502674,
            18.202444
          ],
          [
            42.502681,
            18.202579
          ],
          [
            42.502649,
            18.202768
          ],
          [
            42.502354,
            18.203713
          ],
          [
            42.502303,
            18.203922
          ],
          [
            42.502102,
            18.204686
          ],
          [
            42.502049,
            18.205343
          ],
          [
            42.502033,
            18.205562
          ],
          [
            42.501998,
            18.206041
          ],
          [
            42.501981,
            18.206284
          ],
          [
            42.501946,
            18.206796
          ],
          [
            42.50179,
            18.207168
          ],
          [
            42.501778,
            18.207196
          ],
          [
            42.50157,
            18.207486
          ]
        ]
      }
    },
    {
      "type": "Feature",
      "properties": {
        "id": 787179200,
        "name": "Unnamed road",
        "ref": "",
        "highway": "primary"
      },
      "geometry": {
        "type": "LineString",
        "coordinates": [
          [
            42.517676,
            18.203843
          ],
          [
            42.517617,
            18.204088
          ],
          [
            42.517542,
            18.204397
          ],
          [
            42.517487,
            18.204789
          ],
          [
            42.517474,
            18.205132
          ],
          [
            42.517474,
            18.205514
          ],
          [
            42.517462,
            18.206451
          ],
          [
            42.517442,
            18.206961
          ],
          [
            42.517394,
            18.207534
          ]
        ]
      }
    },
    {
      "type": "Feature",
      "properties": {
        "id": 787179206,
        "name": "Unnamed road",
        "ref": "",
        "highway": "primary"
      },
      "geometry": {
        "type": "LineString",
        "coordinates": [
          [
            42.517266,
            18.207515
          ],
          [
            42.517304,
            18.206932
          ],
          [
            42.517325,
            18.206381
          ],
          [
            42.517337,
            18.205189
          ],
          [
            42.517347,
            18.204885
          ],
          [
            42.517378,
            18.204598
          ],
          [
            42.517413,
            18.204388
          ],
          [
            42.517493,
            18.204034
          ],
          [
            42.517566,
            18.203813
          ]
        ]
      }
    },
    {
      "type": "Feature",
      "properties": {
        "id": 787180832,
        "name": "Unnamed road",
        "ref": "",
        "highway": "secondary"
      },
      "geometry": {
        "type": "LineString",
        "coordinates": [
          [
            42.517044,
            18.204557
          ],
          [
            42.517064,
            18.2045
          ],
          [
            42.517128,
            18.204393
          ],
          [
            42.517224,
            18.204318
          ],
          [
            42.517251,
            18.204304
          ],
          [
            42.517309,
            18.20428
          ],
          [
            42.51741,
            18.204284
          ],
          [
            42.517593,
            18.204327
          ],
          [
            42.517746,
            18.204431
          ],
          [
            42.517807,
            18.204501
          ],
          [
            42.517859,
            18.204581
          ],
          [
            42.517934,
            18.204758
          ],
          [
            42.517941,
            18.204875
          ],
          [
            42.517934,
            18.204998
          ],
          [
            42.517894,
            18.205101
          ],
          [
            42.51778,
            18.205211
          ],
          [
            42.517721,
            18.205251
          ],
          [
            42.517634,
            18.205273
          ],
          [
            42.517558,
            18.205279
          ],
          [
            42.517487,
            18.205268
          ],
          [
            42.517376,
            18.205222
          ],
          [
            42.517255,
            18.205143
          ],
          [
            42.51713,
            18.205008
          ],
          [
            42.517041,
            18.204799
          ],
          [
            42.517029,
            18.204678
          ],
          [
            42.517044,
            18.204557
          ]
        ]
      }
    },
    {
      "type": "Feature",
      "properties": {
        "id": 54934546,
        "name": "King Faisal Road",
        "ref": "",
        "highway": "trunk"
      },
      "geometry": {
        "type": "LineString",
        "coordinates": [
          [
            42.501654,
            18.232324
          ],
          [
            42.501609,
            18.232644
          ],
          [
            42.501405,
            18.233201
          ],
          [
            42.501223,
            18.233547
          ],
          [
            42.501058,
            18.233822
          ],
          [
            42.500832,
            18.234298
          ],
          [
            42.500768,
            18.234434
          ],
          [
            42.500649,
            18.234683
          ],
          [
            42.500575,
            18.234841
          ],
          [
            42.500389,
            18.235402
          ],
          [
            42.500334,
            18.235611
          ],
          [
            42.500265,
            18.235871
          ],
          [
            42.50022,
            18.236283
          ],
          [
            42.5002,
            18.236566
          ],
          [
            42.500197,
            18.236902
          ],
          [
            42.500231,
            18.23733
          ],
          [
            42.500359,
            18.23811
          ],
          [
            42.50045,
            18.238723
          ],
          [
            42.500456,
            18.239115
          ],
          [
            42.500455,
            18.239244
          ],
          [
            42.500441,
            18.239392
          ],
          [
            42.500422,
            18.239615
          ],
          [
            42.50032,
            18.240043
          ],
          [
            42.500184,
            18.240428
          ],
          [
            42.499931,
            18.240929
          ],
          [
            42.499742,
            18.241237
          ],
          [
            42.499225,
            18.241961
          ],
          [
            42.49863,
            18.242648
          ],
          [
            42.497906,
            18.243322
          ],
          [
            42.497534,
            18.243694
          ],
          [
            42.497207,
            18.244064
          ],
          [
            42.496922,
            18.244455
          ],
          [
            42.496686,
            18.244885
          ],
          [
            42.496575,
            18.245149
          ],
          [
            42.496492,
            18.24541
          ],
          [
            42.496415,
            18.245853
          ],
          [
            42.496392,
            18.2462
          ],
          [
            42.496388,
            18.246601
          ],
          [
            42.496497,
            18.247016
          ],
          [
            42.496625,
            18.247372
          ],
          [
            42.496795,
            18.24771
          ],
          [
            42.49704,
            18.248042
          ],
          [
            42.497222,
            18.248282
          ],
          [
            42.497372,
            18.248468
          ],
          [
            42.497754,
            18.248939
          ],
          [
            42.497998,
            18.249293
          ],
          [
            42.498186,
            18.249658
          ],
          [
            42.498351,
            18.250166
          ],
          [
            42.498405,
            18.250434
          ],
          [
            42.498412,
            18.25074
          ],
          [
            42.498414,
            18.250845
          ],
          [
            42.498417,
            18.251564
          ],
          [
            42.498434,
            18.251751
          ],
          [
            42.498457,
            18.251907
          ],
          [
            42.498508,
            18.252064
          ],
          [
            42.498667,
            18.252348
          ],
          [
            42.498829,
            18.252635
          ],
          [
            42.498884,
            18.252783
          ],
          [
            42.498914,
            18.252986
          ],
          [
            42.498923,
            18.253072
          ],
          [
            42.498926,
            18.253202
          ],
          [
            42.498878,
            18.253486
          ],
          [
            42.498721,
            18.254043
          ],
          [
            42.49873,
            18.254289
          ],
          [
            42.498795,
            18.254532
          ],
          [
            42.498915,
            18.254767
          ],
          [
            42.499052,
            18.254981
          ]
        ]
      }
    },
    {
      "type": "Feature",
      "properties": {
        "id": 95290285,
        "name": "Named OSM road",
        "ref": "",
        "highway": "tertiary"
      },
      "geometry": {
        "type": "LineString",
        "coordinates": [
          [
            42.50446,
            18.213975
          ],
          [
            42.504441,
            18.213798
          ],
          [
            42.50429,
            18.213702
          ],
          [
            42.504134,
            18.213579
          ],
          [
            42.503889,
            18.213325
          ],
          [
            42.503645,
            18.213058
          ],
          [
            42.503502,
            18.212827
          ],
          [
            42.503344,
            18.212516
          ],
          [
            42.503249,
            18.212338
          ],
          [
            42.503144,
            18.212197
          ],
          [
            42.503072,
            18.212136
          ],
          [
            42.503029,
            18.212014
          ],
          [
            42.502847,
            18.211285
          ]
        ]
      }
    },
    {
      "type": "Feature",
      "properties": {
        "id": 95290316,
        "name": "Unnamed road",
        "ref": "",
        "highway": "tertiary"
      },
      "geometry": {
        "type": "LineString",
        "coordinates": [
          [
            42.500101,
            18.213862
          ],
          [
            42.500367,
            18.213901
          ],
          [
            42.500551,
            18.213903
          ],
          [
            42.500675,
            18.213878
          ],
          [
            42.50082,
            18.213819
          ],
          [
            42.501048,
            18.213582
          ],
          [
            42.501404,
            18.213186
          ],
          [
            42.501743,
            18.212968
          ],
          [
            42.502102,
            18.212768
          ],
          [
            42.502187,
            18.212707
          ]
        ]
      }
    },
    {
      "type": "Feature",
      "properties": {
        "id": 95298100,
        "name": "Unnamed road",
        "ref": "",
        "highway": "tertiary"
      },
      "geometry": {
        "type": "LineString",
        "coordinates": [
          [
            42.514302,
            18.21313
          ],
          [
            42.514347,
            18.21286
          ],
          [
            42.514436,
            18.21233
          ],
          [
            42.514443,
            18.212267
          ],
          [
            42.514492,
            18.211406
          ],
          [
            42.514477,
            18.211021
          ],
          [
            42.514458,
            18.210555
          ],
          [
            42.514454,
            18.21032
          ],
          [
            42.51445,
            18.210104
          ],
          [
            42.514448,
            18.209964
          ],
          [
            42.51441,
            18.20939
          ],
          [
            42.514394,
            18.209184
          ],
          [
            42.514386,
            18.208578
          ],
          [
            42.514384,
            18.208548
          ],
          [
            42.514334,
            18.208142
          ],
          [
            42.514304,
            18.207899
          ],
          [
            42.514331,
            18.207747
          ],
          [
            42.51439,
            18.207419
          ],
          [
            42.514407,
            18.207325
          ],
          [
            42.514546,
            18.206701
          ],
          [
            42.51455,
            18.206657
          ],
          [
            42.514589,
            18.206228
          ],
          [
            42.514607,
            18.206039
          ],
          [
            42.514637,
            18.205412
          ],
          [
            42.51456,
            18.205291
          ]
        ]
      }
    },
    {
      "type": "Feature",
      "properties": {
        "id": 95298109,
        "name": "Unnamed road",
        "ref": "",
        "highway": "tertiary"
      },
      "geometry": {
        "type": "LineString",
        "coordinates": [
          [
            42.513006,
            18.212931
          ],
          [
            42.51265,
            18.212893
          ],
          [
            42.512286,
            18.212872
          ],
          [
            42.511966,
            18.212877
          ],
          [
            42.511652,
            18.21292
          ],
          [
            42.511353,
            18.212955
          ],
          [
            42.510875,
            18.213157
          ],
          [
            42.510696,
            18.213231
          ],
          [
            42.510655,
            18.213277
          ],
          [
            42.510499,
            18.213394
          ],
          [
            42.510401,
            18.213465
          ],
          [
            42.5103,
            18.213539
          ],
          [
            42.510162,
            18.213639
          ],
          [
            42.509918,
            18.213815
          ]
        ]
      }
    },
    {
      "type": "Feature",
      "properties": {
        "id": 95298116,
        "name": "Unnamed road",
        "ref": "",
        "highway": "tertiary"
      },
      "geometry": {
        "type": "LineString",
        "coordinates": [
          [
            42.509883,
            18.213761
          ],
          [
            42.509918,
            18.213815
          ],
          [
            42.510083,
            18.214305
          ],
          [
            42.510092,
            18.214333
          ],
          [
            42.510117,
            18.214682
          ],
          [
            42.510105,
            18.214745
          ],
          [
            42.510061,
            18.214976
          ],
          [
            42.510058,
            18.214998
          ]
        ]
      }
    },
    {
      "type": "Feature",
      "properties": {
        "id": 95298133,
        "name": "Unnamed road",
        "ref": "",
        "highway": "tertiary"
      },
      "geometry": {
        "type": "LineString",
        "coordinates": [
          [
            42.509883,
            18.213761
          ],
          [
            42.509562,
            18.213347
          ],
          [
            42.509538,
            18.213289
          ],
          [
            42.50936,
            18.213095
          ],
          [
            42.508844,
            18.212525
          ],
          [
            42.508531,
            18.212181
          ]
        ]
      }
    },
    {
      "type": "Feature",
      "properties": {
        "id": 95506212,
        "name": "Unnamed road",
        "ref": "",
        "highway": "tertiary"
      },
      "geometry": {
        "type": "LineString",
        "coordinates": [
          [
            42.502187,
            18.212707
          ],
          [
            42.502668,
            18.212408
          ],
          [
            42.50296,
            18.212279
          ],
          [
            42.503144,
            18.212197
          ],
          [
            42.503245,
            18.212161
          ],
          [
            42.503437,
            18.212103
          ],
          [
            42.503515,
            18.21208
          ],
          [
            42.503554,
            18.212068
          ],
          [
            42.503723,
            18.212017
          ],
          [
            42.504169,
            18.211933
          ],
          [
            42.504803,
            18.211751
          ],
          [
            42.505057,
            18.211633
          ],
          [
            42.50557,
            18.211428
          ],
          [
            42.50608,
            18.211243
          ],
          [
            42.506854,
            18.210963
          ],
          [
            42.507406,
            18.210765
          ],
          [
            42.507926,
            18.210521
          ],
          [
            42.508769,
            18.210129
          ],
          [
            42.508996,
            18.209988
          ],
          [
            42.509701,
            18.209421
          ],
          [
            42.510414,
            18.208781
          ],
          [
            42.510561,
            18.208664
          ],
          [
            42.51103,
            18.208289
          ],
          [
            42.511178,
            18.208171
          ],
          [
            42.51194,
            18.207562
          ],
          [
            42.512658,
            18.206989
          ],
          [
            42.514349,
            18.205542
          ],
          [
            42.51456,
            18.205291
          ]
        ]
      }
    },
    {
      "type": "Feature",
      "properties": {
        "id": 95506222,
        "name": "Unnamed road",
        "ref": "",
        "highway": "tertiary"
      },
      "geometry": {
        "type": "LineString",
        "coordinates": [
          [
            42.507406,
            18.210765
          ],
          [
            42.507629,
            18.211056
          ],
          [
            42.508027,
            18.211625
          ],
          [
            42.508258,
            18.211875
          ],
          [
            42.508516,
            18.21216
          ],
          [
            42.508531,
            18.212181
          ]
        ]
      }
    },
    {
      "type": "Feature",
      "properties": {
        "id": 95506226,
        "name": "Unnamed road",
        "ref": "",
        "highway": "tertiary"
      },
      "geometry": {
        "type": "LineString",
        "coordinates": [
          [
            42.51861,
            18.220191
          ],
          [
            42.518514,
            18.220382
          ],
          [
            42.517857,
            18.221689
          ],
          [
            42.517534,
            18.22233
          ],
          [
            42.517328,
            18.22264
          ],
          [
            42.517289,
            18.222681
          ],
          [
            42.516725,
            18.223271
          ],
          [
            42.516548,
            18.223455
          ],
          [
            42.516511,
            18.223493
          ],
          [
            42.516373,
            18.223661
          ],
          [
            42.516273,
            18.223784
          ],
          [
            42.516123,
            18.223968
          ],
          [
            42.515872,
            18.224353
          ],
          [
            42.515683,
            18.224555
          ],
          [
            42.515384,
            18.224594
          ],
          [
            42.515188,
            18.224549
          ],
          [
            42.514786,
            18.224324
          ],
          [
            42.514063,
            18.223788
          ],
          [
            42.513758,
            18.223588
          ],
          [
            42.51354,
            18.223479
          ],
          [
            42.513283,
            18.223385
          ],
          [
            42.512709,
            18.223242
          ]
        ]
      }
    },
    {
      "type": "Feature",
      "properties": {
        "id": 95506227,
        "name": "Unnamed road",
        "ref": "",
        "highway": "tertiary"
      },
      "geometry": {
        "type": "LineString",
        "coordinates": [
          [
            42.50983,
            18.215605
          ],
          [
            42.509956,
            18.215324
          ],
          [
            42.509984,
            18.215252
          ],
          [
            42.510025,
            18.215082
          ],
          [
            42.510058,
            18.214998
          ]
        ]
      }
    },
    {
      "type": "Feature",
      "properties": {
        "id": 95507286,
        "name": "Unnamed road",
        "ref": "",
        "highway": "tertiary"
      },
      "geometry": {
        "type": "LineString",
        "coordinates": [
          [
            42.498589,
            18.21617
          ],
          [
            42.498391,
            18.21632
          ],
          [
            42.497953,
            18.216597
          ],
          [
            42.497621,
            18.216777
          ],
          [
            42.497186,
            18.216994
          ],
          [
            42.496685,
            18.217216
          ],
          [
            42.495932,
            18.217517
          ],
          [
            42.495765,
            18.217617
          ],
          [
            42.495365,
            18.217942
          ],
          [
            42.495123,
            18.218348
          ],
          [
            42.4951,
            18.218386
          ],
          [
            42.494986,
            18.218556
          ],
          [
            42.494968,
            18.218597
          ],
          [
            42.494911,
            18.21873
          ],
          [
            42.494828,
            18.21885
          ],
          [
            42.494611,
            18.21904
          ],
          [
            42.494498,
            18.219108
          ],
          [
            42.494073,
            18.219314
          ],
          [
            42.493791,
            18.219429
          ],
          [
            42.493255,
            18.219682
          ],
          [
            42.493099,
            18.219786
          ],
          [
            42.492911,
            18.21989
          ],
          [
            42.492281,
            18.220364
          ],
          [
            42.492083,
            18.220495
          ],
          [
            42.491861,
            18.220665
          ],
          [
            42.491386,
            18.221033
          ],
          [
            42.491298,
            18.221079
          ],
          [
            42.491242,
            18.221109
          ],
          [
            42.490912,
            18.221224
          ],
          [
            42.49065,
            18.221281
          ],
          [
            42.490372,
            18.221292
          ],
          [
            42.490109,
            18.221302
          ]
        ]
      }
    },
    {
      "type": "Feature",
      "properties": {
        "id": 95507289,
        "name": "Unnamed road",
        "ref": "",
        "highway": "tertiary"
      },
      "geometry": {
        "type": "LineString",
        "coordinates": [
          [
            42.493851,
            18.216445
          ],
          [
            42.49297,
            18.215959
          ],
          [
            42.492722,
            18.215985
          ],
          [
            42.492032,
            18.216597
          ],
          [
            42.491585,
            18.217045
          ],
          [
            42.491244,
            18.2174
          ],
          [
            42.490561,
            18.218149
          ],
          [
            42.49026,
            18.218427
          ],
          [
            42.490154,
            18.218601
          ],
          [
            42.490031,
            18.218828
          ],
          [
            42.489745,
            18.21947
          ],
          [
            42.489686,
            18.219732
          ],
          [
            42.489651,
            18.219958
          ],
          [
            42.489666,
            18.220387
          ],
          [
            42.489726,
            18.22092
          ]
        ]
      }
    },
    {
      "type": "Feature",
      "properties": {
        "id": 95507291,
        "name": "King Faisal Road",
        "ref": "",
        "highway": "tertiary"
      },
      "geometry": {
        "type": "LineString",
        "coordinates": [
          [
            42.500164,
            18.225256
          ],
          [
            42.500162,
            18.225439
          ],
          [
            42.500145,
            18.226132
          ],
          [
            42.500132,
            18.226588
          ],
          [
            42.500162,
            18.227118
          ],
          [
            42.500193,
            18.227659
          ],
          [
            42.500206,
            18.227885
          ],
          [
            42.500227,
            18.228266
          ],
          [
            42.500285,
            18.228518
          ],
          [
            42.500373,
            18.228784
          ],
          [
            42.500395,
            18.228834
          ],
          [
            42.50055,
            18.22919
          ],
          [
            42.500753,
            18.229662
          ],
          [
            42.500839,
            18.229842
          ],
          [
            42.500955,
            18.230063
          ],
          [
            42.501148,
            18.230495
          ],
          [
            42.50129,
            18.230806
          ],
          [
            42.501495,
            18.231195
          ]
        ]
      }
    },
    {
      "type": "Feature",
      "properties": {
        "id": 95507294,
        "name": "Unnamed road",
        "ref": "",
        "highway": "tertiary"
      },
      "geometry": {
        "type": "LineString",
        "coordinates": [
          [
            42.494351,
            18.214982
          ],
          [
            42.494319,
            18.215072
          ],
          [
            42.493966,
            18.216147
          ],
          [
            42.493851,
            18.216445
          ],
          [
            42.493479,
            18.217342
          ],
          [
            42.493217,
            18.218264
          ],
          [
            42.493185,
            18.218493
          ],
          [
            42.493214,
            18.21871
          ],
          [
            42.493375,
            18.218952
          ],
          [
            42.493791,
            18.219429
          ]
        ]
      }
    },
    {
      "type": "Feature",
      "properties": {
        "id": 98860929,
        "name": "Unnamed road",
        "ref": "",
        "highway": "tertiary"
      },
      "geometry": {
        "type": "LineString",
        "coordinates": [
          [
            42.487948,
            18.221469
          ],
          [
            42.487767,
            18.221533
          ],
          [
            42.487541,
            18.221655
          ],
          [
            42.487409,
            18.221775
          ],
          [
            42.487273,
            18.221981
          ],
          [
            42.487166,
            18.222386
          ],
          [
            42.487109,
            18.222601
          ],
          [
            42.487045,
            18.22302
          ],
          [
            42.486808,
            18.223354
          ],
          [
            42.486271,
            18.223781
          ],
          [
            42.486216,
            18.223824
          ],
          [
            42.485836,
            18.224
          ],
          [
            42.484847,
            18.223928
          ],
          [
            42.484795,
            18.223934
          ],
          [
            42.48468,
            18.223943
          ],
          [
            42.484578,
            18.223983
          ]
        ]
      }
    },
    {
      "type": "Feature",
      "properties": {
        "id": 98943415,
        "name": "Unnamed road",
        "ref": "",
        "highway": "tertiary"
      },
      "geometry": {
        "type": "LineString",
        "coordinates": [
          [
            42.516133,
            18.213273
          ],
          [
            42.514302,
            18.21313
          ],
          [
            42.51416,
            18.213111
          ],
          [
            42.513006,
            18.212931
          ]
        ]
      }
    },
    {
      "type": "Feature",
      "properties": {
        "id": 98945859,
        "name": "Unnamed road",
        "ref": "",
        "highway": "tertiary"
      },
      "geometry": {
        "type": "LineString",
        "coordinates": [
          [
            42.501394,
            18.207698
          ],
          [
            42.501283,
            18.207633
          ],
          [
            42.500905,
            18.207535
          ],
          [
            42.500528,
            18.207454
          ],
          [
            42.499839,
            18.207339
          ],
          [
            42.499432,
            18.207352
          ],
          [
            42.499302,
            18.207455
          ],
          [
            42.499201,
            18.207597
          ],
          [
            42.499151,
            18.207679
          ],
          [
            42.499116,
            18.207722
          ],
          [
            42.499049,
            18.207796
          ],
          [
            42.498665,
            18.208233
          ],
          [
            42.498583,
            18.208326
          ],
          [
            42.498065,
            18.208879
          ],
          [
            42.497981,
            18.208969
          ],
          [
            42.497924,
            18.209029
          ],
          [
            42.497118,
            18.20989
          ],
          [
            42.496931,
            18.21009
          ],
          [
            42.496841,
            18.210175
          ],
          [
            42.496558,
            18.210596
          ],
          [
            42.496177,
            18.211137
          ],
          [
            42.495933,
            18.211448
          ]
        ]
      }
    },
    {
      "type": "Feature",
      "properties": {
        "id": 135038972,
        "name": "Unnamed road",
        "ref": "",
        "highway": "tertiary"
      },
      "geometry": {
        "type": "LineString",
        "coordinates": [
          [
            42.514366,
            18.21917
          ],
          [
            42.514371,
            18.219019
          ],
          [
            42.514338,
            18.218908
          ],
          [
            42.514275,
            18.218817
          ],
          [
            42.514181,
            18.218777
          ],
          [
            42.51409,
            18.218777
          ],
          [
            42.514024,
            18.21882
          ],
          [
            42.513973,
            18.218854
          ],
          [
            42.513875,
            18.21895
          ],
          [
            42.513764,
            18.219067
          ],
          [
            42.513709,
            18.219122
          ],
          [
            42.51369,
            18.219141
          ],
          [
            42.513385,
            18.219414
          ],
          [
            42.513125,
            18.219613
          ],
          [
            42.512817,
            18.219811
          ],
          [
            42.51258,
            18.219922
          ],
          [
            42.512333,
            18.220026
          ],
          [
            42.512023,
            18.220154
          ],
          [
            42.51165,
            18.220291
          ],
          [
            42.511404,
            18.220394
          ],
          [
            42.511035,
            18.220564
          ],
          [
            42.510754,
            18.220717
          ],
          [
            42.510246,
            18.221068
          ],
          [
            42.509951,
            18.22133
          ],
          [
            42.509775,
            18.221473
          ],
          [
            42.509574,
            18.221657
          ],
          [
            42.509426,
            18.221799
          ],
          [
            42.5086,
            18.222588
          ]
        ]
      }
    },
    {
      "type": "Feature",
      "properties": {
        "id": 135038977,
        "name": "Unnamed road",
        "ref": "",
        "highway": "tertiary"
      },
      "geometry": {
        "type": "LineString",
        "coordinates": [
          [
            42.504136,
            18.221966
          ],
          [
            42.503661,
            18.221805
          ]
        ]
      }
    },
    {
      "type": "Feature",
      "properties": {
        "id": 135038978,
        "name": "Named OSM road",
        "ref": "",
        "highway": "tertiary"
      },
      "geometry": {
        "type": "LineString",
        "coordinates": [
          [
            42.503661,
            18.221805
          ],
          [
            42.503434,
            18.221738
          ],
          [
            42.50327,
            18.221702
          ],
          [
            42.503115,
            18.221687
          ],
          [
            42.50298,
            18.221675
          ],
          [
            42.502677,
            18.221658
          ],
          [
            42.502409,
            18.221674
          ],
          [
            42.502158,
            18.221731
          ],
          [
            42.501923,
            18.221835
          ],
          [
            42.501764,
            18.221939
          ],
          [
            42.501568,
            18.222089
          ],
          [
            42.50148,
            18.22218
          ],
          [
            42.501442,
            18.222249
          ],
          [
            42.50132,
            18.222475
          ],
          [
            42.501191,
            18.222726
          ],
          [
            42.501101,
            18.222965
          ],
          [
            42.501058,
            18.223113
          ],
          [
            42.500931,
            18.223473
          ],
          [
            42.500896,
            18.223593
          ],
          [
            42.500853,
            18.223704
          ],
          [
            42.500708,
            18.223969
          ],
          [
            42.500374,
            18.224456
          ],
          [
            42.500271,
            18.224626
          ],
          [
            42.500222,
            18.22479
          ],
          [
            42.500186,
            18.224983
          ],
          [
            42.500177,
            18.225096
          ],
          [
            42.500164,
            18.225256
          ]
        ]
      }
    },
    {
      "type": "Feature",
      "properties": {
        "id": 135229566,
        "name": "Unnamed road",
        "ref": "",
        "highway": "tertiary"
      },
      "geometry": {
        "type": "LineString",
        "coordinates": [
          [
            42.50386,
            18.222606
          ],
          [
            42.503689,
            18.222944
          ],
          [
            42.503638,
            18.223045
          ],
          [
            42.503563,
            18.223157
          ],
          [
            42.503399,
            18.223415
          ],
          [
            42.50321,
            18.223623
          ],
          [
            42.503017,
            18.223818
          ],
          [
            42.502695,
            18.224075
          ],
          [
            42.502364,
            18.224219
          ],
          [
            42.50202,
            18.224365
          ],
          [
            42.501537,
            18.224531
          ],
          [
            42.501354,
            18.224572
          ],
          [
            42.501055,
            18.224626
          ],
          [
            42.500974,
            18.224636
          ],
          [
            42.500623,
            18.224668
          ],
          [
            42.500347,
            18.224726
          ],
          [
            42.500222,
            18.22479
          ]
        ]
      }
    },
    {
      "type": "Feature",
      "properties": {
        "id": 135229571,
        "name": "Unnamed road",
        "ref": "",
        "highway": "tertiary"
      },
      "geometry": {
        "type": "LineString",
        "coordinates": [
          [
            42.503853,
            18.221903
          ],
          [
            42.503869,
            18.222065
          ],
          [
            42.503879,
            18.222326
          ],
          [
            42.50386,
            18.222606
          ]
        ]
      }
    },
    {
      "type": "Feature",
      "properties": {
        "id": 135229572,
        "name": "Unnamed road",
        "ref": "",
        "highway": "tertiary"
      },
      "geometry": {
        "type": "LineString",
        "coordinates": [
          [
            42.503493,
            18.219439
          ],
          [
            42.503487,
            18.219653
          ],
          [
            42.503489,
            18.219986
          ],
          [
            42.50351,
            18.220187
          ],
          [
            42.50353,
            18.220303
          ],
          [
            42.503593,
            18.22079
          ],
          [
            42.503708,
            18.221245
          ]
        ]
      }
    },
    {
      "type": "Feature",
      "properties": {
        "id": 135229579,
        "name": "Unnamed road",
        "ref": "",
        "highway": "tertiary"
      },
      "geometry": {
        "type": "LineString",
        "coordinates": [
          [
            42.497258,
            18.212123
          ],
          [
            42.496888,
            18.212081
          ],
          [
            42.496699,
            18.212005
          ],
          [
            42.496324,
            18.21175
          ],
          [
            42.495933,
            18.211448
          ],
          [
            42.495648,
            18.211218
          ],
          [
            42.49541,
            18.210997
          ],
          [
            42.495262,
            18.210877
          ],
          [
            42.495233,
            18.21085
          ],
          [
            42.495031,
            18.210662
          ],
          [
            42.494882,
            18.210537
          ],
          [
            42.494704,
            18.210387
          ],
          [
            42.494175,
            18.209939
          ],
          [
            42.494108,
            18.209882
          ],
          [
            42.493799,
            18.209581
          ],
          [
            42.493463,
            18.209254
          ],
          [
            42.493334,
            18.209131
          ],
          [
            42.49327,
            18.20907
          ],
          [
            42.493072,
            18.208882
          ],
          [
            42.492864,
            18.208671
          ],
          [
            42.492767,
            18.208572
          ],
          [
            42.492458,
            18.208319
          ],
          [
            42.49243,
            18.208298
          ],
          [
            42.492165,
            18.208095
          ],
          [
            42.491651,
            18.207753
          ],
          [
            42.491617,
            18.20773
          ],
          [
            42.491304,
            18.207508
          ]
        ]
      }
    },
    {
      "type": "Feature",
      "properties": {
        "id": 135229586,
        "name": "Unnamed road",
        "ref": "",
        "highway": "primary"
      },
      "geometry": {
        "type": "LineString",
        "coordinates": [
          [
            42.490833,
            18.207771
          ],
          [
            42.490842,
            18.207582
          ],
          [
            42.490855,
            18.207433
          ],
          [
            42.490842,
            18.207341
          ],
          [
            42.490801,
            18.207249
          ],
          [
            42.490741,
            18.207142
          ]
        ]
      }
    },
    {
      "type": "Feature",
      "properties": {
        "id": 135229587,
        "name": "Unnamed road",
        "ref": "",
        "highway": "primary"
      },
      "geometry": {
        "type": "LineString",
        "coordinates": [
          [
            42.49081,
            18.207052
          ],
          [
            42.490904,
            18.207031
          ],
          [
            42.490957,
            18.20701
          ],
          [
            42.491013,
            18.206977
          ],
          [
            42.491162,
            18.206817
          ]
        ]
      }
    },
    {
      "type": "Feature",
      "properties": {
        "id": 135230620,
        "name": "Unnamed road",
        "ref": "",
        "highway": "tertiary"
      },
      "geometry": {
        "type": "LineString",
        "coordinates": [
          [
            42.506727,
            18.223344
          ],
          [
            42.50662,
            18.223501
          ],
          [
            42.506521,
            18.223698
          ],
          [
            42.50649,
            18.223855
          ],
          [
            42.506506,
            18.22408
          ]
        ]
      }
    },
    {
      "type": "Feature",
      "properties": {
        "id": 135230622,
        "name": "Unnamed road",
        "ref": "",
        "highway": "tertiary"
      },
      "geometry": {
        "type": "LineString",
        "coordinates": [
          [
            42.506506,
            18.22408
          ],
          [
            42.506289,
            18.22371
          ],
          [
            42.506089,
            18.22333
          ],
          [
            42.506002,
            18.22318
          ]
        ]
      }
    },
    {
      "type": "Feature",
      "properties": {
        "id": 135230631,
        "name": "Unnamed road",
        "ref": "",
        "highway": "tertiary"
      },
      "geometry": {
        "type": "LineString",
        "coordinates": [
          [
            42.506506,
            18.22408
          ],
          [
            42.506887,
            18.224771
          ],
          [
            42.507048,
            18.224937
          ],
          [
            42.507113,
            18.225012
          ],
          [
            42.507389,
            18.225212
          ],
          [
            42.507573,
            18.225344
          ],
          [
            42.507814,
            18.225487
          ],
          [
            42.508319,
            18.225816
          ],
          [
            42.508635,
            18.226016
          ],
          [
            42.509046,
            18.226276
          ],
          [
            42.50913,
            18.226329
          ],
          [
            42.509278,
            18.226423
          ],
          [
            42.509817,
            18.226763
          ],
          [
            42.510351,
            18.227049
          ]
        ]
      }
    },
    {
      "type": "Feature",
      "properties": {
        "id": 148769149,
        "name": "Unnamed road",
        "ref": "",
        "highway": "primary"
      },
      "geometry": {
        "type": "LineString",
        "coordinates": [
          [
            42.507603,
            18.232789
          ],
          [
            42.508356,
            18.23133
          ],
          [
            42.50869,
            18.230779
          ],
          [
            42.509189,
            18.229957
          ],
          [
            42.509571,
            18.229321
          ],
          [
            42.509747,
            18.228896
          ],
          [
            42.509859,
            18.228563
          ],
          [
            42.509995,
            18.228238
          ],
          [
            42.510101,
            18.227912
          ],
          [
            42.510351,
            18.227049
          ]
        ]
      }
    },
    {
      "type": "Feature",
      "properties": {
        "id": 158458145,
        "name": "Named OSM road",
        "ref": "",
        "highway": "tertiary"
      },
      "geometry": {
        "type": "LineString",
        "coordinates": [
          [
            42.502847,
            18.211285
          ],
          [
            42.502963,
            18.211531
          ],
          [
            42.503136,
            18.211989
          ],
          [
            42.503186,
            18.212088
          ],
          [
            42.503245,
            18.212161
          ],
          [
            42.503334,
            18.212292
          ],
          [
            42.503429,
            18.212472
          ],
          [
            42.503607,
            18.21282
          ],
          [
            42.503764,
            18.21304
          ],
          [
            42.503868,
            18.213147
          ],
          [
            42.504006,
            18.213289
          ],
          [
            42.504209,
            18.213482
          ],
          [
            42.504476,
            18.213677
          ],
          [
            42.505045,
            18.213974
          ],
          [
            42.505261,
            18.21405
          ],
          [
            42.505443,
            18.214098
          ],
          [
            42.505815,
            18.214153
          ]
        ]
      }
    },
    {
      "type": "Feature",
      "properties": {
        "id": 158458170,
        "name": "Unnamed road",
        "ref": "",
        "highway": "tertiary"
      },
      "geometry": {
        "type": "LineString",
        "coordinates": [
          [
            42.493934,
            18.231277
          ],
          [
            42.493985,
            18.231184
          ],
          [
            42.494015,
            18.23113
          ],
          [
            42.494119,
            18.231021
          ],
          [
            42.494304,
            18.23089
          ],
          [
            42.494523,
            18.23076
          ],
          [
            42.49495,
            18.230449
          ],
          [
            42.495081,
            18.230328
          ],
          [
            42.495881,
            18.229699
          ],
          [
            42.49615,
            18.229508
          ],
          [
            42.496475,
            18.229221
          ],
          [
            42.496644,
            18.229083
          ],
          [
            42.496716,
            18.229024
          ],
          [
            42.497107,
            18.228689
          ],
          [
            42.497291,
            18.228536
          ],
          [
            42.4978,
            18.228099
          ],
          [
            42.497842,
            18.22804
          ],
          [
            42.498124,
            18.227806
          ],
          [
            42.498212,
            18.227699
          ],
          [
            42.498352,
            18.227539
          ],
          [
            42.498388,
            18.227483
          ],
          [
            42.498466,
            18.227357
          ],
          [
            42.49856,
            18.227207
          ],
          [
            42.49857,
            18.227064
          ],
          [
            42.49868,
            18.226827
          ],
          [
            42.498799,
            18.226625
          ],
          [
            42.498831,
            18.226555
          ],
          [
            42.498944,
            18.226356
          ],
          [
            42.499008,
            18.226206
          ],
          [
            42.49904,
            18.226099
          ],
          [
            42.499242,
            18.225737
          ],
          [
            42.499268,
            18.225693
          ],
          [
            42.499399,
            18.22546
          ],
          [
            42.499513,
            18.225255
          ],
          [
            42.499643,
            18.225036
          ]
        ]
      }
    },
    {
      "type": "Feature",
      "properties": {
        "id": 158458178,
        "name": "King Faisal Road",
        "ref": "",
        "highway": "tertiary"
      },
      "geometry": {
        "type": "LineString",
        "coordinates": [
          [
            42.500058,
            18.22541
          ],
          [
            42.500031,
            18.225345
          ],
          [
            42.499902,
            18.225098
          ],
          [
            42.49984,
            18.22501
          ],
          [
            42.499795,
            18.224919
          ],
          [
            42.499806,
            18.224792
          ],
          [
            42.499841,
            18.224547
          ],
          [
            42.499839,
            18.223356
          ],
          [
            42.499823,
            18.222445
          ],
          [
            42.499882,
            18.222171
          ],
          [
            42.499966,
            18.221843
          ],
          [
            42.500129,
            18.221312
          ],
          [
            42.50018,
            18.221042
          ]
        ]
      }
    },
    {
      "type": "Feature",
      "properties": {
        "id": 158458190,
        "name": "Unnamed road",
        "ref": "",
        "highway": "tertiary"
      },
      "geometry": {
        "type": "LineString",
        "coordinates": [
          [
            42.50066,
            18.21995
          ],
          [
            42.501006,
            18.219502
          ]
        ]
      }
    },
    {
      "type": "Feature",
      "properties": {
        "id": 158458200,
        "name": "King Faisal Road",
        "ref": "",
        "highway": "primary"
      },
      "geometry": {
        "type": "LineString",
        "coordinates": [
          [
            42.514292,
            18.218427
          ],
          [
            42.513517,
            18.217902
          ],
          [
            42.513334,
            18.21779
          ],
          [
            42.512969,
            18.217556
          ],
          [
            42.51256,
            18.217285
          ],
          [
            42.512354,
            18.217161
          ],
          [
            42.511787,
            18.216819
          ],
          [
            42.510888,
            18.216297
          ],
          [
            42.510002,
            18.215788
          ],
          [
            42.509893,
            18.215738
          ],
          [
            42.509827,
            18.215714
          ],
          [
            42.509543,
            18.215637
          ],
          [
            42.508677,
            18.215437
          ],
          [
            42.50836,
            18.215375
          ],
          [
            42.508144,
            18.215308
          ],
          [
            42.507926,
            18.21523
          ],
          [
            42.507526,
            18.215108
          ],
          [
            42.50718,
            18.21504
          ],
          [
            42.506856,
            18.215027
          ],
          [
            42.50654,
            18.215105
          ],
          [
            42.50626,
            18.215211
          ],
          [
            42.505152,
            18.215794
          ],
          [
            42.504658,
            18.216069
          ],
          [
            42.504186,
            18.216364
          ],
          [
            42.503902,
            18.216567
          ],
          [
            42.503796,
            18.216639
          ],
          [
            42.503701,
            18.216726
          ],
          [
            42.503657,
            18.216775
          ],
          [
            42.503597,
            18.21687
          ],
          [
            42.503573,
            18.216937
          ],
          [
            42.503543,
            18.217001
          ],
          [
            42.503477,
            18.217071
          ],
          [
            42.503367,
            18.21713
          ],
          [
            42.503183,
            18.21715
          ],
          [
            42.502997,
            18.217204
          ],
          [
            42.502759,
            18.217351
          ],
          [
            42.501775,
            18.218301
          ],
          [
            42.501679,
            18.21837
          ],
          [
            42.501601,
            18.21842
          ],
          [
            42.501534,
            18.218447
          ],
          [
            42.501452,
            18.218481
          ],
          [
            42.501375,
            18.218485
          ],
          [
            42.501186,
            18.218414
          ]
        ]
      }
    },
    {
      "type": "Feature",
      "properties": {
        "id": 158458216,
        "name": "Unnamed road",
        "ref": "",
        "highway": "tertiary"
      },
      "geometry": {
        "type": "LineString",
        "coordinates": [
          [
            42.4988,
            18.213118
          ],
          [
            42.498906,
            18.213043
          ],
          [
            42.498986,
            18.213015
          ],
          [
            42.499051,
            18.21302
          ],
          [
            42.499149,
            18.213042
          ],
          [
            42.499369,
            18.213236
          ],
          [
            42.49961,
            18.213451
          ],
          [
            42.499906,
            18.213717
          ],
          [
            42.500101,
            18.213862
          ],
          [
            42.501618,
            18.214957
          ],
          [
            42.502173,
            18.215335
          ],
          [
            42.502261,
            18.215407
          ],
          [
            42.502608,
            18.215626
          ],
          [
            42.502804,
            18.21584
          ],
          [
            42.502842,
            18.215891
          ],
          [
            42.503044,
            18.21616
          ],
          [
            42.503169,
            18.216399
          ],
          [
            42.503289,
            18.216533
          ],
          [
            42.503412,
            18.216677
          ],
          [
            42.503491,
            18.216758
          ],
          [
            42.503539,
            18.216807
          ],
          [
            42.503597,
            18.21687
          ],
          [
            42.503657,
            18.217061
          ],
          [
            42.503646,
            18.217254
          ],
          [
            42.503611,
            18.217732
          ],
          [
            42.503565,
            18.21844
          ],
          [
            42.503546,
            18.218788
          ]
        ]
      }
    },
    {
      "type": "Feature",
      "properties": {
        "id": 158458219,
        "name": "Unnamed road",
        "ref": "",
        "highway": "tertiary"
      },
      "geometry": {
        "type": "LineString",
        "coordinates": [
          [
            42.503546,
            18.218788
          ],
          [
            42.503493,
            18.219439
          ]
        ]
      }
    },
    {
      "type": "Feature",
      "properties": {
        "id": 201629727,
        "name": "Unnamed road",
        "ref": "",
        "highway": "trunk"
      },
      "geometry": {
        "type": "LineString",
        "coordinates": [
          [
            42.498825,
            18.254846
          ],
          [
            42.498714,
            18.254649
          ],
          [
            42.498662,
            18.254458
          ],
          [
            42.498609,
            18.254188
          ],
          [
            42.49863,
            18.253986
          ],
          [
            42.498682,
            18.253715
          ],
          [
            42.498775,
            18.2534
          ],
          [
            42.49881,
            18.253151
          ],
          [
            42.49879,
            18.252891
          ],
          [
            42.498752,
            18.25273
          ],
          [
            42.498618,
            18.252473
          ],
          [
            42.498429,
            18.252144
          ],
          [
            42.498359,
            18.251973
          ],
          [
            42.498309,
            18.251768
          ],
          [
            42.498295,
            18.251506
          ],
          [
            42.498312,
            18.251069
          ],
          [
            42.498303,
            18.25066
          ],
          [
            42.498272,
            18.250325
          ],
          [
            42.49819,
            18.250018
          ],
          [
            42.498007,
            18.249532
          ],
          [
            42.49778,
            18.249133
          ],
          [
            42.497483,
            18.248746
          ],
          [
            42.497315,
            18.248574
          ],
          [
            42.497144,
            18.248356
          ],
          [
            42.496919,
            18.24807
          ],
          [
            42.49675,
            18.24783
          ],
          [
            42.496472,
            18.247311
          ],
          [
            42.496415,
            18.247125
          ],
          [
            42.496304,
            18.246659
          ],
          [
            42.496297,
            18.246157
          ],
          [
            42.496358,
            18.245649
          ],
          [
            42.496432,
            18.24532
          ],
          [
            42.496589,
            18.244865
          ],
          [
            42.496778,
            18.244526
          ],
          [
            42.496997,
            18.244182
          ],
          [
            42.497225,
            18.243893
          ],
          [
            42.497881,
            18.24323
          ],
          [
            42.499022,
            18.242076
          ],
          [
            42.499184,
            18.241874
          ],
          [
            42.49965,
            18.241203
          ],
          [
            42.49979,
            18.241
          ],
          [
            42.499847,
            18.240893
          ],
          [
            42.500081,
            18.240457
          ],
          [
            42.500216,
            18.240063
          ],
          [
            42.500316,
            18.239658
          ],
          [
            42.500345,
            18.239401
          ],
          [
            42.500362,
            18.239165
          ],
          [
            42.500349,
            18.238951
          ],
          [
            42.500352,
            18.238857
          ],
          [
            42.500328,
            18.238701
          ],
          [
            42.500194,
            18.237826
          ],
          [
            42.500108,
            18.237115
          ],
          [
            42.500108,
            18.23707
          ],
          [
            42.500111,
            18.236773
          ],
          [
            42.500114,
            18.236492
          ],
          [
            42.500135,
            18.236163
          ],
          [
            42.500178,
            18.235826
          ],
          [
            42.500243,
            18.235526
          ],
          [
            42.500307,
            18.235255
          ],
          [
            42.500471,
            18.234809
          ],
          [
            42.500731,
            18.23425
          ],
          [
            42.500921,
            18.233877
          ],
          [
            42.501055,
            18.23362
          ],
          [
            42.501186,
            18.233389
          ],
          [
            42.501306,
            18.233115
          ],
          [
            42.501364,
            18.233006
          ],
          [
            42.501403,
            18.232933
          ],
          [
            42.501437,
            18.232801
          ],
          [
            42.501472,
            18.232665
          ],
          [
            42.501549,
            18.232218
          ],
          [
            42.501534,
            18.231819
          ],
          [
            42.5014,
            18.231249
          ]
        ]
      }
    },
    {
      "type": "Feature",
      "properties": {
        "id": 288279963,
        "name": "Unnamed road",
        "ref": "",
        "highway": "tertiary"
      },
      "geometry": {
        "type": "LineString",
        "coordinates": [
          [
            42.491829,
            18.230957
          ],
          [
            42.49178,
            18.231318
          ],
          [
            42.491696,
            18.23194
          ],
          [
            42.49169,
            18.231984
          ],
          [
            42.491621,
            18.232431
          ],
          [
            42.491614,
            18.232555
          ],
          [
            42.491582,
            18.23265
          ],
          [
            42.491545,
            18.232744
          ],
          [
            42.491445,
            18.232865
          ],
          [
            42.491361,
            18.232922
          ],
          [
            42.491244,
            18.23297
          ],
          [
            42.491042,
            18.233025
          ],
          [
            42.490557,
            18.233226
          ],
          [
            42.49038,
            18.233349
          ],
          [
            42.490311,
            18.233392
          ],
          [
            42.490226,
            18.233586
          ],
          [
            42.490181,
            18.233689
          ],
          [
            42.490063,
            18.233814
          ],
          [
            42.489813,
            18.234119
          ],
          [
            42.489511,
            18.234425
          ],
          [
            42.489281,
            18.234617
          ],
          [
            42.489218,
            18.234691
          ],
          [
            42.488866,
            18.235101
          ],
          [
            42.488857,
            18.235113
          ],
          [
            42.488103,
            18.236136
          ],
          [
            42.487649,
            18.236653
          ],
          [
            42.487436,
            18.236895
          ],
          [
            42.486665,
            18.237828
          ],
          [
            42.486563,
            18.237998
          ],
          [
            42.486044,
            18.238869
          ],
          [
            42.485937,
            18.23898
          ],
          [
            42.485863,
            18.239031
          ],
          [
            42.485829,
            18.239055
          ],
          [
            42.485557,
            18.23913
          ],
          [
            42.484907,
            18.239308
          ],
          [
            42.484583,
            18.239397
          ],
          [
            42.483949,
            18.239539
          ],
          [
            42.483221,
            18.239702
          ],
          [
            42.483113,
            18.239702
          ],
          [
            42.48306,
            18.239702
          ],
          [
            42.482991,
            18.239706
          ],
          [
            42.482797,
            18.239718
          ],
          [
            42.482534,
            18.239768
          ],
          [
            42.481494,
            18.240151
          ],
          [
            42.480914,
            18.240442
          ],
          [
            42.480778,
            18.240479
          ],
          [
            42.480742,
            18.240482
          ],
          [
            42.480629,
            18.240493
          ],
          [
            42.480357,
            18.240479
          ],
          [
            42.479788,
            18.240411
          ],
          [
            42.479399,
            18.240405
          ],
          [
            42.478972,
            18.240436
          ],
          [
            42.478785,
            18.240415
          ],
          [
            42.478597,
            18.240376
          ],
          [
            42.478259,
            18.240233
          ]
        ]
      }
    },
    {
      "type": "Feature",
      "properties": {
        "id": 288356493,
        "name": "Unnamed road",
        "ref": "",
        "highway": "tertiary"
      },
      "geometry": {
        "type": "LineString",
        "coordinates": [
          [
            42.5014,
            18.231249
          ],
          [
            42.501247,
            18.230892
          ],
          [
            42.501205,
            18.230789
          ],
          [
            42.501114,
            18.230578
          ],
          [
            42.500857,
            18.230116
          ],
          [
            42.500609,
            18.229532
          ],
          [
            42.500504,
            18.229314
          ]
        ]
      }
    },
    {
      "type": "Feature",
      "properties": {
        "id": 288356494,
        "name": "king fisal road",
        "ref": "",
        "highway": "tertiary"
      },
      "geometry": {
        "type": "LineString",
        "coordinates": [
          [
            42.500504,
            18.229314
          ],
          [
            42.500349,
            18.228935
          ],
          [
            42.500326,
            18.228858
          ],
          [
            42.500191,
            18.228414
          ],
          [
            42.500152,
            18.228248
          ],
          [
            42.500129,
            18.22798
          ],
          [
            42.500102,
            18.227698
          ],
          [
            42.500073,
            18.22738
          ],
          [
            42.500062,
            18.227165
          ],
          [
            42.500059,
            18.227043
          ],
          [
            42.500053,
            18.226283
          ],
          [
            42.500054,
            18.225762
          ],
          [
            42.500058,
            18.22541
          ]
        ]
      }
    },
    {
      "type": "Feature",
      "properties": {
        "id": 288412838,
        "name": "Unnamed road",
        "ref": "",
        "highway": "tertiary"
      },
      "geometry": {
        "type": "LineString",
        "coordinates": [
          [
            42.504859,
            18.22238
          ],
          [
            42.504475,
            18.222138
          ],
          [
            42.504345,
            18.222064
          ],
          [
            42.504136,
            18.221966
          ]
        ]
      }
    },
    {
      "type": "Feature",
      "properties": {
        "id": 288601430,
        "name": "Unnamed road",
        "ref": "",
        "highway": "tertiary"
      },
      "geometry": {
        "type": "LineString",
        "coordinates": [
          [
            42.503169,
            18.216399
          ],
          [
            42.503215,
            18.216638
          ],
          [
            42.503221,
            18.216824
          ],
          [
            42.50321,
            18.216894
          ],
          [
            42.503108,
            18.217001
          ],
          [
            42.502844,
            18.217241
          ],
          [
            42.502759,
            18.217351
          ]
        ]
      }
    },
    {
      "type": "Feature",
      "properties": {
        "id": 289025372,
        "name": "Unnamed road",
        "ref": "",
        "highway": "tertiary"
      },
      "geometry": {
        "type": "LineString",
        "coordinates": [
          [
            42.501394,
            18.207698
          ],
          [
            42.501318,
            18.207864
          ],
          [
            42.500959,
            18.208674
          ],
          [
            42.500802,
            18.209069
          ],
          [
            42.500671,
            18.209469
          ],
          [
            42.500539,
            18.209792
          ],
          [
            42.500332,
            18.210203
          ],
          [
            42.500274,
            18.210298
          ],
          [
            42.500147,
            18.210564
          ],
          [
            42.499778,
            18.21125
          ],
          [
            42.499552,
            18.211702
          ],
          [
            42.499265,
            18.212272
          ],
          [
            42.499188,
            18.212517
          ],
          [
            42.499109,
            18.212716
          ],
          [
            42.499074,
            18.212809
          ],
          [
            42.499077,
            18.212905
          ],
          [
            42.499109,
            18.212982
          ],
          [
            42.499149,
            18.213042
          ]
        ]
      }
    },
    {
      "type": "Feature",
      "properties": {
        "id": 289500254,
        "name": "Unnamed road",
        "ref": "",
        "highway": "motorway"
      },
      "geometry": {
        "type": "LineString",
        "coordinates": [
          [
            42.513705,
            18.232643
          ],
          [
            42.514174,
            18.231999
          ],
          [
            42.514894,
            18.231247
          ],
          [
            42.515598,
            18.230476
          ],
          [
            42.515718,
            18.230221
          ]
        ]
      }
    },
    {
      "type": "Feature",
      "properties": {
        "id": 289500255,
        "name": "Unnamed road",
        "ref": "",
        "highway": "motorway"
      },
      "geometry": {
        "type": "LineString",
        "coordinates": [
          [
            42.516179,
            18.230499
          ],
          [
            42.515908,
            18.230583
          ],
          [
            42.515461,
            18.231052
          ],
          [
            42.515307,
            18.231217
          ],
          [
            42.514894,
            18.231645
          ],
          [
            42.514623,
            18.231943
          ],
          [
            42.513986,
            18.232627
          ],
          [
            42.513813,
            18.232719
          ]
        ]
      }
    },
    {
      "type": "Feature",
      "properties": {
        "id": 290266174,
        "name": "Unnamed road",
        "ref": "",
        "highway": "primary"
      },
      "geometry": {
        "type": "LineString",
        "coordinates": [
          [
            42.488704,
            18.226689
          ],
          [
            42.488653,
            18.226604
          ],
          [
            42.488607,
            18.226547
          ],
          [
            42.48854,
            18.226509
          ],
          [
            42.488459,
            18.226498
          ],
          [
            42.488417,
            18.226501
          ],
          [
            42.488332,
            18.226511
          ],
          [
            42.488176,
            18.226549
          ]
        ]
      }
    },
    {
      "type": "Feature",
      "properties": {
        "id": 290326522,
        "name": "Unnamed road",
        "ref": "",
        "highway": "primary"
      },
      "geometry": {
        "type": "LineString",
        "coordinates": [
          [
            42.48884,
            18.226478
          ],
          [
            42.48872,
            18.226479
          ],
          [
            42.488459,
            18.226498
          ]
        ]
      }
    },
    {
      "type": "Feature",
      "properties": {
        "id": 290348447,
        "name": "Unnamed road",
        "ref": "",
        "highway": "tertiary"
      },
      "geometry": {
        "type": "LineString",
        "coordinates": [
          [
            42.491304,
            18.207508
          ],
          [
            42.491061,
            18.20734
          ]
        ]
      }
    },
    {
      "type": "Feature",
      "properties": {
        "id": 290631448,
        "name": "Unnamed road",
        "ref": "",
        "highway": "primary"
      },
      "geometry": {
        "type": "LineString",
        "coordinates": [
          [
            42.517394,
            18.207534
          ],
          [
            42.517339,
            18.208057
          ],
          [
            42.517271,
            18.208444
          ],
          [
            42.517136,
            18.209157
          ],
          [
            42.516941,
            18.20994
          ],
          [
            42.516895,
            18.210124
          ],
          [
            42.516857,
            18.210273
          ],
          [
            42.516693,
            18.210913
          ],
          [
            42.516557,
            18.211659
          ],
          [
            42.516479,
            18.212376
          ],
          [
            42.516451,
            18.212698
          ],
          [
            42.516416,
            18.213094
          ],
          [
            42.516368,
            18.213386
          ],
          [
            42.516313,
            18.213977
          ],
          [
            42.516244,
            18.214599
          ],
          [
            42.516119,
            18.215254
          ],
          [
            42.515989,
            18.2158
          ],
          [
            42.515805,
            18.216321
          ],
          [
            42.515731,
            18.216584
          ],
          [
            42.515559,
            18.21703
          ],
          [
            42.515258,
            18.217682
          ],
          [
            42.514835,
            18.218509
          ]
        ]
      }
    },
    {
      "type": "Feature",
      "properties": {
        "id": 290957871,
        "name": "Unnamed road",
        "ref": "",
        "highway": "primary"
      },
      "geometry": {
        "type": "LineString",
        "coordinates": [
          [
            42.488155,
            18.226428
          ],
          [
            42.488349,
            18.2264
          ],
          [
            42.488427,
            18.226396
          ],
          [
            42.488577,
            18.226387
          ],
          [
            42.488692,
            18.226382
          ],
          [
            42.488735,
            18.226381
          ],
          [
            42.488847,
            18.226377
          ]
        ]
      }
    },
    {
      "type": "Feature",
      "properties": {
        "id": 290957872,
        "name": "Unnamed road",
        "ref": "",
        "highway": "primary"
      },
      "geometry": {
        "type": "LineString",
        "coordinates": [
          [
            42.488427,
            18.226396
          ],
          [
            42.488521,
            18.226367
          ],
          [
            42.488616,
            18.226308
          ],
          [
            42.488671,
            18.226247
          ],
          [
            42.488729,
            18.226161
          ],
          [
            42.488762,
            18.226102
          ]
        ]
      }
    },
    {
      "type": "Feature",
      "properties": {
        "id": 339710282,
        "name": "Unnamed road",
        "ref": "",
        "highway": "tertiary"
      },
      "geometry": {
        "type": "LineString",
        "coordinates": [
          [
            42.501759,
            18.207864
          ],
          [
            42.501616,
            18.207791
          ],
          [
            42.501492,
            18.20776
          ],
          [
            42.501448,
            18.20777
          ],
          [
            42.501405,
            18.207802
          ],
          [
            42.501318,
            18.207864
          ]
        ]
      }
    },
    {
      "type": "Feature",
      "properties": {
        "id": 339710283,
        "name": "Unnamed road",
        "ref": "",
        "highway": "tertiary"
      },
      "geometry": {
        "type": "LineString",
        "coordinates": [
          [
            42.50157,
            18.207486
          ],
          [
            42.50157,
            18.207594
          ],
          [
            42.501645,
            18.207707
          ],
          [
            42.501759,
            18.207864
          ]
        ]
      }
    },
    {
      "type": "Feature",
      "properties": {
        "id": 339710284,
        "name": "Unnamed road",
        "ref": "",
        "highway": "tertiary"
      },
      "geometry": {
        "type": "LineString",
        "coordinates": [
          [
            42.50157,
            18.207486
          ],
          [
            42.501394,
            18.207698
          ]
        ]
      }
    },
    {
      "type": "Feature",
      "properties": {
        "id": 340235245,
        "name": "Unnamed road",
        "ref": "",
        "highway": "tertiary"
      },
      "geometry": {
        "type": "LineString",
        "coordinates": [
          [
            42.489398,
            18.220882
          ],
          [
            42.489507,
            18.220916
          ],
          [
            42.489599,
            18.220928
          ],
          [
            42.489726,
            18.22092
          ]
        ]
      }
    },
    {
      "type": "Feature",
      "properties": {
        "id": 369468468,
        "name": "Unnamed road",
        "ref": "",
        "highway": "tertiary"
      },
      "geometry": {
        "type": "LineString",
        "coordinates": [
          [
            42.503708,
            18.221245
          ],
          [
            42.503696,
            18.221367
          ],
          [
            42.50375,
            18.221708
          ],
          [
            42.503789,
            18.222219
          ],
          [
            42.503748,
            18.222274
          ],
          [
            42.503675,
            18.222307
          ],
          [
            42.503575,
            18.222301
          ],
          [
            42.503517,
            18.222278
          ],
          [
            42.503448,
            18.222234
          ],
          [
            42.503362,
            18.22215
          ],
          [
            42.503297,
            18.22205
          ],
          [
            42.503207,
            18.221823
          ],
          [
            42.50313,
            18.221742
          ],
          [
            42.50298,
            18.221675
          ]
        ]
      }
    },
    {
      "type": "Feature",
      "properties": {
        "id": 440838001,
        "name": "Named OSM road",
        "ref": "",
        "highway": "tertiary"
      },
      "geometry": {
        "type": "LineString",
        "coordinates": [
          [
            42.506727,
            18.223344
          ],
          [
            42.506546,
            18.223337
          ],
          [
            42.506345,
            18.223301
          ],
          [
            42.506002,
            18.22318
          ],
          [
            42.505773,
            18.223057
          ],
          [
            42.505273,
            18.222691
          ],
          [
            42.504859,
            18.22238
          ]
        ]
      }
    },
    {
      "type": "Feature",
      "properties": {
        "id": 683599896,
        "name": "Unnamed road",
        "ref": "",
        "highway": "tertiary"
      },
      "geometry": {
        "type": "LineString",
        "coordinates": [
          [
            42.490109,
            18.221302
          ],
          [
            42.489905,
            18.221336
          ],
          [
            42.489679,
            18.221407
          ],
          [
            42.48955,
            18.221479
          ],
          [
            42.489448,
            18.22157
          ],
          [
            42.489382,
            18.221667
          ],
          [
            42.489313,
            18.221808
          ],
          [
            42.489284,
            18.221909
          ],
          [
            42.48925,
            18.222062
          ]
        ]
      }
    },
    {
      "type": "Feature",
      "properties": {
        "id": 683599898,
        "name": "Unnamed road",
        "ref": "",
        "highway": "tertiary"
      },
      "geometry": {
        "type": "LineString",
        "coordinates": [
          [
            42.490109,
            18.221302
          ],
          [
            42.489879,
            18.22128
          ],
          [
            42.489723,
            18.221214
          ],
          [
            42.489604,
            18.221174
          ],
          [
            42.489479,
            18.221173
          ],
          [
            42.489361,
            18.221187
          ],
          [
            42.489271,
            18.221221
          ]
        ]
      }
    },
    {
      "type": "Feature",
      "properties": {
        "id": 683599899,
        "name": "Unnamed road",
        "ref": "",
        "highway": "tertiary"
      },
      "geometry": {
        "type": "LineString",
        "coordinates": [
          [
            42.489726,
            18.22092
          ],
          [
            42.489691,
            18.220994
          ],
          [
            42.489638,
            18.221069
          ],
          [
            42.489573,
            18.221121
          ],
          [
            42.489479,
            18.221173
          ]
        ]
      }
    },
    {
      "type": "Feature",
      "properties": {
        "id": 683599900,
        "name": "Unnamed road",
        "ref": "",
        "highway": "tertiary"
      },
      "geometry": {
        "type": "LineString",
        "coordinates": [
          [
            42.488655,
            18.221419
          ],
          [
            42.488404,
            18.221407
          ],
          [
            42.48814,
            18.221423
          ],
          [
            42.487948,
            18.221469
          ]
        ]
      }
    },
    {
      "type": "Feature",
      "properties": {
        "id": 683599901,
        "name": "Unnamed road",
        "ref": "",
        "highway": "tertiary"
      },
      "geometry": {
        "type": "LineString",
        "coordinates": [
          [
            42.487948,
            18.221469
          ],
          [
            42.488084,
            18.22136
          ],
          [
            42.48814,
            18.221271
          ],
          [
            42.488159,
            18.221221
          ],
          [
            42.488174,
            18.221169
          ],
          [
            42.488208,
            18.221028
          ]
        ]
      }
    },
    {
      "type": "Feature",
      "properties": {
        "id": 787179214,
        "name": "King Faisal Road",
        "ref": "",
        "highway": "primary"
      },
      "geometry": {
        "type": "LineString",
        "coordinates": [
          [
            42.50733,
            18.214645
          ],
          [
            42.507483,
            18.214751
          ],
          [
            42.507669,
            18.214889
          ],
          [
            42.508002,
            18.215107
          ],
          [
            42.508223,
            18.215217
          ],
          [
            42.508511,
            18.215295
          ],
          [
            42.508999,
            18.215388
          ],
          [
            42.50983,
            18.215605
          ],
          [
            42.510131,
            18.215733
          ],
          [
            42.510615,
            18.216018
          ],
          [
            42.51192,
            18.216772
          ],
          [
            42.51249,
            18.217125
          ],
          [
            42.513048,
            18.217487
          ],
          [
            42.513681,
            18.217869
          ],
          [
            42.513784,
            18.217925
          ],
          [
            42.513961,
            18.218021
          ],
          [
            42.514349,
            18.218228
          ],
          [
            42.514462,
            18.218288
          ],
          [
            42.514519,
            18.218324
          ],
          [
            42.514553,
            18.218364
          ],
          [
            42.514556,
            18.218408
          ],
          [
            42.514544,
            18.218448
          ],
          [
            42.514517,
            18.218472
          ],
          [
            42.514475,
            18.21849
          ],
          [
            42.514444,
            18.218491
          ],
          [
            42.514396,
            18.21847
          ],
          [
            42.514292,
            18.218427
          ]
        ]
      }
    },
    {
      "type": "Feature",
      "properties": {
        "id": 787179220,
        "name": "Unnamed road",
        "ref": "",
        "highway": "primary"
      },
      "geometry": {
        "type": "LineString",
        "coordinates": [
          [
            42.512267,
            18.223967
          ],
          [
            42.511773,
            18.224738
          ]
        ]
      }
    },
    {
      "type": "Feature",
      "properties": {
        "id": 787179221,
        "name": "Unnamed road",
        "ref": "",
        "highway": "primary"
      },
      "geometry": {
        "type": "LineString",
        "coordinates": [
          [
            42.510487,
            18.227122
          ],
          [
            42.51016,
            18.228355
          ],
          [
            42.510047,
            18.228641
          ],
          [
            42.509884,
            18.229067
          ],
          [
            42.509231,
            18.230154
          ],
          [
            42.508956,
            18.230597
          ],
          [
            42.508824,
            18.230807
          ],
          [
            42.508584,
            18.231188
          ],
          [
            42.507735,
            18.232844
          ]
        ]
      }
    },
    {
      "type": "Feature",
      "properties": {
        "id": 787179222,
        "name": "Unnamed road",
        "ref": "",
        "highway": "primary"
      },
      "geometry": {
        "type": "LineString",
        "coordinates": [
          [
            42.513848,
            18.220345
          ],
          [
            42.514366,
            18.21917
          ],
          [
            42.514481,
            18.218933
          ],
          [
            42.514592,
            18.218715
          ],
          [
            42.514729,
            18.218408
          ],
          [
            42.514853,
            18.218119
          ],
          [
            42.515106,
            18.21761
          ],
          [
            42.515341,
            18.217139
          ],
          [
            42.515432,
            18.216929
          ],
          [
            42.515503,
            18.216751
          ],
          [
            42.515583,
            18.216526
          ],
          [
            42.515793,
            18.215967
          ],
          [
            42.515997,
            18.215217
          ],
          [
            42.516067,
            18.214903
          ],
          [
            42.516115,
            18.214655
          ],
          [
            42.516195,
            18.214031
          ],
          [
            42.516262,
            18.213294
          ],
          [
            42.516346,
            18.212526
          ],
          [
            42.516422,
            18.211789
          ],
          [
            42.516546,
            18.211002
          ],
          [
            42.516626,
            18.21068
          ],
          [
            42.516646,
            18.210599
          ],
          [
            42.51678,
            18.210064
          ],
          [
            42.517012,
            18.209112
          ],
          [
            42.517109,
            18.208653
          ],
          [
            42.517173,
            18.208257
          ],
          [
            42.517266,
            18.207515
          ]
        ]
      }
    },
    {
      "type": "Feature",
      "properties": {
        "id": 787179223,
        "name": "Unnamed road",
        "ref": "",
        "highway": "primary"
      },
      "geometry": {
        "type": "LineString",
        "coordinates": [
          [
            42.511576,
            18.22463
          ],
          [
            42.512038,
            18.223838
          ]
        ]
      }
    },
    {
      "type": "Feature",
      "properties": {
        "id": 787179224,
        "name": "Unnamed road",
        "ref": "",
        "highway": "tertiary"
      },
      "geometry": {
        "type": "LineString",
        "coordinates": [
          [
            42.510487,
            18.227122
          ],
          [
            42.510891,
            18.227331
          ],
          [
            42.511618,
            18.227727
          ],
          [
            42.511881,
            18.22788
          ],
          [
            42.512142,
            18.228015
          ],
          [
            42.512385,
            18.22811
          ],
          [
            42.513807,
            18.22893
          ],
          [
            42.513912,
            18.228984
          ],
          [
            42.513978,
            18.229018
          ],
          [
            42.514161,
            18.229112
          ],
          [
            42.514674,
            18.229378
          ],
          [
            42.515044,
            18.229588
          ],
          [
            42.515214,
            18.229694
          ],
          [
            42.515466,
            18.229865
          ],
          [
            42.515567,
            18.229946
          ]
        ]
      }
    },
    {
      "type": "Feature",
      "properties": {
        "id": 787786457,
        "name": "Unnamed road",
        "ref": "",
        "highway": "tertiary"
      },
      "geometry": {
        "type": "LineString",
        "coordinates": [
          [
            42.495794,
            18.214814
          ],
          [
            42.495869,
            18.214963
          ],
          [
            42.495968,
            18.215104
          ],
          [
            42.496033,
            18.215166
          ],
          [
            42.496123,
            18.215208
          ],
          [
            42.496308,
            18.215221
          ]
        ]
      }
    },
    {
      "type": "Feature",
      "properties": {
        "id": 787786458,
        "name": "Unnamed road",
        "ref": "",
        "highway": "tertiary"
      },
      "geometry": {
        "type": "LineString",
        "coordinates": [
          [
            42.495551,
            18.215216
          ],
          [
            42.495642,
            18.215162
          ],
          [
            42.495695,
            18.215107
          ],
          [
            42.495746,
            18.215052
          ],
          [
            42.495781,
            18.214935
          ],
          [
            42.495794,
            18.214814
          ]
        ]
      }
    },
    {
      "type": "Feature",
      "properties": {
        "id": 787786462,
        "name": "Unnamed road",
        "ref": "",
        "highway": "tertiary"
      },
      "geometry": {
        "type": "LineString",
        "coordinates": [
          [
            42.497598,
            18.214912
          ],
          [
            42.497783,
            18.214595
          ],
          [
            42.498303,
            18.213817
          ],
          [
            42.49859,
            18.213395
          ],
          [
            42.4988,
            18.213118
          ]
        ]
      }
    },
    {
      "type": "Feature",
      "properties": {
        "id": 787786465,
        "name": "Unnamed road",
        "ref": "",
        "highway": "tertiary"
      },
      "geometry": {
        "type": "LineString",
        "coordinates": [
          [
            42.4988,
            18.213118
          ],
          [
            42.498863,
            18.212916
          ],
          [
            42.498837,
            18.212827
          ],
          [
            42.498767,
            18.212749
          ],
          [
            42.498692,
            18.212664
          ],
          [
            42.498589,
            18.212607
          ],
          [
            42.498507,
            18.212557
          ],
          [
            42.498372,
            18.212508
          ],
          [
            42.498178,
            18.212462
          ],
          [
            42.49797,
            18.212468
          ],
          [
            42.497839,
            18.212409
          ],
          [
            42.497591,
            18.212218
          ],
          [
            42.497433,
            18.212157
          ],
          [
            42.497258,
            18.212123
          ]
        ]
      }
    },
    {
      "type": "Feature",
      "properties": {
        "id": 787786466,
        "name": "Unnamed road",
        "ref": "",
        "highway": "tertiary"
      },
      "geometry": {
        "type": "LineString",
        "coordinates": [
          [
            42.499265,
            18.212272
          ],
          [
            42.499097,
            18.212491
          ],
          [
            42.499002,
            18.212604
          ],
          [
            42.498941,
            18.212629
          ],
          [
            42.498866,
            18.212632
          ],
          [
            42.498812,
            18.212617
          ],
          [
            42.498749,
            18.21258
          ],
          [
            42.498611,
            18.212431
          ],
          [
            42.498373,
            18.212244
          ],
          [
            42.498238,
            18.212151
          ],
          [
            42.498138,
            18.2121
          ],
          [
            42.497976,
            18.212034
          ],
          [
            42.497835,
            18.212028
          ],
          [
            42.497483,
            18.212075
          ],
          [
            42.497258,
            18.212123
          ]
        ]
      }
    },
    {
      "type": "Feature",
      "properties": {
        "id": 787786469,
        "name": "Unnamed road",
        "ref": "",
        "highway": "tertiary"
      },
      "geometry": {
        "type": "LineString",
        "coordinates": [
          [
            42.499906,
            18.213717
          ],
          [
            42.50012,
            18.214068
          ],
          [
            42.500161,
            18.214181
          ],
          [
            42.500168,
            18.214322
          ],
          [
            42.500151,
            18.214476
          ],
          [
            42.500066,
            18.214523
          ],
          [
            42.499581,
            18.215093
          ],
          [
            42.499068,
            18.215711
          ],
          [
            42.498849,
            18.215951
          ],
          [
            42.49879,
            18.215995
          ],
          [
            42.498734,
            18.216016
          ],
          [
            42.498673,
            18.216027
          ],
          [
            42.498602,
            18.216019
          ],
          [
            42.498553,
            18.216006
          ],
          [
            42.498501,
            18.215976
          ],
          [
            42.498067,
            18.215602
          ],
          [
            42.498025,
            18.215565
          ],
          [
            42.497992,
            18.215537
          ],
          [
            42.49782,
            18.215394
          ],
          [
            42.497753,
            18.215338
          ],
          [
            42.497691,
            18.215277
          ],
          [
            42.497633,
            18.215188
          ],
          [
            42.497601,
            18.215109
          ],
          [
            42.497592,
            18.215011
          ],
          [
            42.497598,
            18.214912
          ]
        ]
      }
    },
    {
      "type": "Feature",
      "properties": {
        "id": 787786471,
        "name": "Unnamed road",
        "ref": "",
        "highway": "tertiary"
      },
      "geometry": {
        "type": "LineString",
        "coordinates": [
          [
            42.501006,
            18.219502
          ],
          [
            42.501032,
            18.219467
          ],
          [
            42.501132,
            18.219331
          ],
          [
            42.501214,
            18.219195
          ],
          [
            42.501301,
            18.219023
          ],
          [
            42.50134,
            18.218904
          ],
          [
            42.501362,
            18.218802
          ],
          [
            42.501354,
            18.218678
          ],
          [
            42.501303,
            18.218558
          ],
          [
            42.501186,
            18.218414
          ]
        ]
      }
    },
    {
      "type": "Feature",
      "properties": {
        "id": 787792736,
        "name": "Named OSM road",
        "ref": "",
        "highway": "tertiary"
      },
      "geometry": {
        "type": "LineString",
        "coordinates": [
          [
            42.505815,
            18.214153
          ],
          [
            42.506112,
            18.214174
          ],
          [
            42.506417,
            18.214214
          ],
          [
            42.506702,
            18.214296
          ],
          [
            42.506924,
            18.214388
          ],
          [
            42.507139,
            18.214508
          ],
          [
            42.50733,
            18.214645
          ]
        ]
      }
    },
    {
      "type": "Feature",
      "properties": {
        "id": 787792737,
        "name": "Named OSM road",
        "ref": "",
        "highway": "tertiary"
      },
      "geometry": {
        "type": "LineString",
        "coordinates": [
          [
            42.50446,
            18.213975
          ],
          [
            42.504515,
            18.213903
          ],
          [
            42.504572,
            18.213874
          ],
          [
            42.504631,
            18.21389
          ],
          [
            42.504712,
            18.213924
          ],
          [
            42.505014,
            18.214079
          ],
          [
            42.505268,
            18.214148
          ],
          [
            42.505539,
            18.214187
          ],
          [
            42.505815,
            18.214153
          ]
        ]
      }
    },
    {
      "type": "Feature",
      "properties": {
        "id": 787792738,
        "name": "Unnamed road",
        "ref": "",
        "highway": "tertiary"
      },
      "geometry": {
        "type": "LineString",
        "coordinates": [
          [
            42.50733,
            18.214645
          ],
          [
            42.507348,
            18.214732
          ],
          [
            42.50734,
            18.214793
          ],
          [
            42.507293,
            18.214856
          ],
          [
            42.507225,
            18.214913
          ],
          [
            42.507059,
            18.214951
          ],
          [
            42.506856,
            18.215027
          ]
        ]
      }
    },
    {
      "type": "Feature",
      "properties": {
        "id": 787792739,
        "name": "Named OSM road",
        "ref": "",
        "highway": "tertiary"
      },
      "geometry": {
        "type": "LineString",
        "coordinates": [
          [
            42.502847,
            18.211285
          ],
          [
            42.502413,
            18.209898
          ],
          [
            42.50205,
            18.208653
          ],
          [
            42.501946,
            18.208309
          ],
          [
            42.501865,
            18.208048
          ],
          [
            42.501759,
            18.207864
          ]
        ]
      }
    },
    {
      "type": "Feature",
      "properties": {
        "id": 787792741,
        "name": "Unnamed road",
        "ref": "",
        "highway": "tertiary"
      },
      "geometry": {
        "type": "LineString",
        "coordinates": [
          [
            42.509951,
            18.22133
          ],
          [
            42.509947,
            18.221496
          ],
          [
            42.509937,
            18.22156
          ],
          [
            42.50996,
            18.221732
          ]
        ]
      }
    },
    {
      "type": "Feature",
      "properties": {
        "id": 787792742,
        "name": "Unnamed road",
        "ref": "",
        "highway": "tertiary"
      },
      "geometry": {
        "type": "LineString",
        "coordinates": [
          [
            42.50996,
            18.221732
          ],
          [
            42.509875,
            18.221681
          ],
          [
            42.509787,
            18.221638
          ],
          [
            42.509574,
            18.221657
          ]
        ]
      }
    },
    {
      "type": "Feature",
      "properties": {
        "id": 962643137,
        "name": "Unnamed road",
        "ref": "",
        "highway": "primary"
      },
      "geometry": {
        "type": "LineString",
        "coordinates": [
          [
            42.507067,
            18.233835
          ],
          [
            42.507603,
            18.232789
          ]
        ]
      }
    },
    {
      "type": "Feature",
      "properties": {
        "id": 962643138,
        "name": "Unnamed road",
        "ref": "",
        "highway": "primary"
      },
      "geometry": {
        "type": "LineString",
        "coordinates": [
          [
            42.507735,
            18.232844
          ],
          [
            42.507193,
            18.233876
          ]
        ]
      }
    },
    {
      "type": "Feature",
      "properties": {
        "id": 962646993,
        "name": "Unnamed road",
        "ref": "",
        "highway": "primary"
      },
      "geometry": {
        "type": "LineString",
        "coordinates": [
          [
            42.513648,
            18.221325
          ],
          [
            42.51358,
            18.221523
          ],
          [
            42.512933,
            18.222818
          ],
          [
            42.512709,
            18.223242
          ],
          [
            42.512512,
            18.223564
          ],
          [
            42.512267,
            18.223967
          ]
        ]
      }
    },
    {
      "type": "Feature",
      "properties": {
        "id": 962646994,
        "name": "Unnamed road",
        "ref": "",
        "highway": "primary"
      },
      "geometry": {
        "type": "LineString",
        "coordinates": [
          [
            42.514835,
            18.218509
          ],
          [
            42.514609,
            18.21894
          ]
        ]
      }
    },
    {
      "type": "Feature",
      "properties": {
        "id": 982438657,
        "name": "Unnamed road",
        "ref": "",
        "highway": "primary"
      },
      "geometry": {
        "type": "LineString",
        "coordinates": [
          [
            42.511773,
            18.224738
          ],
          [
            42.511249,
            18.225443
          ],
          [
            42.511119,
            18.225661
          ],
          [
            42.510816,
            18.226163
          ],
          [
            42.510664,
            18.226545
          ],
          [
            42.510579,
            18.226845
          ],
          [
            42.510487,
            18.227122
          ]
        ]
      }
    },
    {
      "type": "Feature",
      "properties": {
        "id": 982438658,
        "name": "Unnamed road",
        "ref": "",
        "highway": "primary"
      },
      "geometry": {
        "type": "LineString",
        "coordinates": [
          [
            42.510351,
            18.227049
          ],
          [
            42.510434,
            18.226732
          ],
          [
            42.510657,
            18.226174
          ],
          [
            42.510886,
            18.22577
          ],
          [
            42.511012,
            18.225603
          ],
          [
            42.511576,
            18.22463
          ]
        ]
      }
    },
    {
      "type": "Feature",
      "properties": {
        "id": 983758250,
        "name": "Unnamed road",
        "ref": "",
        "highway": "primary"
      },
      "geometry": {
        "type": "LineString",
        "coordinates": [
          [
            42.509884,
            18.229067
          ],
          [
            42.509694,
            18.229537
          ],
          [
            42.50937,
            18.230199
          ],
          [
            42.509081,
            18.230664
          ],
          [
            42.508671,
            18.231271
          ],
          [
            42.508391,
            18.231856
          ],
          [
            42.507988,
            18.232661
          ],
          [
            42.507956,
            18.232846
          ],
          [
            42.507999,
            18.233021
          ],
          [
            42.508131,
            18.233175
          ],
          [
            42.508324,
            18.233271
          ],
          [
            42.508961,
            18.233394
          ],
          [
            42.510022,
            18.233583
          ],
          [
            42.510576,
            18.233774
          ]
        ]
      }
    },
    {
      "type": "Feature",
      "properties": {
        "id": 983758251,
        "name": "Unnamed road",
        "ref": "",
        "highway": "primary"
      },
      "geometry": {
        "type": "LineString",
        "coordinates": [
          [
            42.506735,
            18.233178
          ],
          [
            42.507117,
            18.233083
          ],
          [
            42.507353,
            18.232919
          ],
          [
            42.507504,
            18.232738
          ],
          [
            42.508252,
            18.231284
          ],
          [
            42.508946,
            18.230157
          ],
          [
            42.509092,
            18.229903
          ],
          [
            42.509463,
            18.229299
          ],
          [
            42.509747,
            18.228896
          ]
        ]
      }
    },
    {
      "type": "Feature",
      "properties": {
        "id": 983811445,
        "name": "Unnamed road",
        "ref": "",
        "highway": "tertiary"
      },
      "geometry": {
        "type": "LineString",
        "coordinates": [
          [
            42.503708,
            18.221245
          ],
          [
            42.50377,
            18.221339
          ],
          [
            42.503807,
            18.22148
          ],
          [
            42.503853,
            18.221903
          ]
        ]
      }
    },
    {
      "type": "Feature",
      "properties": {
        "id": 983819586,
        "name": "King Faisal Road",
        "ref": "",
        "highway": "trunk"
      },
      "geometry": {
        "type": "LineString",
        "coordinates": [
          [
            42.501495,
            18.231195
          ],
          [
            42.501565,
            18.231386
          ],
          [
            42.501646,
            18.231818
          ],
          [
            42.501666,
            18.232005
          ],
          [
            42.501668,
            18.232251
          ],
          [
            42.501655,
            18.232315
          ],
          [
            42.501654,
            18.232324
          ]
        ]
      }
    },
    {
      "type": "Feature",
      "properties": {
        "id": 1089585339,
        "name": "Unnamed road",
        "ref": "",
        "highway": "primary"
      },
      "geometry": {
        "type": "LineString",
        "coordinates": [
          [
            42.514349,
            18.218228
          ],
          [
            42.514537,
            18.218254
          ],
          [
            42.514606,
            18.218255
          ],
          [
            42.514688,
            18.218232
          ],
          [
            42.514763,
            18.218185
          ],
          [
            42.514853,
            18.218119
          ]
        ]
      }
    },
    {
      "type": "Feature",
      "properties": {
        "id": 1106930462,
        "name": "Unnamed road",
        "ref": "",
        "highway": "primary"
      },
      "geometry": {
        "type": "LineString",
        "coordinates": [
          [
            42.505862,
            18.236271
          ],
          [
            42.50595,
            18.235782
          ],
          [
            42.5069,
            18.233885
          ],
          [
            42.506974,
            18.233718
          ],
          [
            42.507008,
            18.233625
          ],
          [
            42.506998,
            18.233514
          ],
          [
            42.506962,
            18.233442
          ],
          [
            42.506858,
            18.233333
          ]
        ]
      }
    },
    {
      "type": "Feature",
      "properties": {
        "id": 1106930463,
        "name": "Unnamed road",
        "ref": "",
        "highway": "primary"
      },
      "geometry": {
        "type": "LineString",
        "coordinates": [
          [
            42.51059,
            18.233917
          ],
          [
            42.50989,
            18.23391
          ],
          [
            42.509569,
            18.233867
          ],
          [
            42.508577,
            18.233711
          ],
          [
            42.508089,
            18.233634
          ],
          [
            42.507853,
            18.233667
          ],
          [
            42.507623,
            18.233746
          ],
          [
            42.507411,
            18.233847
          ],
          [
            42.507286,
            18.234008
          ],
          [
            42.506522,
            18.235487
          ],
          [
            42.506202,
            18.236071
          ],
          [
            42.506009,
            18.236347
          ]
        ]
      }
    },
    {
      "type": "Feature",
      "properties": {
        "id": 1483679215,
        "name": "Unnamed road",
        "ref": "",
        "highway": "primary"
      },
      "geometry": {
        "type": "LineString",
        "coordinates": [
          [
            42.514045,
            18.220421
          ],
          [
            42.513648,
            18.221325
          ]
        ]
      }
    },
    {
      "type": "Feature",
      "properties": {
        "id": 1483679216,
        "name": "Unnamed road",
        "ref": "",
        "highway": "primary"
      },
      "geometry": {
        "type": "LineString",
        "coordinates": [
          [
            42.514609,
            18.21894
          ],
          [
            42.514172,
            18.220024
          ],
          [
            42.514045,
            18.220421
          ]
        ]
      }
    },
    {
      "type": "Feature",
      "properties": {
        "id": 1483679217,
        "name": "Unnamed road",
        "ref": "",
        "highway": "primary"
      },
      "geometry": {
        "type": "LineString",
        "coordinates": [
          [
            42.513496,
            18.221273
          ],
          [
            42.513848,
            18.220345
          ]
        ]
      }
    },
    {
      "type": "Feature",
      "properties": {
        "id": 1483679218,
        "name": "Unnamed road",
        "ref": "",
        "highway": "primary"
      },
      "geometry": {
        "type": "LineString",
        "coordinates": [
          [
            42.512038,
            18.223838
          ],
          [
            42.512145,
            18.223618
          ],
          [
            42.512362,
            18.223173
          ],
          [
            42.512606,
            18.222793
          ],
          [
            42.513153,
            18.221907
          ],
          [
            42.513496,
            18.221273
          ]
        ]
      }
    },
    {
      "type": "Feature",
      "properties": {
        "id": 1484918428,
        "name": "Unnamed road",
        "ref": "",
        "highway": "tertiary"
      },
      "geometry": {
        "type": "LineString",
        "coordinates": [
          [
            42.512362,
            18.223173
          ],
          [
            42.511761,
            18.223087
          ],
          [
            42.511334,
            18.222982
          ],
          [
            42.511241,
            18.222963
          ],
          [
            42.510737,
            18.222862
          ],
          [
            42.510559,
            18.222744
          ],
          [
            42.510339,
            18.222444
          ],
          [
            42.5103,
            18.222378
          ],
          [
            42.50996,
            18.221732
          ]
        ]
      }
    },
    {
      "type": "Feature",
      "properties": {
        "id": 1484918433,
        "name": "Unnamed road",
        "ref": "",
        "highway": "tertiary"
      },
      "geometry": {
        "type": "LineString",
        "coordinates": [
          [
            42.499643,
            18.225036
          ],
          [
            42.499806,
            18.224792
          ]
        ]
      }
    },
    {
      "type": "Feature",
      "properties": {
        "id": 1484918435,
        "name": "King Faisal Road",
        "ref": "",
        "highway": "tertiary"
      },
      "geometry": {
        "type": "LineString",
        "coordinates": [
          [
            42.500246,
            18.220825
          ],
          [
            42.500342,
            18.220544
          ],
          [
            42.50066,
            18.21995
          ]
        ]
      }
    },
    {
      "type": "Feature",
      "properties": {
        "id": 1484918436,
        "name": "King Faisal Road",
        "ref": "",
        "highway": "tertiary"
      },
      "geometry": {
        "type": "LineString",
        "coordinates": [
          [
            42.50018,
            18.221042
          ],
          [
            42.500246,
            18.220825
          ]
        ]
      }
    },
    {
      "type": "Feature",
      "properties": {
        "id": 135038981,
        "name": "Unnamed road",
        "ref": "",
        "highway": "primary"
      },
      "geometry": {
        "type": "LineString",
        "coordinates": [
          [
            42.522425,
            18.219371
          ],
          [
            42.522294,
            18.219417
          ],
          [
            42.521156,
            18.219821
          ],
          [
            42.520974,
            18.219887
          ]
        ]
      }
    },
    {
      "type": "Feature",
      "properties": {
        "id": 135038982,
        "name": "Unnamed road",
        "ref": "",
        "highway": "motorway"
      },
      "geometry": {
        "type": "LineString",
        "coordinates": [
          [
            42.523028,
            18.219145
          ],
          [
            42.522425,
            18.219371
          ]
        ]
      }
    },
    {
      "type": "Feature",
      "properties": {
        "id": 135038984,
        "name": "Unnamed road",
        "ref": "",
        "highway": "motorway"
      },
      "geometry": {
        "type": "LineString",
        "coordinates": [
          [
            42.522386,
            18.219264
          ],
          [
            42.522983,
            18.219035
          ]
        ]
      }
    },
    {
      "type": "Feature",
      "properties": {
        "id": 201621506,
        "name": "Unnamed road",
        "ref": "",
        "highway": "tertiary"
      },
      "geometry": {
        "type": "LineString",
        "coordinates": [
          [
            42.517031,
            18.208469
          ],
          [
            42.517055,
            18.208231
          ],
          [
            42.517104,
            18.2078
          ],
          [
            42.517144,
            18.207369
          ],
          [
            42.517172,
            18.20702
          ],
          [
            42.517175,
            18.206596
          ],
          [
            42.517164,
            18.206203
          ],
          [
            42.517157,
            18.205842
          ],
          [
            42.517152,
            18.205418
          ],
          [
            42.51713,
            18.205008
          ]
        ]
      }
    },
    {
      "type": "Feature",
      "properties": {
        "id": 201629728,
        "name": "Unnamed road",
        "ref": "",
        "highway": "motorway"
      },
      "geometry": {
        "type": "LineString",
        "coordinates": [
          [
            42.524617,
            18.218564
          ],
          [
            42.523927,
            18.218947
          ],
          [
            42.523558,
            18.219202
          ],
          [
            42.523057,
            18.219579
          ],
          [
            42.522911,
            18.219688
          ],
          [
            42.522833,
            18.219753
          ]
        ]
      }
    },
    {
      "type": "Feature",
      "properties": {
        "id": 201629732,
        "name": "Unnamed road",
        "ref": "",
        "highway": "motorway"
      },
      "geometry": {
        "type": "LineString",
        "coordinates": [
          [
            42.522294,
            18.219417
          ],
          [
            42.522097,
            18.219547
          ],
          [
            42.522021,
            18.219642
          ],
          [
            42.521984,
            18.219752
          ],
          [
            42.521987,
            18.219873
          ],
          [
            42.52203,
            18.219961
          ],
          [
            42.522099,
            18.220046
          ],
          [
            42.522171,
            18.220099
          ],
          [
            42.52226,
            18.220131
          ],
          [
            42.522349,
            18.220134
          ],
          [
            42.52247,
            18.220109
          ],
          [
            42.522546,
            18.220067
          ],
          [
            42.522603,
            18.219991
          ],
          [
            42.522644,
            18.219905
          ],
          [
            42.522657,
            18.219799
          ],
          [
            42.522658,
            18.219551
          ]
        ]
      }
    },
    {
      "type": "Feature",
      "properties": {
        "id": 289500248,
        "name": "Unnamed road",
        "ref": "",
        "highway": "tertiary"
      },
      "geometry": {
        "type": "LineString",
        "coordinates": [
          [
            42.515816,
            18.229962
          ],
          [
            42.515894,
            18.229905
          ],
          [
            42.515986,
            18.229869
          ],
          [
            42.516089,
            18.22986
          ],
          [
            42.516189,
            18.229879
          ],
          [
            42.51628,
            18.229924
          ],
          [
            42.516353,
            18.229992
          ],
          [
            42.516403,
            18.230078
          ],
          [
            42.516425,
            18.230173
          ],
          [
            42.516418,
            18.230264
          ],
          [
            42.516378,
            18.230365
          ],
          [
            42.516306,
            18.230448
          ],
          [
            42.516179,
            18.230499
          ],
          [
            42.51598,
            18.230521
          ],
          [
            42.515881,
            18.230479
          ],
          [
            42.515799,
            18.230411
          ],
          [
            42.515743,
            18.230321
          ],
          [
            42.515718,
            18.230221
          ],
          [
            42.515725,
            18.230127
          ],
          [
            42.515758,
            18.230038
          ],
          [
            42.515816,
            18.229962
          ]
        ]
      }
    },
    {
      "type": "Feature",
      "properties": {
        "id": 289500258,
        "name": "Unnamed road",
        "ref": "",
        "highway": "tertiary"
      },
      "geometry": {
        "type": "LineString",
        "coordinates": [
          [
            42.515718,
            18.230221
          ],
          [
            42.515567,
            18.229946
          ]
        ]
      }
    },
    {
      "type": "Feature",
      "properties": {
        "id": 289500259,
        "name": "Unnamed road",
        "ref": "",
        "highway": "tertiary"
      },
      "geometry": {
        "type": "LineString",
        "coordinates": [
          [
            42.515567,
            18.229946
          ],
          [
            42.515986,
            18.229869
          ]
        ]
      }
    },
    {
      "type": "Feature",
      "properties": {
        "id": 291799754,
        "name": "Unnamed road",
        "ref": "",
        "highway": "motorway"
      },
      "geometry": {
        "type": "LineString",
        "coordinates": [
          [
            42.522529,
            18.218952
          ],
          [
            42.522379,
            18.218794
          ],
          [
            42.522282,
            18.21869
          ],
          [
            42.522172,
            18.218638
          ],
          [
            42.52198,
            18.218638
          ],
          [
            42.521853,
            18.218703
          ],
          [
            42.521802,
            18.218753
          ],
          [
            42.521769,
            18.218803
          ],
          [
            42.521742,
            18.218868
          ],
          [
            42.52173,
            18.21896
          ],
          [
            42.52174,
            18.219033
          ],
          [
            42.521796,
            18.219147
          ],
          [
            42.521889,
            18.219231
          ],
          [
            42.521959,
            18.219263
          ],
          [
            42.522049,
            18.219282
          ],
          [
            42.522166,
            18.219272
          ],
          [
            42.522311,
            18.219291
          ]
        ]
      }
    },
    {
      "type": "Feature",
      "properties": {
        "id": 291799755,
        "name": "Unnamed road",
        "ref": "",
        "highway": "primary"
      },
      "geometry": {
        "type": "LineString",
        "coordinates": [
          [
            42.520985,
            18.219772
          ],
          [
            42.521131,
            18.219718
          ],
          [
            42.522191,
            18.219335
          ],
          [
            42.522311,
            18.219291
          ],
          [
            42.522386,
            18.219264
          ]
        ]
      }
    },
    {
      "type": "Feature",
      "properties": {
        "id": 291799756,
        "name": "Unnamed road",
        "ref": "",
        "highway": "primary"
      },
      "geometry": {
        "type": "LineString",
        "coordinates": [
          [
            42.520974,
            18.219887
          ],
          [
            42.520731,
            18.21998
          ],
          [
            42.520413,
            18.220084
          ],
          [
            42.520304,
            18.220119
          ],
          [
            42.519944,
            18.22019
          ],
          [
            42.519587,
            18.220249
          ],
          [
            42.519286,
            18.220265
          ],
          [
            42.519184,
            18.220258
          ],
          [
            42.518994,
            18.220245
          ],
          [
            42.51861,
            18.220191
          ],
          [
            42.51828,
            18.220113
          ],
          [
            42.5182,
            18.220082
          ],
          [
            42.517966,
            18.21999
          ],
          [
            42.517814,
            18.219923
          ],
          [
            42.517558,
            18.219812
          ],
          [
            42.517023,
            18.219565
          ],
          [
            42.516521,
            18.219337
          ],
          [
            42.515943,
            18.219076
          ],
          [
            42.515316,
            18.218798
          ]
        ]
      }
    },
    {
      "type": "Feature",
      "properties": {
        "id": 787179212,
        "name": "Unnamed road",
        "ref": "",
        "highway": "primary"
      },
      "geometry": {
        "type": "LineString",
        "coordinates": [
          [
            42.515519,
            18.218778
          ],
          [
            42.516037,
            18.219002
          ],
          [
            42.516284,
            18.219098
          ],
          [
            42.51655,
            18.219204
          ],
          [
            42.517539,
            18.219645
          ],
          [
            42.517841,
            18.219787
          ],
          [
            42.518309,
            18.219986
          ],
          [
            42.518387,
            18.220015
          ],
          [
            42.518668,
            18.22008
          ],
          [
            42.51896,
            18.220116
          ],
          [
            42.519205,
            18.220116
          ],
          [
            42.519477,
            18.220116
          ],
          [
            42.519921,
            18.220073
          ],
          [
            42.520014,
            18.220056
          ],
          [
            42.520291,
            18.220002
          ],
          [
            42.520717,
            18.219871
          ],
          [
            42.520985,
            18.219772
          ]
        ]
      }
    },
    {
      "type": "Feature",
      "properties": {
        "id": 787179213,
        "name": "Unnamed road",
        "ref": "",
        "highway": "primary"
      },
      "geometry": {
        "type": "LineString",
        "coordinates": [
          [
            42.515316,
            18.218798
          ],
          [
            42.515093,
            18.218692
          ],
          [
            42.515073,
            18.21868
          ],
          [
            42.51506,
            18.218662
          ],
          [
            42.515059,
            18.218641
          ],
          [
            42.515071,
            18.218619
          ],
          [
            42.515093,
            18.218602
          ],
          [
            42.515133,
            18.218607
          ],
          [
            42.515519,
            18.218778
          ]
        ]
      }
    },
    {
      "type": "Feature",
      "properties": {
        "id": 1078111063,
        "name": "Unnamed road",
        "ref": "",
        "highway": "tertiary"
      },
      "geometry": {
        "type": "LineString",
        "coordinates": [
          [
            42.516496,
            18.210592
          ],
          [
            42.516565,
            18.210355
          ],
          [
            42.516717,
            18.209827
          ],
          [
            42.51687,
            18.209179
          ],
          [
            42.517031,
            18.208469
          ]
        ]
      }
    },
    {
      "type": "Feature",
      "properties": {
        "id": 1415095784,
        "name": "Unnamed road",
        "ref": "",
        "highway": "tertiary"
      },
      "geometry": {
        "type": "LineString",
        "coordinates": [
          [
            42.516133,
            18.213273
          ],
          [
            42.516107,
            18.213709
          ],
          [
            42.516099,
            18.213838
          ],
          [
            42.516071,
            18.214071
          ],
          [
            42.516048,
            18.21427
          ],
          [
            42.516003,
            18.214608
          ],
          [
            42.515928,
            18.214989
          ],
          [
            42.515891,
            18.215184
          ],
          [
            42.515738,
            18.215776
          ],
          [
            42.515684,
            18.215935
          ],
          [
            42.515552,
            18.216293
          ],
          [
            42.515471,
            18.216551
          ],
          [
            42.515503,
            18.216751
          ]
        ]
      }
    },
    {
      "type": "Feature",
      "properties": {
        "id": 1415095785,
        "name": "Unnamed road",
        "ref": "",
        "highway": "tertiary"
      },
      "geometry": {
        "type": "LineString",
        "coordinates": [
          [
            42.516133,
            18.213273
          ],
          [
            42.516171,
            18.213022
          ],
          [
            42.516221,
            18.212496
          ],
          [
            42.51629,
            18.211879
          ],
          [
            42.51636,
            18.211354
          ],
          [
            42.516415,
            18.21105
          ],
          [
            42.516496,
            18.210592
          ]
        ]
      }
    },
    {
      "type": "Feature",
      "properties": {
        "id": 1484154870,
        "name": "Unnamed road",
        "ref": "",
        "highway": "tertiary"
      },
      "geometry": {
        "type": "LineString",
        "coordinates": [
          [
            42.516565,
            18.210355
          ],
          [
            42.516479,
            18.210251
          ]
        ]
      }
    },
    {
      "type": "Feature",
      "properties": {
        "name": "King Fahd / Route 10 to Abha Belt",
        "ref": "10",
        "highway": "validated route",
        "group": "route10",
        "length_m": 25659.4
      },
      "geometry": {
        "type": "LineString",
        "coordinates": [
          [
            42.728719,
            18.312801
          ],
          [
            42.727776,
            18.312504
          ],
          [
            42.725007,
            18.311595
          ],
          [
            42.724464,
            18.311413
          ],
          [
            42.72399,
            18.311254
          ],
          [
            42.723404,
            18.311115
          ],
          [
            42.722763,
            18.310976
          ],
          [
            42.72225,
            18.31089
          ],
          [
            42.721649,
            18.31083
          ],
          [
            42.720993,
            18.310786
          ],
          [
            42.720686,
            18.310748
          ],
          [
            42.720168,
            18.310635
          ],
          [
            42.719698,
            18.310515
          ],
          [
            42.719485,
            18.310473
          ],
          [
            42.71926,
            18.310448
          ],
          [
            42.717782,
            18.310316
          ],
          [
            42.716111,
            18.310299
          ],
          [
            42.7158,
            18.310288
          ],
          [
            42.71536,
            18.310164
          ],
          [
            42.714864,
            18.309982
          ],
          [
            42.714473,
            18.309803
          ],
          [
            42.714286,
            18.309704
          ],
          [
            42.71323,
            18.309079
          ],
          [
            42.71253,
            18.308573
          ],
          [
            42.712217,
            18.308273
          ],
          [
            42.711571,
            18.307571
          ],
          [
            42.711545,
            18.30753
          ],
          [
            42.71154,
            18.307481
          ],
          [
            42.711551,
            18.307418
          ],
          [
            42.71159,
            18.3073
          ],
          [
            42.711345,
            18.30732
          ],
          [
            42.711233,
            18.30733
          ],
          [
            42.710859,
            18.307379
          ],
          [
            42.710601,
            18.307388
          ],
          [
            42.70966,
            18.307388
          ],
          [
            42.709533,
            18.307382
          ],
          [
            42.708932,
            18.307332
          ],
          [
            42.708205,
            18.307261
          ],
          [
            42.707344,
            18.307197
          ],
          [
            42.706397,
            18.307126
          ],
          [
            42.705253,
            18.306984
          ],
          [
            42.704479,
            18.306889
          ],
          [
            42.702966,
            18.306552
          ],
          [
            42.700163,
            18.305904
          ],
          [
            42.69932,
            18.305711
          ],
          [
            42.698114,
            18.305423
          ],
          [
            42.695721,
            18.30491
          ],
          [
            42.694101,
            18.304549
          ],
          [
            42.693775,
            18.304454
          ],
          [
            42.693442,
            18.304358
          ],
          [
            42.693253,
            18.304303
          ],
          [
            42.692829,
            18.304103
          ],
          [
            42.692763,
            18.304073
          ],
          [
            42.692716,
            18.304051
          ],
          [
            42.692596,
            18.303997
          ],
          [
            42.692173,
            18.303758
          ],
          [
            42.691891,
            18.303584
          ],
          [
            42.691361,
            18.303142
          ],
          [
            42.690875,
            18.302649
          ],
          [
            42.690791,
            18.302542
          ],
          [
            42.690716,
            18.302447
          ],
          [
            42.690653,
            18.302366
          ],
          [
            42.690461,
            18.302123
          ],
          [
            42.690357,
            18.301991
          ],
          [
            42.690273,
            18.301884
          ],
          [
            42.690131,
            18.301704
          ],
          [
            42.690043,
            18.301573
          ],
          [
            42.689884,
            18.301339
          ],
          [
            42.689715,
            18.301098
          ],
          [
            42.689696,
            18.301072
          ],
          [
            42.689596,
            18.30093
          ],
          [
            42.689433,
            18.300701
          ],
          [
            42.689277,
            18.3005
          ],
          [
            42.688945,
            18.300068
          ],
          [
            42.688418,
            18.299371
          ],
          [
            42.686997,
            18.297508
          ],
          [
            42.686893,
            18.297372
          ],
          [
            42.686803,
            18.297254
          ],
          [
            42.686095,
            18.296554
          ],
          [
            42.685792,
            18.296255
          ],
          [
            42.684743,
            18.29527
          ],
          [
            42.682873,
            18.293507
          ],
          [
            42.682071,
            18.292767
          ],
          [
            42.681223,
            18.291973
          ],
          [
            42.681115,
            18.291868
          ],
          [
            42.680637,
            18.291403
          ],
          [
            42.679166,
            18.290008
          ],
          [
            42.678829,
            18.28971
          ],
          [
            42.67825,
            18.289193
          ],
          [
            42.677582,
            18.288616
          ],
          [
            42.677386,
            18.288425
          ],
          [
            42.676794,
            18.287849
          ],
          [
            42.676334,
            18.287401
          ],
          [
            42.674827,
            18.285921
          ],
          [
            42.67426,
            18.285389
          ],
          [
            42.673715,
            18.284844
          ],
          [
            42.673172,
            18.284094
          ],
          [
            42.67281,
            18.283534
          ],
          [
            42.671786,
            18.281717
          ],
          [
            42.669985,
            18.27866
          ],
          [
            42.669623,
            18.278021
          ],
          [
            42.669402,
            18.277679
          ],
          [
            42.669106,
            18.277314
          ],
          [
            42.668907,
            18.277105
          ],
          [
            42.668707,
            18.276914
          ],
          [
            42.668233,
            18.276544
          ],
          [
            42.664135,
            18.274053
          ],
          [
            42.659969,
            18.271624
          ],
          [
            42.656225,
            18.269457
          ],
          [
            42.654854,
            18.268783
          ],
          [
            42.653866,
            18.268312
          ],
          [
            42.653449,
            18.268101
          ],
          [
            42.652433,
            18.267569
          ],
          [
            42.652192,
            18.267454
          ],
          [
            42.651581,
            18.267156
          ],
          [
            42.650908,
            18.266817
          ],
          [
            42.65017,
            18.266537
          ],
          [
            42.649444,
            18.266308
          ],
          [
            42.646616,
            18.265694
          ],
          [
            42.642835,
            18.264873
          ],
          [
            42.641683,
            18.264657
          ],
          [
            42.641269,
            18.264557
          ],
          [
            42.640842,
            18.264403
          ],
          [
            42.640577,
            18.264278
          ],
          [
            42.640342,
            18.26416
          ],
          [
            42.63997,
            18.263924
          ],
          [
            42.639587,
            18.263636
          ],
          [
            42.638519,
            18.262617
          ],
          [
            42.637125,
            18.261215
          ],
          [
            42.635734,
            18.259871
          ],
          [
            42.633949,
            18.258147
          ],
          [
            42.632637,
            18.25702
          ],
          [
            42.632417,
            18.256832
          ],
          [
            42.63114,
            18.255844
          ],
          [
            42.630693,
            18.255498
          ],
          [
            42.629568,
            18.254698
          ],
          [
            42.629535,
            18.254675
          ],
          [
            42.627466,
            18.252974
          ],
          [
            42.626678,
            18.252369
          ],
          [
            42.626141,
            18.251962
          ],
          [
            42.625588,
            18.251589
          ],
          [
            42.624926,
            18.251218
          ],
          [
            42.623913,
            18.250735
          ],
          [
            42.622081,
            18.249813
          ],
          [
            42.620802,
            18.249216
          ],
          [
            42.620104,
            18.248877
          ],
          [
            42.619669,
            18.248666
          ],
          [
            42.619289,
            18.248455
          ],
          [
            42.619157,
            18.248382
          ],
          [
            42.618789,
            18.248133
          ],
          [
            42.618572,
            18.248
          ],
          [
            42.618072,
            18.247669
          ],
          [
            42.61712,
            18.246984
          ],
          [
            42.616285,
            18.246416
          ],
          [
            42.613813,
            18.244736
          ],
          [
            42.611989,
            18.243596
          ],
          [
            42.609628,
            18.242373
          ],
          [
            42.608777,
            18.24191
          ],
          [
            42.608192,
            18.241621
          ],
          [
            42.60789,
            18.241504
          ],
          [
            42.607378,
            18.24136
          ],
          [
            42.607038,
            18.241277
          ],
          [
            42.606744,
            18.241229
          ],
          [
            42.606399,
            18.241215
          ],
          [
            42.605721,
            18.241269
          ],
          [
            42.604891,
            18.241355
          ],
          [
            42.604221,
            18.241412
          ],
          [
            42.603336,
            18.241399
          ],
          [
            42.601986,
            18.24132
          ],
          [
            42.600729,
            18.241278
          ],
          [
            42.599889,
            18.241228
          ],
          [
            42.599489,
            18.241206
          ],
          [
            42.599116,
            18.24114
          ],
          [
            42.598799,
            18.241065
          ],
          [
            42.598502,
            18.24098
          ],
          [
            42.598033,
            18.240795
          ],
          [
            42.596976,
            18.240184
          ],
          [
            42.594847,
            18.239007
          ],
          [
            42.592307,
            18.237576
          ],
          [
            42.590819,
            18.236738
          ],
          [
            42.590131,
            18.23636
          ],
          [
            42.58955,
            18.236079
          ],
          [
            42.589159,
            18.235944
          ],
          [
            42.588818,
            18.235848
          ],
          [
            42.588339,
            18.235755
          ],
          [
            42.587881,
            18.235722
          ],
          [
            42.587338,
            18.235743
          ],
          [
            42.586919,
            18.235803
          ],
          [
            42.586363,
            18.235935
          ],
          [
            42.585994,
            18.236046
          ],
          [
            42.58558,
            18.236204
          ],
          [
            42.585231,
            18.236389
          ],
          [
            42.584855,
            18.236619
          ],
          [
            42.583574,
            18.237425
          ],
          [
            42.583103,
            18.2377
          ],
          [
            42.582287,
            18.238199
          ],
          [
            42.580447,
            18.239319
          ],
          [
            42.579797,
            18.239707
          ],
          [
            42.579195,
            18.240112
          ],
          [
            42.578385,
            18.24062
          ],
          [
            42.577897,
            18.240889
          ],
          [
            42.577385,
            18.241098
          ],
          [
            42.576991,
            18.241212
          ],
          [
            42.576551,
            18.241279
          ],
          [
            42.575952,
            18.24132
          ],
          [
            42.575385,
            18.241265
          ],
          [
            42.574872,
            18.241163
          ],
          [
            42.574264,
            18.240962
          ],
          [
            42.571809,
            18.240087
          ],
          [
            42.571543,
            18.239992
          ],
          [
            42.568064,
            18.238751
          ],
          [
            42.56732,
            18.23843
          ],
          [
            42.566914,
            18.238198
          ],
          [
            42.566561,
            18.237953
          ],
          [
            42.566388,
            18.237813
          ],
          [
            42.566308,
            18.237747
          ],
          [
            42.566056,
            18.237518
          ],
          [
            42.565452,
            18.236902
          ],
          [
            42.565057,
            18.236517
          ],
          [
            42.56459,
            18.236196
          ],
          [
            42.564162,
            18.235947
          ],
          [
            42.563658,
            18.235698
          ],
          [
            42.563292,
            18.235521
          ],
          [
            42.560429,
            18.234102
          ],
          [
            42.559395,
            18.233594
          ],
          [
            42.558638,
            18.233257
          ],
          [
            42.558066,
            18.232999
          ],
          [
            42.557487,
            18.232792
          ],
          [
            42.55671,
            18.232538
          ],
          [
            42.555511,
            18.232222
          ],
          [
            42.554775,
            18.232022
          ],
          [
            42.554356,
            18.231905
          ],
          [
            42.553847,
            18.231717
          ],
          [
            42.553266,
            18.231482
          ],
          [
            42.552751,
            18.231296
          ],
          [
            42.552547,
            18.231222
          ],
          [
            42.552078,
            18.231085
          ],
          [
            42.55118,
            18.230889
          ],
          [
            42.550886,
            18.230821
          ],
          [
            42.549267,
            18.230493
          ],
          [
            42.548853,
            18.230394
          ],
          [
            42.54839,
            18.230241
          ],
          [
            42.547906,
            18.230033
          ],
          [
            42.547345,
            18.229751
          ],
          [
            42.546967,
            18.229509
          ],
          [
            42.546495,
            18.229181
          ],
          [
            42.544054,
            18.227458
          ],
          [
            42.543373,
            18.226978
          ],
          [
            42.543021,
            18.226755
          ],
          [
            42.542501,
            18.226518
          ],
          [
            42.542303,
            18.226452
          ],
          [
            42.54211,
            18.226376
          ],
          [
            42.541813,
            18.2263
          ],
          [
            42.540459,
            18.226071
          ],
          [
            42.539326,
            18.225892
          ],
          [
            42.538327,
            18.225738
          ],
          [
            42.53753,
            18.22561
          ],
          [
            42.536941,
            18.225456
          ],
          [
            42.536421,
            18.225269
          ],
          [
            42.535892,
            18.224995
          ],
          [
            42.535465,
            18.2247
          ],
          [
            42.533934,
            18.223618
          ],
          [
            42.53313,
            18.223007
          ],
          [
            42.532251,
            18.22234
          ],
          [
            42.531801,
            18.221957
          ],
          [
            42.527998,
            18.218896
          ],
          [
            42.527913,
            18.218839
          ],
          [
            42.527646,
            18.218677
          ],
          [
            42.527337,
            18.218545
          ],
          [
            42.52708,
            18.218449
          ],
          [
            42.526892,
            18.218386
          ],
          [
            42.526336,
            18.218284
          ],
          [
            42.525971,
            18.218254
          ],
          [
            42.525499,
            18.218297
          ],
          [
            42.524965,
            18.218445
          ],
          [
            42.524873,
            18.218481
          ],
          [
            42.524617,
            18.218564
          ],
          [
            42.523927,
            18.218947
          ],
          [
            42.523558,
            18.219202
          ],
          [
            42.523057,
            18.219579
          ],
          [
            42.522911,
            18.219688
          ],
          [
            42.522833,
            18.219753
          ]
        ]
      }
    },
    {
      "type": "Feature",
      "properties": {
        "name": "King Abdullah / Route 2120 to Abha Belt",
        "ref": "2120",
        "highway": "validated route",
        "group": "route2120",
        "length_m": 22051.7
      },
      "geometry": {
        "type": "LineString",
        "coordinates": [
          [
            42.714163,
            18.192559
          ],
          [
            42.712594,
            18.192761
          ],
          [
            42.711078,
            18.19293
          ],
          [
            42.708968,
            18.193146
          ],
          [
            42.7077,
            18.193167
          ],
          [
            42.706191,
            18.193185
          ],
          [
            42.704102,
            18.193123
          ],
          [
            42.701621,
            18.192933
          ],
          [
            42.697197,
            18.192393
          ],
          [
            42.694959,
            18.192119
          ],
          [
            42.69466,
            18.192083
          ],
          [
            42.69285,
            18.191862
          ],
          [
            42.691547,
            18.191702
          ],
          [
            42.685332,
            18.190938
          ],
          [
            42.685117,
            18.190911
          ],
          [
            42.684247,
            18.190804
          ],
          [
            42.683709,
            18.190738
          ],
          [
            42.679121,
            18.190208
          ],
          [
            42.675682,
            18.189758
          ],
          [
            42.673042,
            18.189425
          ],
          [
            42.667357,
            18.188707
          ],
          [
            42.667061,
            18.188673
          ],
          [
            42.664972,
            18.188426
          ],
          [
            42.662515,
            18.188136
          ],
          [
            42.661572,
            18.188025
          ],
          [
            42.66147,
            18.188013
          ],
          [
            42.660632,
            18.187939
          ],
          [
            42.660258,
            18.187905
          ],
          [
            42.659045,
            18.18775
          ],
          [
            42.658316,
            18.187641
          ],
          [
            42.657725,
            18.187567
          ],
          [
            42.657397,
            18.187524
          ],
          [
            42.655843,
            18.187342
          ],
          [
            42.655379,
            18.18728
          ],
          [
            42.654141,
            18.187114
          ],
          [
            42.654036,
            18.1871
          ],
          [
            42.653442,
            18.18702
          ],
          [
            42.649333,
            18.186521
          ],
          [
            42.647306,
            18.186307
          ],
          [
            42.645602,
            18.186186
          ],
          [
            42.644441,
            18.186083
          ],
          [
            42.642832,
            18.185976
          ],
          [
            42.639656,
            18.185751
          ],
          [
            42.639017,
            18.185698
          ],
          [
            42.635069,
            18.185436
          ],
          [
            42.631835,
            18.185196
          ],
          [
            42.627269,
            18.18489
          ],
          [
            42.624727,
            18.184707
          ],
          [
            42.621737,
            18.184498
          ],
          [
            42.618668,
            18.184274
          ],
          [
            42.614422,
            18.183973
          ],
          [
            42.611466,
            18.183779
          ],
          [
            42.609485,
            18.183627
          ],
          [
            42.608943,
            18.183586
          ],
          [
            42.606888,
            18.183433
          ],
          [
            42.605184,
            18.183346
          ],
          [
            42.604799,
            18.183316
          ],
          [
            42.603096,
            18.183183
          ],
          [
            42.601191,
            18.18305
          ],
          [
            42.600234,
            18.183024
          ],
          [
            42.598477,
            18.182857
          ],
          [
            42.596907,
            18.18274
          ],
          [
            42.595775,
            18.182694
          ],
          [
            42.594754,
            18.182623
          ],
          [
            42.593283,
            18.182523
          ],
          [
            42.592211,
            18.182467
          ],
          [
            42.591639,
            18.182446
          ],
          [
            42.591108,
            18.182406
          ],
          [
            42.590201,
            18.182316
          ],
          [
            42.589164,
            18.182215
          ],
          [
            42.588383,
            18.182164
          ],
          [
            42.587684,
            18.182108
          ],
          [
            42.586521,
            18.182011
          ],
          [
            42.585479,
            18.181955
          ],
          [
            42.584059,
            18.181827
          ],
          [
            42.582858,
            18.181761
          ],
          [
            42.581817,
            18.181684
          ],
          [
            42.581178,
            18.18169
          ],
          [
            42.580645,
            18.181694
          ],
          [
            42.580301,
            18.18172
          ],
          [
            42.579546,
            18.181795
          ],
          [
            42.579125,
            18.181869
          ],
          [
            42.578716,
            18.181947
          ],
          [
            42.578417,
            18.182026
          ],
          [
            42.578244,
            18.182072
          ],
          [
            42.578092,
            18.182118
          ],
          [
            42.577396,
            18.182362
          ],
          [
            42.576806,
            18.182592
          ],
          [
            42.576088,
            18.182933
          ],
          [
            42.575503,
            18.183224
          ],
          [
            42.574982,
            18.183489
          ],
          [
            42.574253,
            18.183825
          ],
          [
            42.573346,
            18.184233
          ],
          [
            42.572788,
            18.184442
          ],
          [
            42.572243,
            18.184572
          ],
          [
            42.571797,
            18.184673
          ],
          [
            42.571177,
            18.184804
          ],
          [
            42.570637,
            18.184839
          ],
          [
            42.568804,
            18.184758
          ],
          [
            42.568422,
            18.18476
          ],
          [
            42.567733,
            18.184812
          ],
          [
            42.567304,
            18.184882
          ],
          [
            42.566728,
            18.185013
          ],
          [
            42.565964,
            18.185283
          ],
          [
            42.564851,
            18.185634
          ],
          [
            42.563369,
            18.186016
          ],
          [
            42.562697,
            18.186153
          ],
          [
            42.562285,
            18.186208
          ],
          [
            42.56192,
            18.186236
          ],
          [
            42.561152,
            18.186264
          ],
          [
            42.560509,
            18.186272
          ],
          [
            42.559988,
            18.186277
          ],
          [
            42.559479,
            18.186335
          ],
          [
            42.558802,
            18.186452
          ],
          [
            42.557796,
            18.186636
          ],
          [
            42.556468,
            18.186946
          ],
          [
            42.55608,
            18.187053
          ],
          [
            42.555537,
            18.187203
          ],
          [
            42.554985,
            18.187397
          ],
          [
            42.554912,
            18.187411
          ],
          [
            42.553817,
            18.187762
          ],
          [
            42.552895,
            18.188089
          ],
          [
            42.551946,
            18.188451
          ],
          [
            42.551122,
            18.188805
          ],
          [
            42.550505,
            18.189097
          ],
          [
            42.549952,
            18.189365
          ],
          [
            42.549236,
            18.189729
          ],
          [
            42.548668,
            18.190015
          ],
          [
            42.548244,
            18.190237
          ],
          [
            42.547766,
            18.190512
          ],
          [
            42.547098,
            18.190896
          ],
          [
            42.546648,
            18.191172
          ],
          [
            42.546173,
            18.191472
          ],
          [
            42.545525,
            18.191886
          ],
          [
            42.545026,
            18.192171
          ],
          [
            42.544406,
            18.192486
          ],
          [
            42.543977,
            18.192668
          ],
          [
            42.543331,
            18.192892
          ],
          [
            42.542705,
            18.19309
          ],
          [
            42.542141,
            18.193233
          ],
          [
            42.541967,
            18.193276
          ],
          [
            42.541294,
            18.193401
          ],
          [
            42.540944,
            18.19345
          ],
          [
            42.540676,
            18.193503
          ],
          [
            42.539926,
            18.193549
          ],
          [
            42.539293,
            18.193554
          ],
          [
            42.538759,
            18.193531
          ],
          [
            42.538261,
            18.193493
          ],
          [
            42.537692,
            18.193421
          ],
          [
            42.537446,
            18.193384
          ],
          [
            42.536464,
            18.193174
          ],
          [
            42.53521,
            18.192889
          ],
          [
            42.534898,
            18.192818
          ],
          [
            42.533508,
            18.192489
          ],
          [
            42.532319,
            18.192242
          ],
          [
            42.532025,
            18.192191
          ],
          [
            42.531691,
            18.192133
          ],
          [
            42.531329,
            18.192102
          ],
          [
            42.531051,
            18.192078
          ],
          [
            42.530659,
            18.192091
          ],
          [
            42.530425,
            18.192099
          ],
          [
            42.530295,
            18.192104
          ],
          [
            42.529542,
            18.192178
          ],
          [
            42.52928,
            18.192217
          ],
          [
            42.529207,
            18.192228
          ],
          [
            42.528862,
            18.192304
          ],
          [
            42.528556,
            18.192386
          ],
          [
            42.528093,
            18.192533
          ],
          [
            42.527743,
            18.192652
          ],
          [
            42.527323,
            18.192826
          ],
          [
            42.526884,
            18.19303
          ],
          [
            42.526469,
            18.193261
          ],
          [
            42.526052,
            18.193541
          ],
          [
            42.525664,
            18.193832
          ],
          [
            42.525288,
            18.194159
          ],
          [
            42.524839,
            18.194583
          ],
          [
            42.524503,
            18.194921
          ],
          [
            42.524189,
            18.195309
          ],
          [
            42.523702,
            18.196031
          ],
          [
            42.52354,
            18.196268
          ],
          [
            42.523404,
            18.196199
          ],
          [
            42.522575,
            18.197598
          ],
          [
            42.52222,
            18.198175
          ],
          [
            42.521632,
            18.199129
          ],
          [
            42.521056,
            18.200138
          ],
          [
            42.52088,
            18.200423
          ],
          [
            42.520835,
            18.200489
          ],
          [
            42.520689,
            18.200621
          ],
          [
            42.520518,
            18.200725
          ],
          [
            42.520035,
            18.20091
          ],
          [
            42.519606,
            18.201045
          ],
          [
            42.519299,
            18.20117
          ],
          [
            42.519075,
            18.201349
          ],
          [
            42.518769,
            18.201716
          ],
          [
            42.518817,
            18.20146
          ],
          [
            42.518816,
            18.201362
          ],
          [
            42.518764,
            18.201245
          ],
          [
            42.518687,
            18.201189
          ],
          [
            42.518593,
            18.201178
          ],
          [
            42.518243,
            18.201247
          ],
          [
            42.517904,
            18.201322
          ],
          [
            42.517314,
            18.20147
          ],
          [
            42.516594,
            18.201686
          ],
          [
            42.51621,
            18.201771
          ],
          [
            42.515872,
            18.2019
          ],
          [
            42.51541,
            18.202119
          ],
          [
            42.515293,
            18.202213
          ],
          [
            42.515071,
            18.202556
          ],
          [
            42.51479,
            18.203049
          ]
        ]
      }
    },
    {
      "type": "Feature",
      "properties": {
        "id": 136355449,
        "name": "Unnamed road",
        "ref": "214",
        "highway": "primary",
        "group": "soudah"
      },
      "geometry": {
        "type": "LineString",
        "coordinates": [
          [
            42.368245,
            18.282515
          ],
          [
            42.368207,
            18.282674
          ],
          [
            42.367944,
            18.283586
          ],
          [
            42.367872,
            18.283762
          ],
          [
            42.36772,
            18.284133
          ],
          [
            42.367586,
            18.284431
          ],
          [
            42.367447,
            18.284656
          ],
          [
            42.367266,
            18.284864
          ],
          [
            42.367025,
            18.285136
          ],
          [
            42.365631,
            18.286656
          ],
          [
            42.365542,
            18.286754
          ],
          [
            42.365363,
            18.286958
          ],
          [
            42.364165,
            18.288327
          ],
          [
            42.36372,
            18.288805
          ],
          [
            42.36354,
            18.289007
          ],
          [
            42.363427,
            18.28917
          ],
          [
            42.363331,
            18.289356
          ],
          [
            42.362985,
            18.2901
          ],
          [
            42.362515,
            18.291093
          ],
          [
            42.362486,
            18.291158
          ],
          [
            42.362068,
            18.292081
          ],
          [
            42.361958,
            18.292292
          ],
          [
            42.36184,
            18.292501
          ],
          [
            42.361687,
            18.292713
          ],
          [
            42.36156,
            18.292849
          ],
          [
            42.361528,
            18.292883
          ],
          [
            42.361362,
            18.293059
          ],
          [
            42.361137,
            18.293232
          ],
          [
            42.360909,
            18.29337
          ],
          [
            42.360683,
            18.293489
          ],
          [
            42.3603,
            18.293632
          ],
          [
            42.358657,
            18.294148
          ],
          [
            42.358621,
            18.294159
          ],
          [
            42.358307,
            18.294197
          ]
        ]
      }
    },
    {
      "type": "Feature",
      "properties": {
        "id": 136355451,
        "name": "Unnamed road",
        "ref": "214",
        "highway": "primary",
        "group": "soudah"
      },
      "geometry": {
        "type": "LineString",
        "coordinates": [
          [
            42.358307,
            18.294197
          ],
          [
            42.358555,
            18.294058
          ],
          [
            42.359245,
            18.293825
          ],
          [
            42.360056,
            18.293592
          ],
          [
            42.360447,
            18.29345
          ],
          [
            42.360747,
            18.293326
          ],
          [
            42.361032,
            18.29315
          ],
          [
            42.361277,
            18.292979
          ],
          [
            42.361518,
            18.292751
          ],
          [
            42.361708,
            18.292494
          ],
          [
            42.361898,
            18.292167
          ],
          [
            42.362158,
            18.291606
          ],
          [
            42.363079,
            18.289634
          ],
          [
            42.363279,
            18.289225
          ],
          [
            42.363425,
            18.288982
          ],
          [
            42.363655,
            18.288697
          ],
          [
            42.36403,
            18.288303
          ],
          [
            42.364471,
            18.287813
          ],
          [
            42.364974,
            18.287241
          ],
          [
            42.365282,
            18.286891
          ],
          [
            42.366423,
            18.285622
          ],
          [
            42.367063,
            18.284914
          ],
          [
            42.367284,
            18.284653
          ],
          [
            42.367439,
            18.284415
          ],
          [
            42.367564,
            18.284145
          ],
          [
            42.367869,
            18.283299
          ],
          [
            42.367893,
            18.283236
          ],
          [
            42.367965,
            18.282847
          ],
          [
            42.367905,
            18.282517
          ]
        ]
      }
    },
    {
      "type": "Feature",
      "properties": {
        "id": 628167135,
        "name": "Al Soudah Road",
        "ref": "214",
        "highway": "primary",
        "group": "soudah"
      },
      "geometry": {
        "type": "LineString",
        "coordinates": [
          [
            42.424923,
            18.236127
          ],
          [
            42.425331,
            18.236069
          ],
          [
            42.425982,
            18.23601
          ],
          [
            42.427144,
            18.23611
          ],
          [
            42.427687,
            18.236106
          ],
          [
            42.428233,
            18.235977
          ],
          [
            42.428668,
            18.23577
          ],
          [
            42.429166,
            18.235453
          ],
          [
            42.429522,
            18.235076
          ],
          [
            42.429821,
            18.234643
          ],
          [
            42.430081,
            18.233981
          ],
          [
            42.430415,
            18.232879
          ],
          [
            42.430849,
            18.231453
          ],
          [
            42.431111,
            18.23062
          ],
          [
            42.431444,
            18.229539
          ],
          [
            42.431782,
            18.228435
          ],
          [
            42.431887,
            18.228064
          ],
          [
            42.432313,
            18.227284
          ],
          [
            42.432806,
            18.226753
          ],
          [
            42.433254,
            18.226434
          ],
          [
            42.433314,
            18.226407
          ],
          [
            42.434171,
            18.226009
          ],
          [
            42.434715,
            18.225686
          ],
          [
            42.435145,
            18.225439
          ],
          [
            42.435374,
            18.225356
          ],
          [
            42.435643,
            18.225315
          ],
          [
            42.436663,
            18.225281
          ],
          [
            42.437005,
            18.225231
          ],
          [
            42.437254,
            18.225113
          ],
          [
            42.437521,
            18.224906
          ],
          [
            42.438045,
            18.224328
          ],
          [
            42.438294,
            18.224153
          ],
          [
            42.438678,
            18.223999
          ],
          [
            42.439023,
            18.223951
          ],
          [
            42.439453,
            18.224011
          ],
          [
            42.439727,
            18.22405
          ],
          [
            42.439896,
            18.224079
          ],
          [
            42.440096,
            18.224114
          ],
          [
            42.44138,
            18.224367
          ],
          [
            42.442148,
            18.224665
          ],
          [
            42.442952,
            18.225122
          ],
          [
            42.443614,
            18.225695
          ],
          [
            42.444212,
            18.226441
          ],
          [
            42.444642,
            18.227228
          ],
          [
            42.444847,
            18.227931
          ],
          [
            42.444874,
            18.228063
          ],
          [
            42.444985,
            18.228594
          ],
          [
            42.445047,
            18.229144
          ],
          [
            42.445087,
            18.229475
          ],
          [
            42.445119,
            18.229671
          ],
          [
            42.445168,
            18.229906
          ],
          [
            42.445227,
            18.230115
          ],
          [
            42.445315,
            18.230328
          ],
          [
            42.445398,
            18.230517
          ],
          [
            42.445503,
            18.230693
          ],
          [
            42.445642,
            18.230932
          ],
          [
            42.445825,
            18.231243
          ],
          [
            42.445959,
            18.231521
          ],
          [
            42.446209,
            18.231964
          ],
          [
            42.44635,
            18.232365
          ],
          [
            42.446443,
            18.232642
          ],
          [
            42.446651,
            18.233617
          ],
          [
            42.446807,
            18.234346
          ],
          [
            42.446882,
            18.234672
          ],
          [
            42.446943,
            18.234871
          ],
          [
            42.447053,
            18.23508
          ],
          [
            42.447209,
            18.235263
          ],
          [
            42.447367,
            18.235398
          ],
          [
            42.447515,
            18.235513
          ],
          [
            42.447665,
            18.235607
          ],
          [
            42.447818,
            18.235681
          ],
          [
            42.448054,
            18.235773
          ],
          [
            42.448381,
            18.235852
          ],
          [
            42.449412,
            18.236021
          ],
          [
            42.449762,
            18.236085
          ],
          [
            42.450493,
            18.236244
          ],
          [
            42.450874,
            18.236325
          ],
          [
            42.45123,
            18.236466
          ],
          [
            42.451594,
            18.236578
          ],
          [
            42.45188,
            18.236761
          ],
          [
            42.452187,
            18.236943
          ],
          [
            42.452732,
            18.237408
          ],
          [
            42.453333,
            18.23794
          ],
          [
            42.453915,
            18.238516
          ],
          [
            42.454643,
            18.239196
          ],
          [
            42.455029,
            18.239572
          ],
          [
            42.45543,
            18.239973
          ],
          [
            42.455607,
            18.240105
          ],
          [
            42.455755,
            18.240206
          ],
          [
            42.455948,
            18.240328
          ],
          [
            42.456157,
            18.240428
          ],
          [
            42.456371,
            18.240501
          ],
          [
            42.456532,
            18.240552
          ],
          [
            42.456704,
            18.240585
          ],
          [
            42.456905,
            18.240608
          ],
          [
            42.457333,
            18.240606
          ],
          [
            42.457584,
            18.240562
          ],
          [
            42.457855,
            18.240478
          ],
          [
            42.458085,
            18.240381
          ],
          [
            42.458329,
            18.240241
          ],
          [
            42.45852,
            18.240093
          ],
          [
            42.458818,
            18.239828
          ],
          [
            42.459226,
            18.239522
          ],
          [
            42.459384,
            18.239393
          ],
          [
            42.460415,
            18.238552
          ],
          [
            42.461061,
            18.23797
          ],
          [
            42.461832,
            18.237218
          ],
          [
            42.46232,
            18.236817
          ],
          [
            42.462508,
            18.236715
          ],
          [
            42.462737,
            18.236628
          ],
          [
            42.462913,
            18.236595
          ],
          [
            42.46314,
            18.236591
          ],
          [
            42.463355,
            18.236614
          ],
          [
            42.463585,
            18.236663
          ],
          [
            42.463735,
            18.236724
          ],
          [
            42.463947,
            18.236841
          ],
          [
            42.464261,
            18.237037
          ],
          [
            42.464566,
            18.237221
          ],
          [
            42.464778,
            18.237304
          ],
          [
            42.465151,
            18.23736
          ],
          [
            42.465333,
            18.237354
          ],
          [
            42.465447,
            18.237353
          ],
          [
            42.465632,
            18.237302
          ],
          [
            42.466018,
            18.237167
          ],
          [
            42.466363,
            18.237046
          ],
          [
            42.46647,
            18.237008
          ],
          [
            42.466645,
            18.236928
          ],
          [
            42.466793,
            18.236819
          ],
          [
            42.46699,
            18.236615
          ],
          [
            42.467073,
            18.236479
          ],
          [
            42.467219,
            18.236106
          ],
          [
            42.467276,
            18.235924
          ],
          [
            42.467386,
            18.235565
          ],
          [
            42.467406,
            18.23524
          ],
          [
            42.467408,
            18.235152
          ],
          [
            42.467376,
            18.234905
          ],
          [
            42.467301,
            18.234245
          ],
          [
            42.467266,
            18.233651
          ],
          [
            42.467314,
            18.23231
          ],
          [
            42.467327,
            18.231192
          ],
          [
            42.467332,
            18.230359
          ],
          [
            42.467329,
            18.229756
          ],
          [
            42.467338,
            18.229543
          ],
          [
            42.467384,
            18.229311
          ],
          [
            42.467436,
            18.229128
          ],
          [
            42.467478,
            18.229015
          ],
          [
            42.467532,
            18.228887
          ],
          [
            42.4676,
            18.228733
          ],
          [
            42.467725,
            18.228551
          ],
          [
            42.467969,
            18.228329
          ],
          [
            42.468373,
            18.228034
          ],
          [
            42.46869,
            18.227894
          ],
          [
            42.46895,
            18.227835
          ],
          [
            42.469102,
            18.227799
          ],
          [
            42.469232,
            18.227751
          ],
          [
            42.469341,
            18.227691
          ],
          [
            42.469488,
            18.227596
          ],
          [
            42.469619,
            18.227472
          ],
          [
            42.469709,
            18.227365
          ],
          [
            42.469825,
            18.227191
          ],
          [
            42.469877,
            18.227082
          ],
          [
            42.469959,
            18.226799
          ],
          [
            42.469995,
            18.226503
          ],
          [
            42.470067,
            18.225565
          ],
          [
            42.470089,
            18.225379
          ],
          [
            42.47013,
            18.225233
          ],
          [
            42.470178,
            18.225134
          ],
          [
            42.47024,
            18.224995
          ],
          [
            42.470315,
            18.224869
          ],
          [
            42.470415,
            18.22473
          ],
          [
            42.470518,
            18.224603
          ],
          [
            42.470817,
            18.2244
          ],
          [
            42.470989,
            18.224305
          ],
          [
            42.471843,
            18.22396
          ],
          [
            42.472279,
            18.223772
          ],
          [
            42.472953,
            18.223482
          ],
          [
            42.473016,
            18.223447
          ],
          [
            42.47321,
            18.223371
          ],
          [
            42.473332,
            18.223322
          ],
          [
            42.473527,
            18.223254
          ],
          [
            42.473625,
            18.223191
          ],
          [
            42.473719,
            18.22313
          ],
          [
            42.473815,
            18.223042
          ],
          [
            42.473933,
            18.222944
          ],
          [
            42.474029,
            18.222841
          ],
          [
            42.474125,
            18.222728
          ],
          [
            42.474215,
            18.222562
          ],
          [
            42.474278,
            18.222438
          ],
          [
            42.474306,
            18.222364
          ],
          [
            42.474989,
            18.221195
          ],
          [
            42.47513,
            18.22093
          ],
          [
            42.475181,
            18.220831
          ],
          [
            42.475312,
            18.220668
          ],
          [
            42.475485,
            18.220503
          ],
          [
            42.475629,
            18.220395
          ],
          [
            42.475868,
            18.220263
          ],
          [
            42.476005,
            18.220224
          ],
          [
            42.476165,
            18.220188
          ],
          [
            42.476341,
            18.220164
          ],
          [
            42.476567,
            18.220169
          ],
          [
            42.47718,
            18.220289
          ],
          [
            42.477444,
            18.220366
          ],
          [
            42.4776,
            18.220382
          ],
          [
            42.477733,
            18.220381
          ],
          [
            42.477842,
            18.220371
          ],
          [
            42.477999,
            18.220343
          ],
          [
            42.478135,
            18.220302
          ],
          [
            42.478311,
            18.22026
          ],
          [
            42.478484,
            18.220181
          ],
          [
            42.478626,
            18.220077
          ],
          [
            42.478827,
            18.219891
          ],
          [
            42.478934,
            18.219734
          ],
          [
            42.479015,
            18.219606
          ],
          [
            42.479104,
            18.219506
          ],
          [
            42.4792,
            18.21939
          ],
          [
            42.479392,
            18.219192
          ],
          [
            42.479493,
            18.21912
          ],
          [
            42.479615,
            18.21905
          ],
          [
            42.479707,
            18.218982
          ],
          [
            42.479757,
            18.218958
          ],
          [
            42.480166,
            18.218747
          ],
          [
            42.480373,
            18.21867
          ],
          [
            42.480492,
            18.218651
          ],
          [
            42.480598,
            18.218635
          ],
          [
            42.480774,
            18.218663
          ],
          [
            42.48092,
            18.218677
          ],
          [
            42.481178,
            18.218715
          ],
          [
            42.481281,
            18.21873
          ],
          [
            42.481461,
            18.218714
          ],
          [
            42.481622,
            18.218741
          ],
          [
            42.481777,
            18.21879
          ],
          [
            42.481929,
            18.218865
          ],
          [
            42.482107,
            18.21897
          ],
          [
            42.482221,
            18.219052
          ],
          [
            42.482428,
            18.219163
          ],
          [
            42.482528,
            18.219197
          ],
          [
            42.482599,
            18.219215
          ],
          [
            42.482704,
            18.21924
          ],
          [
            42.482853,
            18.219261
          ],
          [
            42.482939,
            18.219272
          ],
          [
            42.483068,
            18.219262
          ],
          [
            42.483188,
            18.219234
          ],
          [
            42.48332,
            18.219182
          ],
          [
            42.485082,
            18.21836
          ],
          [
            42.485197,
            18.218323
          ],
          [
            42.485312,
            18.218296
          ],
          [
            42.48545,
            18.218269
          ],
          [
            42.485559,
            18.218259
          ],
          [
            42.485687,
            18.21825
          ],
          [
            42.485847,
            18.218251
          ],
          [
            42.486031,
            18.218267
          ],
          [
            42.486639,
            18.218344
          ],
          [
            42.487205,
            18.218375
          ],
          [
            42.487404,
            18.218374
          ],
          [
            42.487483,
            18.218358
          ],
          [
            42.487504,
            18.218406
          ],
          [
            42.487406,
            18.218451
          ]
        ]
      }
    },
    {
      "type": "Feature",
      "properties": {
        "id": 628167722,
        "name": "Unnamed road",
        "ref": "214",
        "highway": "primary",
        "group": "soudah"
      },
      "geometry": {
        "type": "LineString",
        "coordinates": [
          [
            42.422835,
            18.235383
          ],
          [
            42.42252,
            18.235025
          ],
          [
            42.422438,
            18.234951
          ],
          [
            42.422321,
            18.234881
          ],
          [
            42.422173,
            18.234856
          ],
          [
            42.422001,
            18.234859
          ],
          [
            42.420845,
            18.234942
          ],
          [
            42.420674,
            18.234982
          ],
          [
            42.42053,
            18.235041
          ],
          [
            42.420251,
            18.23523
          ],
          [
            42.419894,
            18.235484
          ],
          [
            42.41877,
            18.23629
          ],
          [
            42.41828,
            18.236636
          ],
          [
            42.418086,
            18.236747
          ],
          [
            42.417949,
            18.236794
          ],
          [
            42.417826,
            18.236805
          ],
          [
            42.417707,
            18.236788
          ],
          [
            42.417593,
            18.236746
          ],
          [
            42.417449,
            18.23668
          ],
          [
            42.416438,
            18.236196
          ],
          [
            42.416249,
            18.236108
          ],
          [
            42.416061,
            18.236033
          ],
          [
            42.415751,
            18.235948
          ],
          [
            42.415238,
            18.235864
          ],
          [
            42.414919,
            18.235801
          ],
          [
            42.414736,
            18.23576
          ],
          [
            42.414634,
            18.235721
          ],
          [
            42.414549,
            18.235677
          ],
          [
            42.414452,
            18.235611
          ],
          [
            42.414345,
            18.235503
          ],
          [
            42.414265,
            18.235381
          ],
          [
            42.414188,
            18.235228
          ],
          [
            42.414051,
            18.234882
          ],
          [
            42.413992,
            18.234776
          ],
          [
            42.413857,
            18.234627
          ],
          [
            42.413711,
            18.234507
          ],
          [
            42.413464,
            18.23434
          ],
          [
            42.413356,
            18.234245
          ],
          [
            42.413273,
            18.234145
          ],
          [
            42.413162,
            18.233912
          ],
          [
            42.412859,
            18.233169
          ],
          [
            42.412833,
            18.233103
          ],
          [
            42.412782,
            18.233012
          ],
          [
            42.412715,
            18.232947
          ],
          [
            42.412671,
            18.232925
          ],
          [
            42.412558,
            18.232887
          ],
          [
            42.412498,
            18.232879
          ],
          [
            42.412435,
            18.232881
          ],
          [
            42.412352,
            18.232903
          ],
          [
            42.412273,
            18.232944
          ],
          [
            42.412184,
            18.23302
          ],
          [
            42.411101,
            18.234005
          ],
          [
            42.411005,
            18.234072
          ],
          [
            42.410886,
            18.234117
          ],
          [
            42.410775,
            18.234137
          ],
          [
            42.410675,
            18.234129
          ],
          [
            42.410567,
            18.234103
          ],
          [
            42.409135,
            18.233018
          ],
          [
            42.408383,
            18.232443
          ],
          [
            42.4083,
            18.232392
          ],
          [
            42.408203,
            18.232359
          ],
          [
            42.407967,
            18.232352
          ],
          [
            42.40603,
            18.232464
          ],
          [
            42.405705,
            18.23257
          ],
          [
            42.40559,
            18.232608
          ],
          [
            42.40382,
            18.234223
          ],
          [
            42.403352,
            18.234425
          ],
          [
            42.402845,
            18.234358
          ],
          [
            42.402399,
            18.234292
          ],
          [
            42.401557,
            18.234523
          ],
          [
            42.40133,
            18.234664
          ],
          [
            42.400571,
            18.235702
          ],
          [
            42.399726,
            18.236637
          ],
          [
            42.399426,
            18.236798
          ],
          [
            42.398496,
            18.236914
          ],
          [
            42.398439,
            18.236923
          ],
          [
            42.397658,
            18.237055
          ],
          [
            42.396886,
            18.237514
          ],
          [
            42.396149,
            18.238073
          ],
          [
            42.395536,
            18.239337
          ],
          [
            42.395423,
            18.239503
          ],
          [
            42.395347,
            18.239613
          ],
          [
            42.395071,
            18.239812
          ],
          [
            42.393808,
            18.240156
          ],
          [
            42.393446,
            18.240294
          ],
          [
            42.393222,
            18.240536
          ],
          [
            42.392854,
            18.241583
          ],
          [
            42.391853,
            18.244636
          ],
          [
            42.391756,
            18.245434
          ],
          [
            42.391564,
            18.252003
          ],
          [
            42.391451,
            18.252837
          ],
          [
            42.390279,
            18.256023
          ],
          [
            42.388849,
            18.258852
          ],
          [
            42.388512,
            18.259308
          ],
          [
            42.388005,
            18.259766
          ],
          [
            42.386979,
            18.26038
          ],
          [
            42.386559,
            18.260631
          ],
          [
            42.386216,
            18.260952
          ],
          [
            42.385727,
            18.261889
          ],
          [
            42.385515,
            18.262194
          ],
          [
            42.384588,
            18.262832
          ],
          [
            42.384191,
            18.263057
          ],
          [
            42.383999,
            18.263065
          ],
          [
            42.383817,
            18.263008
          ],
          [
            42.382912,
            18.262102
          ],
          [
            42.382757,
            18.261747
          ],
          [
            42.382717,
            18.26106
          ],
          [
            42.382677,
            18.260393
          ],
          [
            42.382609,
            18.260271
          ],
          [
            42.381852,
            18.259593
          ],
          [
            42.381527,
            18.259556
          ],
          [
            42.38065,
            18.259709
          ],
          [
            42.380387,
            18.259787
          ],
          [
            42.378861,
            18.260242
          ],
          [
            42.378248,
            18.260476
          ],
          [
            42.377558,
            18.260882
          ],
          [
            42.377045,
            18.261459
          ],
          [
            42.376736,
            18.262114
          ],
          [
            42.376186,
            18.262853
          ],
          [
            42.376136,
            18.26292
          ],
          [
            42.376113,
            18.26295
          ],
          [
            42.375803,
            18.26355
          ],
          [
            42.375577,
            18.265361
          ],
          [
            42.375473,
            18.265921
          ],
          [
            42.37532,
            18.266743
          ],
          [
            42.375131,
            18.26725
          ],
          [
            42.374866,
            18.267961
          ],
          [
            42.374831,
            18.268212
          ],
          [
            42.374724,
            18.268983
          ],
          [
            42.374625,
            18.269695
          ],
          [
            42.374421,
            18.270607
          ],
          [
            42.373914,
            18.27188
          ],
          [
            42.373775,
            18.272221
          ],
          [
            42.373707,
            18.272389
          ],
          [
            42.372934,
            18.274294
          ],
          [
            42.372023,
            18.276542
          ],
          [
            42.37193,
            18.276695
          ]
        ]
      }
    },
    {
      "type": "Feature",
      "properties": {
        "id": 1201732629,
        "name": "Unnamed road",
        "ref": "214",
        "highway": "primary",
        "group": "soudah"
      },
      "geometry": {
        "type": "LineString",
        "coordinates": [
          [
            42.368061,
            18.28209
          ],
          [
            42.368202,
            18.281978
          ],
          [
            42.36827,
            18.281896
          ],
          [
            42.368389,
            18.28168
          ],
          [
            42.368635,
            18.280904
          ],
          [
            42.368783,
            18.280583
          ],
          [
            42.368981,
            18.280158
          ],
          [
            42.36921,
            18.279772
          ],
          [
            42.369516,
            18.279304
          ],
          [
            42.369582,
            18.279203
          ],
          [
            42.370065,
            18.278612
          ],
          [
            42.370413,
            18.278276
          ],
          [
            42.371471,
            18.277237
          ],
          [
            42.371771,
            18.276854
          ],
          [
            42.37193,
            18.276695
          ]
        ]
      }
    },
    {
      "type": "Feature",
      "properties": {
        "id": 1201732630,
        "name": "Unnamed road",
        "ref": "214",
        "highway": "primary",
        "group": "soudah"
      },
      "geometry": {
        "type": "LineString",
        "coordinates": [
          [
            42.37193,
            18.276695
          ],
          [
            42.37189,
            18.276824
          ],
          [
            42.371636,
            18.277244
          ],
          [
            42.37144,
            18.277475
          ],
          [
            42.370137,
            18.278816
          ],
          [
            42.369852,
            18.279147
          ],
          [
            42.369591,
            18.279497
          ],
          [
            42.369259,
            18.280023
          ],
          [
            42.368999,
            18.280515
          ],
          [
            42.368825,
            18.280915
          ],
          [
            42.368601,
            18.28153
          ],
          [
            42.368385,
            18.282108
          ],
          [
            42.368329,
            18.282263
          ]
        ]
      }
    },
    {
      "type": "Feature",
      "properties": {
        "id": 1201732631,
        "name": "Unnamed road",
        "ref": "214",
        "highway": "primary",
        "group": "soudah"
      },
      "geometry": {
        "type": "LineString",
        "coordinates": [
          [
            42.367874,
            18.282314
          ],
          [
            42.367885,
            18.28228
          ],
          [
            42.367904,
            18.28224
          ],
          [
            42.367928,
            18.282202
          ],
          [
            42.36795,
            18.282169
          ],
          [
            42.367989,
            18.282132
          ],
          [
            42.368021,
            18.282108
          ],
          [
            42.368061,
            18.28209
          ],
          [
            42.368116,
            18.282084
          ],
          [
            42.368161,
            18.282084
          ],
          [
            42.36822,
            18.282099
          ],
          [
            42.368261,
            18.282127
          ],
          [
            42.368296,
            18.282165
          ],
          [
            42.368316,
            18.282203
          ],
          [
            42.368329,
            18.282263
          ],
          [
            42.368329,
            18.282327
          ],
          [
            42.368314,
            18.282375
          ],
          [
            42.368281,
            18.282452
          ],
          [
            42.368245,
            18.282515
          ],
          [
            42.368202,
            18.282553
          ],
          [
            42.368159,
            18.282578
          ],
          [
            42.368121,
            18.282595
          ],
          [
            42.36808,
            18.282599
          ],
          [
            42.368037,
            18.282598
          ],
          [
            42.368006,
            18.282593
          ],
          [
            42.367963,
            18.282578
          ],
          [
            42.367932,
            18.28255
          ],
          [
            42.367905,
            18.282517
          ],
          [
            42.367885,
            18.282471
          ],
          [
            42.367877,
            18.282436
          ],
          [
            42.367868,
            18.282389
          ],
          [
            42.367866,
            18.282356
          ],
          [
            42.367874,
            18.282314
          ]
        ]
      }
    },
    {
      "type": "Feature",
      "properties": {
        "id": 1326450921,
        "name": "Al Soudah Road",
        "ref": "",
        "highway": "primary",
        "group": "soudah"
      },
      "geometry": {
        "type": "LineString",
        "coordinates": [
          [
            42.424923,
            18.236127
          ],
          [
            42.424318,
            18.23609
          ],
          [
            42.423575,
            18.236017
          ],
          [
            42.423307,
            18.235882
          ],
          [
            42.423056,
            18.235626
          ],
          [
            42.422835,
            18.235383
          ]
        ]
      }
    },
    {
      "type": "Feature",
      "properties": {
        "id": 1326450922,
        "name": "Al Soudah Road",
        "ref": "",
        "highway": "primary",
        "group": "soudah"
      },
      "geometry": {
        "type": "LineString",
        "coordinates": [
          [
            42.436158,
            18.225413
          ],
          [
            42.435531,
            18.225441
          ],
          [
            42.435058,
            18.225634
          ],
          [
            42.434446,
            18.225963
          ],
          [
            42.433664,
            18.226345
          ],
          [
            42.433206,
            18.226608
          ],
          [
            42.432741,
            18.226951
          ],
          [
            42.432358,
            18.227449
          ],
          [
            42.432011,
            18.228083
          ],
          [
            42.431657,
            18.229226
          ],
          [
            42.431306,
            18.230396
          ],
          [
            42.430827,
            18.23192
          ],
          [
            42.430284,
            18.233659
          ],
          [
            42.430183,
            18.234078
          ],
          [
            42.430017,
            18.234544
          ],
          [
            42.429712,
            18.235029
          ],
          [
            42.429126,
            18.235653
          ],
          [
            42.428354,
            18.236048
          ],
          [
            42.42762,
            18.236217
          ],
          [
            42.427375,
            18.236259
          ],
          [
            42.426781,
            18.236203
          ],
          [
            42.426394,
            18.236199
          ],
          [
            42.425886,
            18.236162
          ],
          [
            42.425637,
            18.236168
          ],
          [
            42.425419,
            18.236178
          ],
          [
            42.425025,
            18.236145
          ],
          [
            42.424923,
            18.236127
          ]
        ]
      }
    },
    {
      "type": "Feature",
      "properties": {
        "id": 95259584,
        "name": "Al Soudah Road",
        "ref": "214",
        "highway": "primary",
        "group": "soudah"
      },
      "geometry": {
        "type": "LineString",
        "coordinates": [
          [
            42.487406,
            18.218451
          ],
          [
            42.48727,
            18.218461
          ],
          [
            42.486868,
            18.218432
          ],
          [
            42.486376,
            18.218367
          ],
          [
            42.486143,
            18.218342
          ],
          [
            42.485899,
            18.218319
          ],
          [
            42.485693,
            18.218315
          ],
          [
            42.485512,
            18.218328
          ],
          [
            42.485318,
            18.218367
          ],
          [
            42.48519,
            18.218401
          ],
          [
            42.485066,
            18.218446
          ],
          [
            42.484806,
            18.218557
          ],
          [
            42.484322,
            18.218778
          ],
          [
            42.483336,
            18.21923
          ],
          [
            42.483216,
            18.21928
          ],
          [
            42.483099,
            18.219323
          ],
          [
            42.482976,
            18.219362
          ],
          [
            42.4828,
            18.219336
          ],
          [
            42.482608,
            18.219297
          ],
          [
            42.48242,
            18.219224
          ],
          [
            42.482183,
            18.219073
          ],
          [
            42.481832,
            18.218904
          ],
          [
            42.481656,
            18.218863
          ],
          [
            42.481555,
            18.218825
          ],
          [
            42.481454,
            18.218801
          ],
          [
            42.481335,
            18.218797
          ],
          [
            42.481215,
            18.218809
          ],
          [
            42.480917,
            18.218869
          ],
          [
            42.480567,
            18.218888
          ],
          [
            42.480328,
            18.2189
          ],
          [
            42.480063,
            18.218991
          ],
          [
            42.47991,
            18.21905
          ],
          [
            42.479872,
            18.219077
          ],
          [
            42.479714,
            18.219187
          ],
          [
            42.479369,
            18.219453
          ],
          [
            42.479235,
            18.219608
          ],
          [
            42.479124,
            18.219755
          ],
          [
            42.479015,
            18.219876
          ],
          [
            42.478956,
            18.219986
          ],
          [
            42.478718,
            18.220207
          ],
          [
            42.478536,
            18.220326
          ],
          [
            42.478345,
            18.22042
          ],
          [
            42.478122,
            18.220498
          ],
          [
            42.477818,
            18.220538
          ],
          [
            42.47748,
            18.220496
          ],
          [
            42.477255,
            18.220466
          ],
          [
            42.477102,
            18.22044
          ],
          [
            42.47681,
            18.220381
          ],
          [
            42.476748,
            18.220369
          ],
          [
            42.47652,
            18.220323
          ],
          [
            42.476354,
            18.220308
          ],
          [
            42.476217,
            18.220308
          ],
          [
            42.476053,
            18.220331
          ],
          [
            42.475887,
            18.220369
          ],
          [
            42.475786,
            18.220435
          ],
          [
            42.475676,
            18.220506
          ],
          [
            42.475564,
            18.220586
          ],
          [
            42.475456,
            18.220687
          ],
          [
            42.475354,
            18.220812
          ],
          [
            42.475253,
            18.220954
          ],
          [
            42.474521,
            18.222395
          ],
          [
            42.474376,
            18.222686
          ],
          [
            42.474291,
            18.222806
          ],
          [
            42.474196,
            18.222909
          ],
          [
            42.474067,
            18.223038
          ],
          [
            42.473961,
            18.223118
          ],
          [
            42.473812,
            18.223223
          ],
          [
            42.473664,
            18.223301
          ],
          [
            42.473514,
            18.223363
          ],
          [
            42.473472,
            18.22338
          ],
          [
            42.473286,
            18.223457
          ],
          [
            42.472731,
            18.223696
          ],
          [
            42.47233,
            18.223873
          ],
          [
            42.471597,
            18.224198
          ],
          [
            42.471184,
            18.224363
          ],
          [
            42.470843,
            18.224528
          ],
          [
            42.47071,
            18.224613
          ],
          [
            42.470592,
            18.224704
          ],
          [
            42.470442,
            18.224863
          ],
          [
            42.470331,
            18.22506
          ],
          [
            42.470261,
            18.225219
          ],
          [
            42.470186,
            18.225454
          ],
          [
            42.470168,
            18.225707
          ],
          [
            42.470156,
            18.225954
          ],
          [
            42.470084,
            18.226748
          ],
          [
            42.470048,
            18.226928
          ],
          [
            42.469992,
            18.227082
          ],
          [
            42.469903,
            18.227276
          ],
          [
            42.469789,
            18.22745
          ],
          [
            42.469646,
            18.227616
          ],
          [
            42.469446,
            18.227759
          ],
          [
            42.469225,
            18.227881
          ],
          [
            42.468974,
            18.227973
          ],
          [
            42.468605,
            18.228081
          ],
          [
            42.468402,
            18.228173
          ],
          [
            42.468193,
            18.228305
          ],
          [
            42.468028,
            18.228448
          ],
          [
            42.467836,
            18.228623
          ],
          [
            42.467666,
            18.228896
          ],
          [
            42.467569,
            18.229115
          ],
          [
            42.467509,
            18.229319
          ],
          [
            42.467467,
            18.229608
          ],
          [
            42.46745,
            18.229812
          ],
          [
            42.467492,
            18.230619
          ],
          [
            42.467503,
            18.231197
          ],
          [
            42.46745,
            18.2327
          ],
          [
            42.467454,
            18.233152
          ],
          [
            42.467413,
            18.233522
          ],
          [
            42.467526,
            18.234917
          ],
          [
            42.467559,
            18.235232
          ],
          [
            42.46757,
            18.235372
          ],
          [
            42.467494,
            18.235796
          ],
          [
            42.467408,
            18.236074
          ],
          [
            42.467305,
            18.236327
          ],
          [
            42.467242,
            18.236476
          ],
          [
            42.467157,
            18.236619
          ],
          [
            42.467028,
            18.236785
          ],
          [
            42.466848,
            18.236946
          ],
          [
            42.466695,
            18.237046
          ],
          [
            42.466515,
            18.237126
          ],
          [
            42.466332,
            18.237189
          ],
          [
            42.466063,
            18.237294
          ],
          [
            42.465803,
            18.237385
          ],
          [
            42.465531,
            18.237462
          ],
          [
            42.465334,
            18.237489
          ],
          [
            42.465108,
            18.237497
          ],
          [
            42.464832,
            18.237423
          ],
          [
            42.464642,
            18.237368
          ],
          [
            42.46443,
            18.23728
          ],
          [
            42.464192,
            18.237144
          ],
          [
            42.463845,
            18.236948
          ],
          [
            42.46368,
            18.236852
          ],
          [
            42.463503,
            18.236776
          ],
          [
            42.463276,
            18.236757
          ],
          [
            42.463214,
            18.236749
          ],
          [
            42.463107,
            18.236734
          ],
          [
            42.462939,
            18.236732
          ],
          [
            42.462748,
            18.236778
          ],
          [
            42.462522,
            18.236878
          ],
          [
            42.462174,
            18.237136
          ],
          [
            42.461158,
            18.238079
          ],
          [
            42.460511,
            18.238647
          ],
          [
            42.459697,
            18.239357
          ],
          [
            42.459517,
            18.239503
          ],
          [
            42.459345,
            18.23965
          ],
          [
            42.458853,
            18.24005
          ],
          [
            42.458469,
            18.240341
          ],
          [
            42.458276,
            18.240444
          ],
          [
            42.457915,
            18.240604
          ],
          [
            42.4576,
            18.240697
          ],
          [
            42.457476,
            18.240714
          ],
          [
            42.457208,
            18.240752
          ],
          [
            42.456793,
            18.240729
          ],
          [
            42.45647,
            18.240661
          ],
          [
            42.455987,
            18.240496
          ],
          [
            42.455726,
            18.240349
          ],
          [
            42.455494,
            18.240172
          ],
          [
            42.455216,
            18.239906
          ],
          [
            42.455053,
            18.239763
          ],
          [
            42.454895,
            18.239604
          ],
          [
            42.454421,
            18.239177
          ],
          [
            42.453774,
            18.238595
          ],
          [
            42.45343,
            18.238271
          ],
          [
            42.452933,
            18.237794
          ],
          [
            42.452534,
            18.237444
          ],
          [
            42.452227,
            18.237203
          ],
          [
            42.451925,
            18.237004
          ],
          [
            42.451417,
            18.236725
          ],
          [
            42.450964,
            18.236527
          ],
          [
            42.450591,
            18.23643
          ],
          [
            42.449689,
            18.236277
          ],
          [
            42.449145,
            18.236167
          ],
          [
            42.44861,
            18.236051
          ],
          [
            42.448214,
            18.235966
          ],
          [
            42.447968,
            18.235896
          ],
          [
            42.447732,
            18.2358
          ],
          [
            42.447491,
            18.235672
          ],
          [
            42.447266,
            18.235504
          ],
          [
            42.447076,
            18.23533
          ],
          [
            42.44688,
            18.235061
          ],
          [
            42.446835,
            18.234935
          ],
          [
            42.446737,
            18.234672
          ],
          [
            42.446638,
            18.234282
          ],
          [
            42.446522,
            18.233674
          ],
          [
            42.446357,
            18.232956
          ],
          [
            42.446232,
            18.232498
          ],
          [
            42.446068,
            18.23205
          ],
          [
            42.445816,
            18.231546
          ],
          [
            42.445579,
            18.231103
          ],
          [
            42.445359,
            18.230728
          ],
          [
            42.445198,
            18.230401
          ],
          [
            42.445099,
            18.23012
          ],
          [
            42.445002,
            18.229763
          ],
          [
            42.444925,
            18.229274
          ],
          [
            42.444876,
            18.22878
          ],
          [
            42.444785,
            18.228266
          ],
          [
            42.444751,
            18.228073
          ],
          [
            42.444622,
            18.227642
          ],
          [
            42.444109,
            18.226517
          ],
          [
            42.443542,
            18.225787
          ],
          [
            42.443402,
            18.225663
          ],
          [
            42.443012,
            18.225324
          ],
          [
            42.442282,
            18.224852
          ],
          [
            42.441642,
            18.22457
          ],
          [
            42.440445,
            18.22426
          ],
          [
            42.439711,
            18.224151
          ],
          [
            42.439157,
            18.22405
          ],
          [
            42.438619,
            18.224106
          ],
          [
            42.43818,
            18.224348
          ],
          [
            42.437951,
            18.224593
          ],
          [
            42.437534,
            18.225041
          ],
          [
            42.437361,
            18.225183
          ],
          [
            42.43715,
            18.225311
          ],
          [
            42.436835,
            18.225375
          ],
          [
            42.436556,
            18.225399
          ],
          [
            42.436158,
            18.225413
          ]
        ]
      }
    }
  ]
}