{
  "type": "FeatureCollection",
  "features": [
    {
      "type": "Feature",
      "properties": {
        "osm_type": "way",
        "osm_id": 1201713801,
        "building": "yes",
        "origin_weight": 1.0
      },
      "geometry": {
        "type": "Point",
        "coordinates": [
          42.3854812,
          18.246918
        ]
      }
    },
    {
      "type": "Feature",
      "properties": {
        "osm_type": "way",
        "osm_id": 1201713803,
        "building": "yes",
        "origin_weight": 1.0
      },
      "geometry": {
        "type": "Point",
        "coordinates": [
          42.3838028,
          18.261704
        ]
      }
    },
    {
      "type": "Feature",
      "properties": {
        "osm_type": "way",
        "osm_id": 1201713804,
        "building": "yes",
        "origin_weight": 1.0
      },
      "geometry": {
        "type": "Point",
        "coordinates": [
          42.3841475,
          18.2609208
        ]
      }
    },
    {
      "type": "Feature",
      "properties": {
        "osm_type": "way",
        "osm_id": 1201713805,
        "building": "yes",
        "origin_weight": 1.0
      },
      "geometry": {
        "type": "Point",
        "coordinates": [
          42.3835928,
          18.2611616
        ]
      }
    },
    {
      "type": "Feature",
      "properties": {
        "osm_type": "way",
        "osm_id": 1201713806,
        "building": "yes",
        "origin_weight": 1.0
      },
      "geometry": {
        "type": "Point",
        "coordinates": [
          42.3861642,
          18.2493653
        ]
      }
    },
    {
      "type": "Feature",
      "properties": {
        "osm_type": "way",
        "osm_id": 1201713807,
        "building": "yes",
        "origin_weight": 1.0
      },
      "geometry": {
        "type": "Point",
        "coordinates": [
          42.3860588,
          18.2493017
        ]
      }
    },
    {
      "type": "Feature",
      "properties": {
        "osm_type": "way",
        "osm_id": 1201713808,
        "building": "yes",
        "origin_weight": 1.0
      },
      "geometry": {
        "type": "Point",
        "coordinates": [
          42.3867559,
          18.2482216
        ]
      }
    },
    {
      "type": "Feature",
      "properties": {
        "osm_type": "way",
        "osm_id": 1201713809,
        "building": "yes",
        "origin_weight": 1.0
      },
      "geometry": {
        "type": "Point",
        "coordinates": [
          42.3864891,
          18.2480828
        ]
      }
    },
    {
      "type": "Feature",
      "properties": {
        "osm_type": "way",
        "osm_id": 1201713810,
        "building": "yes",
        "origin_weight": 1.0
      },
      "geometry": {
        "type": "Point",
        "coordinates": [
          42.3859861,
          18.2481808
        ]
      }
    },
    {
      "type": "Feature",
      "properties": {
        "osm_type": "way",
        "osm_id": 1201713811,
        "building": "yes",
        "origin_weight": 1.0
      },
      "geometry": {
        "type": "Point",
        "coordinates": [
          42.3859558,
          18.2484657
        ]
      }
    },
    {
      "type": "Feature",
      "properties": {
        "osm_type": "way",
        "osm_id": 1201725690,
        "building": "yes",
        "origin_weight": 1.0
      },
      "geometry": {
        "type": "Point",
        "coordinates": [
          42.3756731,
          18.2585183
        ]
      }
    },
    {
      "type": "Feature",
      "properties": {
        "osm_type": "way",
        "osm_id": 1201725691,
        "building": "yes",
        "origin_weight": 1.0
      },
      "geometry": {
        "type": "Point",
        "coordinates": [
          42.374368,
          18.2586544
        ]
      }
    },
    {
      "type": "Feature",
      "properties": {
        "osm_type": "way",
        "osm_id": 1201725692,
        "building": "yes",
        "origin_weight": 1.0
      },
      "geometry": {
        "type": "Point",
        "coordinates": [
          42.374727,
          18.2579262
        ]
      }
    },
    {
      "type": "Feature",
      "properties": {
        "osm_type": "way",
        "osm_id": 1201725693,
        "building": "yes",
        "origin_weight": 1.0
      },
      "geometry": {
        "type": "Point",
        "coordinates": [
          42.3744998,
          18.257799
        ]
      }
    },
    {
      "type": "Feature",
      "properties": {
        "osm_type": "way",
        "osm_id": 1202231603,
        "building": "yes",
        "origin_weight": 1.0
      },
      "geometry": {
        "type": "Point",
        "coordinates": [
          42.3663778,
          18.2712894
        ]
      }
    },
    {
      "type": "Feature",
      "properties": {
        "osm_type": "way",
        "osm_id": 1202231604,
        "building": "yes",
        "origin_weight": 1.0
      },
      "geometry": {
        "type": "Point",
        "coordinates": [
          42.366484,
          18.2707696
        ]
      }
    },
    {
      "type": "Feature",
      "properties": {
        "osm_type": "way",
        "osm_id": 1202231605,
        "building": "yes",
        "origin_weight": 1.0
      },
      "geometry": {
        "type": "Point",
        "coordinates": [
          42.3665792,
          18.2697343
        ]
      }
    },
    {
      "type": "Feature",
      "properties": {
        "osm_type": "way",
        "osm_id": 1202231606,
        "building": "yes",
        "origin_weight": 1.0
      },
      "geometry": {
        "type": "Point",
        "coordinates": [
          42.3664958,
          18.2702847
        ]
      }
    },
    {
      "type": "Feature",
      "properties": {
        "osm_type": "way",
        "osm_id": 1202231607,
        "building": "yes",
        "origin_weight": 1.0
      },
      "geometry": {
        "type": "Point",
        "coordinates": [
          42.3661997,
          18.2717298
        ]
      }
    },
    {
      "type": "Feature",
      "properties": {
        "osm_type": "way",
        "osm_id": 1202231608,
        "building": "yes",
        "origin_weight": 1.0
      },
      "geometry": {
        "type": "Point",
        "coordinates": [
          42.3661078,
          18.272324
        ]
      }
    },
    {
      "type": "Feature",
      "properties": {
        "osm_type": "way",
        "osm_id": 1202231609,
        "building": "yes",
        "origin_weight": 1.0
      },
      "geometry": {
        "type": "Point",
        "coordinates": [
          42.3661634,
          18.2728218
        ]
      }
    },
    {
      "type": "Feature",
      "properties": {
        "osm_type": "way",
        "osm_id": 1202231610,
        "building": "yes",
        "origin_weight": 1.0
      },
      "geometry": {
        "type": "Point",
        "coordinates": [
          42.3662697,
          18.273258
        ]
      }
    },
    {
      "type": "Feature",
      "properties": {
        "osm_type": "way",
        "osm_id": 1202231611,
        "building": "yes",
        "origin_weight": 1.0
      },
      "geometry": {
        "type": "Point",
        "coordinates": [
          42.3683563,
          18.2741556
        ]
      }
    },
    {
      "type": "Feature",
      "properties": {
        "osm_type": "way",
        "osm_id": 1202231612,
        "building": "yes",
        "origin_weight": 1.0
      },
      "geometry": {
        "type": "Point",
        "coordinates": [
          42.3687073,
          18.2730479
        ]
      }
    },
    {
      "type": "Feature",
      "properties": {
        "osm_type": "way",
        "osm_id": 1202231613,
        "building": "yes",
        "origin_weight": 1.0
      },
      "geometry": {
        "type": "Point",
        "coordinates": [
          42.3687951,
          18.2727713
        ]
      }
    },
    {
      "type": "Feature",
      "properties": {
        "osm_type": "way",
        "osm_id": 1202231614,
        "building": "yes",
        "origin_weight": 1.0
      },
      "geometry": {
        "type": "Point",
        "coordinates": [
          42.3688978,
          18.2735185
        ]
      }
    },
    {
      "type": "Feature",
      "properties": {
        "osm_type": "way",
        "osm_id": 1202231615,
        "building": "yes",
        "origin_weight": 1.0
      },
      "geometry": {
        "type": "Point",
        "coordinates": [
          42.3691927,
          18.2731433
        ]
      }
    },
    {
      "type": "Feature",
      "properties": {
        "osm_type": "way",
        "osm_id": 1202231616,
        "building": "yes",
        "origin_weight": 1.0
      },
      "geometry": {
        "type": "Point",
        "coordinates": [
          42.3693692,
          18.2727197
        ]
      }
    },
    {
      "type": "Feature",
      "properties": {
        "osm_type": "way",
        "osm_id": 1202231617,
        "building": "yes",
        "origin_weight": 1.0
      },
      "geometry": {
        "type": "Point",
        "coordinates": [
          42.3696069,
          18.2724001
        ]
      }
    },
    {
      "type": "Feature",
      "properties": {
        "osm_type": "way",
        "osm_id": 1202231618,
        "building": "yes",
        "origin_weight": 1.0
      },
      "geometry": {
        "type": "Point",
        "coordinates": [
          42.3696517,
          18.2718455
        ]
      }
    },
    {
      "type": "Feature",
      "properties": {
        "osm_type": "way",
        "osm_id": 1202231619,
        "building": "yes",
        "origin_weight": 1.0
      },
      "geometry": {
        "type": "Point",
        "coordinates": [
          42.3694423,
          18.2710503
        ]
      }
    },
    {
      "type": "Feature",
      "properties": {
        "osm_type": "way",
        "osm_id": 1202231620,
        "building": "yes",
        "origin_weight": 1.0
      },
      "geometry": {
        "type": "Point",
        "coordinates": [
          42.3694043,
          18.2708564
        ]
      }
    },
    {
      "type": "Feature",
      "properties": {
        "osm_type": "way",
        "osm_id": 1202231621,
        "building": "yes",
        "origin_weight": 1.0
      },
      "geometry": {
        "type": "Point",
        "coordinates": [
          42.3694212,
          18.2706675
        ]
      }
    },
    {
      "type": "Feature",
      "properties": {
        "osm_type": "way",
        "osm_id": 1202231622,
        "building": "yes",
        "origin_weight": 1.0
      },
      "geometry": {
        "type": "Point",
        "coordinates": [
          42.3693715,
          18.270468
        ]
      }
    },
    {
      "type": "Feature",
      "properties": {
        "osm_type": "way",
        "osm_id": 1202231625,
        "building": "yes",
        "origin_weight": 1.0
      },
      "geometry": {
        "type": "Point",
        "coordinates": [
          42.3681621,
          18.2701797
        ]
      }
    },
    {
      "type": "Feature",
      "properties": {
        "osm_type": "way",
        "osm_id": 1202231626,
        "building": "yes",
        "origin_weight": 1.0
      },
      "geometry": {
        "type": "Point",
        "coordinates": [
          42.3668218,
          18.2691797
        ]
      }
    },
    {
      "type": "Feature",
      "properties": {
        "osm_type": "way",
        "osm_id": 1202231627,
        "building": "yes",
        "origin_weight": 1.0
      },
      "geometry": {
        "type": "Point",
        "coordinates": [
          42.3667556,
          18.2689142
        ]
      }
    },
    {
      "type": "Feature",
      "properties": {
        "osm_type": "way",
        "osm_id": 1202231628,
        "building": "yes",
        "origin_weight": 1.0
      },
      "geometry": {
        "type": "Point",
        "coordinates": [
          42.3666823,
          18.2684245
        ]
      }
    },
    {
      "type": "Feature",
      "properties": {
        "osm_type": "way",
        "osm_id": 1202231629,
        "building": "yes",
        "origin_weight": 1.0
      },
      "geometry": {
        "type": "Point",
        "coordinates": [
          42.3688998,
          18.2679708
        ]
      }
    },
    {
      "type": "Feature",
      "properties": {
        "osm_type": "way",
        "osm_id": 1202231630,
        "building": "yes",
        "origin_weight": 1.0
      },
      "geometry": {
        "type": "Point",
        "coordinates": [
          42.3670522,
          18.2676293
        ]
      }
    },
    {
      "type": "Feature",
      "properties": {
        "osm_type": "way",
        "osm_id": 1202231631,
        "building": "yes",
        "origin_weight": 1.0
      },
      "geometry": {
        "type": "Point",
        "coordinates": [
          42.3668459,
          18.267947
        ]
      }
    },
    {
      "type": "Feature",
      "properties": {
        "osm_type": "way",
        "osm_id": 1202231632,
        "building": "yes",
        "origin_weight": 1.0
      },
      "geometry": {
        "type": "Point",
        "coordinates": [
          42.3689702,
          18.2683188
        ]
      }
    },
    {
      "type": "Feature",
      "properties": {
        "osm_type": "way",
        "osm_id": 1202231633,
        "building": "yes",
        "origin_weight": 1.0
      },
      "geometry": {
        "type": "Point",
        "coordinates": [
          42.3683731,
          18.2686618
        ]
      }
    },
    {
      "type": "Feature",
      "properties": {
        "osm_type": "way",
        "osm_id": 1202231634,
        "building": "yes",
        "origin_weight": 1.0
      },
      "geometry": {
        "type": "Point",
        "coordinates": [
          42.3672917,
          18.2684819
        ]
      }
    },
    {
      "type": "Feature",
      "properties": {
        "osm_type": "way",
        "osm_id": 1202231635,
        "building": "yes",
        "origin_weight": 1.0
      },
      "geometry": {
        "type": "Point",
        "coordinates": [
          42.367186,
          18.2691426
        ]
      }
    },
    {
      "type": "Feature",
      "properties": {
        "osm_type": "way",
        "osm_id": 1202231636,
        "building": "yes",
        "origin_weight": 1.0
      },
      "geometry": {
        "type": "Point",
        "coordinates": [
          42.3674862,
          18.2691837
        ]
      }
    },
    {
      "type": "Feature",
      "properties": {
        "osm_type": "way",
        "osm_id": 1202231637,
        "building": "yes",
        "origin_weight": 1.0
      },
      "geometry": {
        "type": "Point",
        "coordinates": [
          42.367969,
          18.269252
        ]
      }
    },
    {
      "type": "Feature",
      "properties": {
        "osm_type": "way",
        "osm_id": 1202231638,
        "building": "yes",
        "origin_weight": 1.0
      },
      "geometry": {
        "type": "Point",
        "coordinates": [
          42.368251,
          18.269288
        ]
      }
    },
    {
      "type": "Feature",
      "properties": {
        "osm_type": "way",
        "osm_id": 1202231641,
        "building": "yes",
        "origin_weight": 1.0
      },
      "geometry": {
        "type": "Point",
        "coordinates": [
          42.3677345,
          18.273252
        ]
      }
    },
    {
      "type": "Feature",
      "properties": {
        "osm_type": "way",
        "osm_id": 1267132534,
        "building": "yes",
        "origin_weight": 1.0
      },
      "geometry": {
        "type": "Point",
        "coordinates": [
          42.5133347,
          18.2050288
        ]
      }
    },
    {
      "type": "Feature",
      "properties": {
        "osm_type": "way",
        "osm_id": 1267132535,
        "building": "yes",
        "origin_weight": 1.0
      },
      "geometry": {
        "type": "Point",
        "coordinates": [
          42.5144016,
          18.2047144
        ]
      }
    },
    {
      "type": "Feature",
      "properties": {
        "osm_type": "way",
        "osm_id": 1267132536,
        "building": "yes",
        "origin_weight": 1.0
      },
      "geometry": {
        "type": "Point",
        "coordinates": [
          42.5144577,
          18.2043983
        ]
      }
    },
    {
      "type": "Feature",
      "properties": {
        "osm_type": "way",
        "osm_id": 1267132537,
        "building": "yes",
        "origin_weight": 1.0
      },
      "geometry": {
        "type": "Point",
        "coordinates": [
          42.5149046,
          18.2050553
        ]
      }
    },
    {
      "type": "Feature",
      "properties": {
        "osm_type": "way",
        "osm_id": 1267132538,
        "building": "yes",
        "origin_weight": 1.0
      },
      "geometry": {
        "type": "Point",
        "coordinates": [
          42.5148955,
          18.2039466
        ]
      }
    },
    {
      "type": "Feature",
      "properties": {
        "osm_type": "way",
        "osm_id": 1267132539,
        "building": "yes",
        "origin_weight": 1.0
      },
      "geometry": {
        "type": "Point",
        "coordinates": [
          42.5120087,
          18.2037481
        ]
      }
    },
    {
      "type": "Feature",
      "properties": {
        "osm_type": "way",
        "osm_id": 1267132540,
        "building": "yes",
        "origin_weight": 1.0
      },
      "geometry": {
        "type": "Point",
        "coordinates": [
          42.5121072,
          18.2023923
        ]
      }
    },
    {
      "type": "Feature",
      "properties": {
        "osm_type": "way",
        "osm_id": 1267132541,
        "building": "yes",
        "origin_weight": 1.0
      },
      "geometry": {
        "type": "Point",
        "coordinates": [
          42.5114887,
          18.2042449
        ]
      }
    },
    {
      "type": "Feature",
      "properties": {
        "osm_type": "way",
        "osm_id": 1267132542,
        "building": "yes",
        "origin_weight": 1.0
      },
      "geometry": {
        "type": "Point",
        "coordinates": [
          42.5111316,
          18.2040837
        ]
      }
    },
    {
      "type": "Feature",
      "properties": {
        "osm_type": "way",
        "osm_id": 1267132543,
        "building": "yes",
        "origin_weight": 1.0
      },
      "geometry": {
        "type": "Point",
        "coordinates": [
          42.5107855,
          18.2046474
        ]
      }
    },
    {
      "type": "Feature",
      "properties": {
        "osm_type": "way",
        "osm_id": 1267132544,
        "building": "yes",
        "origin_weight": 1.0
      },
      "geometry": {
        "type": "Point",
        "coordinates": [
          42.5097788,
          18.2049796
        ]
      }
    },
    {
      "type": "Feature",
      "properties": {
        "osm_type": "way",
        "osm_id": 1267182456,
        "building": "yes",
        "origin_weight": 1.0
      },
      "geometry": {
        "type": "Point",
        "coordinates": [
          42.5127607,
          18.2026398
        ]
      }
    },
    {
      "type": "Feature",
      "properties": {
        "osm_type": "way",
        "osm_id": 1267184778,
        "building": "yes",
        "origin_weight": 1.0
      },
      "geometry": {
        "type": "Point",
        "coordinates": [
          42.506557,
          18.2047639
        ]
      }
    },
    {
      "type": "Feature",
      "properties": {
        "osm_type": "way",
        "osm_id": 1267184814,
        "building": "yes",
        "origin_weight": 1.0
      },
      "geometry": {
        "type": "Point",
        "coordinates": [
          42.4978709,
          18.203632
        ]
      }
    },
    {
      "type": "Feature",
      "properties": {
        "osm_type": "way",
        "osm_id": 1267184815,
        "building": "yes",
        "origin_weight": 1.0
      },
      "geometry": {
        "type": "Point",
        "coordinates": [
          42.4984634,
          18.2034359
        ]
      }
    },
    {
      "type": "Feature",
      "properties": {
        "osm_type": "way",
        "osm_id": 1267184816,
        "building": "yes",
        "origin_weight": 1.0
      },
      "geometry": {
        "type": "Point",
        "coordinates": [
          42.4971298,
          18.2029426
        ]
      }
    },
    {
      "type": "Feature",
      "properties": {
        "osm_type": "way",
        "osm_id": 1267184818,
        "building": "yes",
        "origin_weight": 1.0
      },
      "geometry": {
        "type": "Point",
        "coordinates": [
          42.4951399,
          18.2042703
        ]
      }
    },
    {
      "type": "Feature",
      "properties": {
        "osm_type": "way",
        "osm_id": 495787491,
        "building": "yes",
        "origin_weight": 1.0
      },
      "geometry": {
        "type": "Point",
        "coordinates": [
          42.5274387,
          18.2029376
        ]
      }
    },
    {
      "type": "Feature",
      "properties": {
        "osm_type": "way",
        "osm_id": 962551899,
        "building": "yes",
        "origin_weight": 1.0
      },
      "geometry": {
        "type": "Point",
        "coordinates": [
          42.5176058,
          18.202176
        ]
      }
    },
    {
      "type": "Feature",
      "properties": {
        "osm_type": "way",
        "osm_id": 1183872839,
        "building": "yes",
        "origin_weight": 1.0
      },
      "geometry": {
        "type": "Point",
        "coordinates": [
          42.5243787,
          18.2026854
        ]
      }
    },
    {
      "type": "Feature",
      "properties": {
        "osm_type": "way",
        "osm_id": 1183872840,
        "building": "yes",
        "origin_weight": 1.0
      },
      "geometry": {
        "type": "Point",
        "coordinates": [
          42.5239019,
          18.2024286
        ]
      }
    },
    {
      "type": "Feature",
      "properties": {
        "osm_type": "way",
        "osm_id": 1183872841,
        "building": "yes",
        "origin_weight": 1.0
      },
      "geometry": {
        "type": "Point",
        "coordinates": [
          42.5234437,
          18.2021768
        ]
      }
    },
    {
      "type": "Feature",
      "properties": {
        "osm_type": "way",
        "osm_id": 1183872842,
        "building": "yes",
        "origin_weight": 1.0
      },
      "geometry": {
        "type": "Point",
        "coordinates": [
          42.5229711,
          18.201919
        ]
      }
    },
    {
      "type": "Feature",
      "properties": {
        "osm_type": "way",
        "osm_id": 358377281,
        "building": "yes",
        "origin_weight": 1.0
      },
      "geometry": {
        "type": "Point",
        "coordinates": [
          42.496705,
          18.2147425
        ]
      }
    },
    {
      "type": "Feature",
      "properties": {
        "osm_type": "way",
        "osm_id": 650827713,
        "building": "yes",
        "origin_weight": 1.0
      },
      "geometry": {
        "type": "Point",
        "coordinates": [
          42.492195,
          18.2102802
        ]
      }
    },
    {
      "type": "Feature",
      "properties": {
        "osm_type": "way",
        "osm_id": 650827717,
        "building": "yes",
        "origin_weight": 1.0
      },
      "geometry": {
        "type": "Point",
        "coordinates": [
          42.4914951,
          18.2146798
        ]
      }
    },
    {
      "type": "Feature",
      "properties": {
        "osm_type": "way",
        "osm_id": 650827721,
        "building": "yes",
        "origin_weight": 1.0
      },
      "geometry": {
        "type": "Point",
        "coordinates": [
          42.4942296,
          18.223126
        ]
      }
    },
    {
      "type": "Feature",
      "properties": {
        "osm_type": "way",
        "osm_id": 983781093,
        "building": "yes",
        "origin_weight": 1.0
      },
      "geometry": {
        "type": "Point",
        "coordinates": [
          42.505639,
          18.22117
        ]
      }
    },
    {
      "type": "Feature",
      "properties": {
        "osm_type": "way",
        "osm_id": 983799025,
        "building": "yes",
        "origin_weight": 1.0
      },
      "geometry": {
        "type": "Point",
        "coordinates": [
          42.5047704,
          18.2448819
        ]
      }
    },
    {
      "type": "Feature",
      "properties": {
        "osm_type": "way",
        "osm_id": 984543164,
        "building": "yes",
        "origin_weight": 1.0
      },
      "geometry": {
        "type": "Point",
        "coordinates": [
          42.5116153,
          18.2363782
        ]
      }
    },
    {
      "type": "Feature",
      "properties": {
        "osm_type": "way",
        "osm_id": 984543165,
        "building": "yes",
        "origin_weight": 1.0
      },
      "geometry": {
        "type": "Point",
        "coordinates": [
          42.5129782,
          18.2350585
        ]
      }
    },
    {
      "type": "Feature",
      "properties": {
        "osm_type": "way",
        "osm_id": 984543166,
        "building": "yes",
        "origin_weight": 1.0
      },
      "geometry": {
        "type": "Point",
        "coordinates": [
          42.5130635,
          18.2348142
        ]
      }
    },
    {
      "type": "Feature",
      "properties": {
        "osm_type": "way",
        "osm_id": 984543167,
        "building": "yes",
        "origin_weight": 1.0
      },
      "geometry": {
        "type": "Point",
        "coordinates": [
          42.5133484,
          18.233408
        ]
      }
    },
    {
      "type": "Feature",
      "properties": {
        "osm_type": "way",
        "osm_id": 984543168,
        "building": "yes",
        "origin_weight": 1.0
      },
      "geometry": {
        "type": "Point",
        "coordinates": [
          42.5134738,
          18.2335672
        ]
      }
    },
    {
      "type": "Feature",
      "properties": {
        "osm_type": "way",
        "osm_id": 1089588911,
        "building": "yes",
        "origin_weight": 1.0
      },
      "geometry": {
        "type": "Point",
        "coordinates": [
          42.5023267,
          18.2142112
        ]
      }
    },
    {
      "type": "Feature",
      "properties": {
        "osm_type": "way",
        "osm_id": 1089588915,
        "building": "yes",
        "origin_weight": 1.0
      },
      "geometry": {
        "type": "Point",
        "coordinates": [
          42.5023158,
          18.2185192
        ]
      }
    },
    {
      "type": "Feature",
      "properties": {
        "osm_type": "way",
        "osm_id": 1089588916,
        "building": "yes",
        "origin_weight": 1.0
      },
      "geometry": {
        "type": "Point",
        "coordinates": [
          42.5020571,
          18.2175055
        ]
      }
    },
    {
      "type": "Feature",
      "properties": {
        "osm_type": "way",
        "osm_id": 1089590349,
        "building": "yes",
        "origin_weight": 1.0
      },
      "geometry": {
        "type": "Point",
        "coordinates": [
          42.4960079,
          18.2134492
        ]
      }
    },
    {
      "type": "Feature",
      "properties": {
        "osm_type": "way",
        "osm_id": 1089590350,
        "building": "yes",
        "origin_weight": 1.0
      },
      "geometry": {
        "type": "Point",
        "coordinates": [
          42.4936862,
          18.2180557
        ]
      }
    },
    {
      "type": "Feature",
      "properties": {
        "osm_type": "way",
        "osm_id": 1089590569,
        "building": "yes",
        "origin_weight": 1.0
      },
      "geometry": {
        "type": "Point",
        "coordinates": [
          42.5012994,
          18.2159828
        ]
      }
    },
    {
      "type": "Feature",
      "properties": {
        "osm_type": "way",
        "osm_id": 1089590570,
        "building": "yes",
        "origin_weight": 1.0
      },
      "geometry": {
        "type": "Point",
        "coordinates": [
          42.5007343,
          18.2173519
        ]
      }
    },
    {
      "type": "Feature",
      "properties": {
        "osm_type": "way",
        "osm_id": 1089590571,
        "building": "yes",
        "origin_weight": 1.0
      },
      "geometry": {
        "type": "Point",
        "coordinates": [
          42.5009873,
          18.2175692
        ]
      }
    },
    {
      "type": "Feature",
      "properties": {
        "osm_type": "way",
        "osm_id": 1089590572,
        "building": "yes",
        "origin_weight": 1.0
      },
      "geometry": {
        "type": "Point",
        "coordinates": [
          42.5012879,
          18.2176563
        ]
      }
    },
    {
      "type": "Feature",
      "properties": {
        "osm_type": "way",
        "osm_id": 1266742879,
        "building": "yes",
        "origin_weight": 1.0
      },
      "geometry": {
        "type": "Point",
        "coordinates": [
          42.4896293,
          18.2285671
        ]
      }
    },
    {
      "type": "Feature",
      "properties": {
        "osm_type": "way",
        "osm_id": 1267128746,
        "building": "yes",
        "origin_weight": 1.0
      },
      "geometry": {
        "type": "Point",
        "coordinates": [
          42.5146276,
          18.2169521
        ]
      }
    },
    {
      "type": "Feature",
      "properties": {
        "osm_type": "way",
        "osm_id": 1267128751,
        "building": "yes",
        "origin_weight": 1.0
      },
      "geometry": {
        "type": "Point",
        "coordinates": [
          42.5149018,
          18.2133449
        ]
      }
    },
    {
      "type": "Feature",
      "properties": {
        "osm_type": "way",
        "osm_id": 1267128752,
        "building": "yes",
        "origin_weight": 1.0
      },
      "geometry": {
        "type": "Point",
        "coordinates": [
          42.5145414,
          18.2136857
        ]
      }
    },
    {
      "type": "Feature",
      "properties": {
        "osm_type": "way",
        "osm_id": 1267128753,
        "building": "yes",
        "origin_weight": 1.0
      },
      "geometry": {
        "type": "Point",
        "coordinates": [
          42.5140691,
          18.2125023
        ]
      }
    },
    {
      "type": "Feature",
      "properties": {
        "osm_type": "way",
        "osm_id": 1267128754,
        "building": "yes",
        "origin_weight": 1.0
      },
      "geometry": {
        "type": "Point",
        "coordinates": [
          42.5134816,
          18.2119919
        ]
      }
    },
    {
      "type": "Feature",
      "properties": {
        "osm_type": "way",
        "osm_id": 1267128755,
        "building": "yes",
        "origin_weight": 1.0
      },
      "geometry": {
        "type": "Point",
        "coordinates": [
          42.5132736,
          18.2119548
        ]
      }
    },
    {
      "type": "Feature",
      "properties": {
        "osm_type": "way",
        "osm_id": 1267128756,
        "building": "yes",
        "origin_weight": 1.0
      },
      "geometry": {
        "type": "Point",
        "coordinates": [
          42.5136565,
          18.2119841
        ]
      }
    },
    {
      "type": "Feature",
      "properties": {
        "osm_type": "way",
        "osm_id": 1267128757,
        "building": "yes",
        "origin_weight": 1.0
      },
      "geometry": {
        "type": "Point",
        "coordinates": [
          42.5141187,
          18.2111752
        ]
      }
    },
    {
      "type": "Feature",
      "properties": {
        "osm_type": "way",
        "osm_id": 1267128758,
        "building": "yes",
        "origin_weight": 1.0
      },
      "geometry": {
        "type": "Point",
        "coordinates": [
          42.5147849,
          18.2111019
        ]
      }
    },
    {
      "type": "Feature",
      "properties": {
        "osm_type": "way",
        "osm_id": 1267128759,
        "building": "yes",
        "origin_weight": 1.0
      },
      "geometry": {
        "type": "Point",
        "coordinates": [
          42.5143439,
          18.2114091
        ]
      }
    },
    {
      "type": "Feature",
      "properties": {
        "osm_type": "way",
        "osm_id": 1267128760,
        "building": "yes",
        "origin_weight": 1.0
      },
      "geometry": {
        "type": "Point",
        "coordinates": [
          42.5143287,
          18.211152
        ]
      }
    },
    {
      "type": "Feature",
      "properties": {
        "osm_type": "way",
        "osm_id": 1267128761,
        "building": "yes",
        "origin_weight": 1.0
      },
      "geometry": {
        "type": "Point",
        "coordinates": [
          42.5141847,
          18.2106308
        ]
      }
    },
    {
      "type": "Feature",
      "properties": {
        "osm_type": "way",
        "osm_id": 1267128770,
        "building": "yes",
        "origin_weight": 1.0
      },
      "geometry": {
        "type": "Point",
        "coordinates": [
          42.5149866,
          18.2155768
        ]
      }
    },
    {
      "type": "Feature",
      "properties": {
        "osm_type": "way",
        "osm_id": 1267128773,
        "building": "yes",
        "origin_weight": 1.0
      },
      "geometry": {
        "type": "Point",
        "coordinates": [
          42.5148534,
          18.2163561
        ]
      }
    },
    {
      "type": "Feature",
      "properties": {
        "osm_type": "way",
        "osm_id": 1267128774,
        "building": "yes",
        "origin_weight": 1.0
      },
      "geometry": {
        "type": "Point",
        "coordinates": [
          42.5145611,
          18.2163454
        ]
      }
    },
    {
      "type": "Feature",
      "properties": {
        "osm_type": "way",
        "osm_id": 1267128775,
        "building": "yes",
        "origin_weight": 1.0
      },
      "geometry": {
        "type": "Point",
        "coordinates": [
          42.5149786,
          18.2151742
        ]
      }
    },
    {
      "type": "Feature",
      "properties": {
        "osm_type": "way",
        "osm_id": 1267128779,
        "building": "yes",
        "origin_weight": 1.0
      },
      "geometry": {
        "type": "Point",
        "coordinates": [
          42.513214,
          18.2164123
        ]
      }
    },
    {
      "type": "Feature",
      "properties": {
        "osm_type": "way",
        "osm_id": 1267128780,
        "building": "yes",
        "origin_weight": 1.0
      },
      "geometry": {
        "type": "Point",
        "coordinates": [
          42.5129835,
          18.2156279
        ]
      }
    },
    {
      "type": "Feature",
      "properties": {
        "osm_type": "way",
        "osm_id": 1267128781,
        "building": "yes",
        "origin_weight": 1.0
      },
      "geometry": {
        "type": "Point",
        "coordinates": [
          42.5125041,
          18.2155916
        ]
      }
    },
    {
      "type": "Feature",
      "properties": {
        "osm_type": "way",
        "osm_id": 1267128782,
        "building": "yes",
        "origin_weight": 1.0
      },
      "geometry": {
        "type": "Point",
        "coordinates": [
          42.5126495,
          18.2161017
        ]
      }
    },
    {
      "type": "Feature",
      "properties": {
        "osm_type": "way",
        "osm_id": 1267128783,
        "building": "yes",
        "origin_weight": 1.0
      },
      "geometry": {
        "type": "Point",
        "coordinates": [
          42.5122836,
          18.2158769
        ]
      }
    },
    {
      "type": "Feature",
      "properties": {
        "osm_type": "way",
        "osm_id": 1267128784,
        "building": "yes",
        "origin_weight": 1.0
      },
      "geometry": {
        "type": "Point",
        "coordinates": [
          42.5122315,
          18.216162
        ]
      }
    },
    {
      "type": "Feature",
      "properties": {
        "osm_type": "way",
        "osm_id": 1267128785,
        "building": "yes",
        "origin_weight": 1.0
      },
      "geometry": {
        "type": "Point",
        "coordinates": [
          42.5119544,
          18.2166088
        ]
      }
    },
    {
      "type": "Feature",
      "properties": {
        "osm_type": "way",
        "osm_id": 1267128786,
        "building": "yes",
        "origin_weight": 1.0
      },
      "geometry": {
        "type": "Point",
        "coordinates": [
          42.5116901,
          18.2164616
        ]
      }
    },
    {
      "type": "Feature",
      "properties": {
        "osm_type": "way",
        "osm_id": 1267128787,
        "building": "yes",
        "origin_weight": 1.0
      },
      "geometry": {
        "type": "Point",
        "coordinates": [
          42.512129,
          18.2166996
        ]
      }
    },
    {
      "type": "Feature",
      "properties": {
        "osm_type": "way",
        "osm_id": 1267128788,
        "building": "yes",
        "origin_weight": 1.0
      },
      "geometry": {
        "type": "Point",
        "coordinates": [
          42.5123448,
          18.2167923
        ]
      }
    },
    {
      "type": "Feature",
      "properties": {
        "osm_type": "way",
        "osm_id": 1267128789,
        "building": "yes",
        "origin_weight": 1.0
      },
      "geometry": {
        "type": "Point",
        "coordinates": [
          42.5126853,
          18.217059
        ]
      }
    },
    {
      "type": "Feature",
      "properties": {
        "osm_type": "way",
        "osm_id": 1267128790,
        "building": "yes",
        "origin_weight": 1.0
      },
      "geometry": {
        "type": "Point",
        "coordinates": [
          42.5129538,
          18.2171899
        ]
      }
    },
    {
      "type": "Feature",
      "properties": {
        "osm_type": "way",
        "osm_id": 1267128791,
        "building": "yes",
        "origin_weight": 1.0
      },
      "geometry": {
        "type": "Point",
        "coordinates": [
          42.5124742,
          18.2177088
        ]
      }
    },
    {
      "type": "Feature",
      "properties": {
        "osm_type": "way",
        "osm_id": 1267128792,
        "building": "yes",
        "origin_weight": 1.0
      },
      "geometry": {
        "type": "Point",
        "coordinates": [
          42.5127083,
          18.2177126
        ]
      }
    },
    {
      "type": "Feature",
      "properties": {
        "osm_type": "way",
        "osm_id": 1267128793,
        "building": "yes",
        "origin_weight": 1.0
      },
      "geometry": {
        "type": "Point",
        "coordinates": [
          42.5135182,
          18.2173417
        ]
      }
    },
    {
      "type": "Feature",
      "properties": {
        "osm_type": "way",
        "osm_id": 1267128794,
        "building": "yes",
        "origin_weight": 1.0
      },
      "geometry": {
        "type": "Point",
        "coordinates": [
          42.5140754,
          18.217639
        ]
      }
    },
    {
      "type": "Feature",
      "properties": {
        "osm_type": "way",
        "osm_id": 1267128795,
        "building": "yes",
        "origin_weight": 1.0
      },
      "geometry": {
        "type": "Point",
        "coordinates": [
          42.5126082,
          18.2188416
        ]
      }
    },
    {
      "type": "Feature",
      "properties": {
        "osm_type": "way",
        "osm_id": 1267128796,
        "building": "yes",
        "origin_weight": 1.0
      },
      "geometry": {
        "type": "Point",
        "coordinates": [
          42.5125357,
          18.2186692
        ]
      }
    },
    {
      "type": "Feature",
      "properties": {
        "osm_type": "way",
        "osm_id": 1267128797,
        "building": "yes",
        "origin_weight": 1.0
      },
      "geometry": {
        "type": "Point",
        "coordinates": [
          42.5124476,
          18.2185257
        ]
      }
    },
    {
      "type": "Feature",
      "properties": {
        "osm_type": "way",
        "osm_id": 1267128798,
        "building": "yes",
        "origin_weight": 1.0
      },
      "geometry": {
        "type": "Point",
        "coordinates": [
          42.5121268,
          18.2177225
        ]
      }
    },
    {
      "type": "Feature",
      "properties": {
        "osm_type": "way",
        "osm_id": 1267128799,
        "building": "yes",
        "origin_weight": 1.0
      },
      "geometry": {
        "type": "Point",
        "coordinates": [
          42.5123487,
          18.2173897
        ]
      }
    },
    {
      "type": "Feature",
      "properties": {
        "osm_type": "way",
        "osm_id": 1267128800,
        "building": "yes",
        "origin_weight": 1.0
      },
      "geometry": {
        "type": "Point",
        "coordinates": [
          42.5118933,
          18.2172518
        ]
      }
    },
    {
      "type": "Feature",
      "properties": {
        "osm_type": "way",
        "osm_id": 1267128801,
        "building": "yes",
        "origin_weight": 1.0
      },
      "geometry": {
        "type": "Point",
        "coordinates": [
          42.5111962,
          18.2168414
        ]
      }
    },
    {
      "type": "Feature",
      "properties": {
        "osm_type": "way",
        "osm_id": 1267128802,
        "building": "yes",
        "origin_weight": 1.0
      },
      "geometry": {
        "type": "Point",
        "coordinates": [
          42.5108603,
          18.2166026
        ]
      }
    },
    {
      "type": "Feature",
      "properties": {
        "osm_type": "way",
        "osm_id": 1267128803,
        "building": "yes",
        "origin_weight": 1.0
      },
      "geometry": {
        "type": "Point",
        "coordinates": [
          42.5106167,
          18.2164367
        ]
      }
    },
    {
      "type": "Feature",
      "properties": {
        "osm_type": "way",
        "osm_id": 1267132503,
        "building": "yes",
        "origin_weight": 1.0
      },
      "geometry": {
        "type": "Point",
        "coordinates": [
          42.512034,
          18.2150394
        ]
      }
    },
    {
      "type": "Feature",
      "properties": {
        "osm_type": "way",
        "osm_id": 1267132504,
        "building": "yes",
        "origin_weight": 1.0
      },
      "geometry": {
        "type": "Point",
        "coordinates": [
          42.5117601,
          18.215379
        ]
      }
    },
    {
      "type": "Feature",
      "properties": {
        "osm_type": "way",
        "osm_id": 1267132505,
        "building": "yes",
        "origin_weight": 1.0
      },
      "geometry": {
        "type": "Point",
        "coordinates": [
          42.5106329,
          18.216896
        ]
      }
    },
    {
      "type": "Feature",
      "properties": {
        "osm_type": "way",
        "osm_id": 1267132506,
        "building": "yes",
        "origin_weight": 1.0
      },
      "geometry": {
        "type": "Point",
        "coordinates": [
          42.5104197,
          18.2172083
        ]
      }
    },
    {
      "type": "Feature",
      "properties": {
        "osm_type": "way",
        "osm_id": 1267132507,
        "building": "yes",
        "origin_weight": 1.0
      },
      "geometry": {
        "type": "Point",
        "coordinates": [
          42.5102565,
          18.2176616
        ]
      }
    },
    {
      "type": "Feature",
      "properties": {
        "osm_type": "way",
        "osm_id": 1267132508,
        "building": "yes",
        "origin_weight": 1.0
      },
      "geometry": {
        "type": "Point",
        "coordinates": [
          42.5096434,
          18.2176289
        ]
      }
    },
    {
      "type": "Feature",
      "properties": {
        "osm_type": "way",
        "osm_id": 1267132509,
        "building": "yes",
        "origin_weight": 1.0
      },
      "geometry": {
        "type": "Point",
        "coordinates": [
          42.5097909,
          18.2177233
        ]
      }
    },
    {
      "type": "Feature",
      "properties": {
        "osm_type": "way",
        "osm_id": 1267132510,
        "building": "yes",
        "origin_weight": 1.0
      },
      "geometry": {
        "type": "Point",
        "coordinates": [
          42.5099053,
          18.2175175
        ]
      }
    },
    {
      "type": "Feature",
      "properties": {
        "osm_type": "way",
        "osm_id": 1267132511,
        "building": "yes",
        "origin_weight": 1.0
      },
      "geometry": {
        "type": "Point",
        "coordinates": [
          42.5100579,
          18.2179575
        ]
      }
    },
    {
      "type": "Feature",
      "properties": {
        "osm_type": "way",
        "osm_id": 1267132512,
        "building": "yes",
        "origin_weight": 1.0
      },
      "geometry": {
        "type": "Point",
        "coordinates": [
          42.5099034,
          18.2183712
        ]
      }
    },
    {
      "type": "Feature",
      "properties": {
        "osm_type": "way",
        "osm_id": 1267132525,
        "building": "yes",
        "origin_weight": 1.0
      },
      "geometry": {
        "type": "Point",
        "coordinates": [
          42.5137086,
          18.2064394
        ]
      }
    },
    {
      "type": "Feature",
      "properties": {
        "osm_type": "way",
        "osm_id": 1267132526,
        "building": "yes",
        "origin_weight": 1.0
      },
      "geometry": {
        "type": "Point",
        "coordinates": [
          42.5117859,
          18.208126
        ]
      }
    },
    {
      "type": "Feature",
      "properties": {
        "osm_type": "way",
        "osm_id": 1267132527,
        "building": "yes",
        "origin_weight": 1.0
      },
      "geometry": {
        "type": "Point",
        "coordinates": [
          42.5123031,
          18.208764
        ]
      }
    },
    {
      "type": "Feature",
      "properties": {
        "osm_type": "way",
        "osm_id": 1267132528,
        "building": "yes",
        "origin_weight": 1.0
      },
      "geometry": {
        "type": "Point",
        "coordinates": [
          42.5126861,
          18.2086418
        ]
      }
    },
    {
      "type": "Feature",
      "properties": {
        "osm_type": "way",
        "osm_id": 1267132529,
        "building": "yes",
        "origin_weight": 1.0
      },
      "geometry": {
        "type": "Point",
        "coordinates": [
          42.5139522,
          18.2073187
        ]
      }
    },
    {
      "type": "Feature",
      "properties": {
        "osm_type": "way",
        "osm_id": 1267132530,
        "building": "yes",
        "origin_weight": 1.0
      },
      "geometry": {
        "type": "Point",
        "coordinates": [
          42.5129228,
          18.2063142
        ]
      }
    },
    {
      "type": "Feature",
      "properties": {
        "osm_type": "way",
        "osm_id": 1267132531,
        "building": "yes",
        "origin_weight": 1.0
      },
      "geometry": {
        "type": "Point",
        "coordinates": [
          42.5124179,
          18.2059207
        ]
      }
    },
    {
      "type": "Feature",
      "properties": {
        "osm_type": "way",
        "osm_id": 1267132532,
        "building": "yes",
        "origin_weight": 1.0
      },
      "geometry": {
        "type": "Point",
        "coordinates": [
          42.5128331,
          18.2058085
        ]
      }
    },
    {
      "type": "Feature",
      "properties": {
        "osm_type": "way",
        "osm_id": 1267132533,
        "building": "yes",
        "origin_weight": 1.0
      },
      "geometry": {
        "type": "Point",
        "coordinates": [
          42.5135481,
          18.2051851
        ]
      }
    },
    {
      "type": "Feature",
      "properties": {
        "osm_type": "way",
        "osm_id": 1267132545,
        "building": "yes",
        "origin_weight": 1.0
      },
      "geometry": {
        "type": "Point",
        "coordinates": [
          42.5100735,
          18.2059553
        ]
      }
    },
    {
      "type": "Feature",
      "properties": {
        "osm_type": "way",
        "osm_id": 1267132546,
        "building": "yes",
        "origin_weight": 1.0
      },
      "geometry": {
        "type": "Point",
        "coordinates": [
          42.5096754,
          18.20593
        ]
      }
    },
    {
      "type": "Feature",
      "properties": {
        "osm_type": "way",
        "osm_id": 1267132547,
        "building": "yes",
        "origin_weight": 1.0
      },
      "geometry": {
        "type": "Point",
        "coordinates": [
          42.5114623,
          18.2063823
        ]
      }
    },
    {
      "type": "Feature",
      "properties": {
        "osm_type": "way",
        "osm_id": 1267132548,
        "building": "yes",
        "origin_weight": 1.0
      },
      "geometry": {
        "type": "Point",
        "coordinates": [
          42.5119912,
          18.207149
        ]
      }
    },
    {
      "type": "Feature",
      "properties": {
        "osm_type": "way",
        "osm_id": 1267132549,
        "building": "yes",
        "origin_weight": 1.0
      },
      "geometry": {
        "type": "Point",
        "coordinates": [
          42.5123694,
          18.2077842
        ]
      }
    },
    {
      "type": "Feature",
      "properties": {
        "osm_type": "way",
        "osm_id": 1267132550,
        "building": "yes",
        "origin_weight": 1.0
      },
      "geometry": {
        "type": "Point",
        "coordinates": [
          42.5135992,
          18.2078762
        ]
      }
    },
    {
      "type": "Feature",
      "properties": {
        "osm_type": "way",
        "osm_id": 1267132551,
        "building": "yes",
        "origin_weight": 1.0
      },
      "geometry": {
        "type": "Point",
        "coordinates": [
          42.5145584,
          18.2089035
        ]
      }
    },
    {
      "type": "Feature",
      "properties": {
        "osm_type": "way",
        "osm_id": 1267132552,
        "building": "yes",
        "origin_weight": 1.0
      },
      "geometry": {
        "type": "Point",
        "coordinates": [
          42.5142331,
          18.2096098
        ]
      }
    },
    {
      "type": "Feature",
      "properties": {
        "osm_type": "way",
        "osm_id": 1267132553,
        "building": "yes",
        "origin_weight": 1.0
      },
      "geometry": {
        "type": "Point",
        "coordinates": [
          42.5139376,
          18.2095524
        ]
      }
    },
    {
      "type": "Feature",
      "properties": {
        "osm_type": "way",
        "osm_id": 1267178463,
        "building": "yes",
        "origin_weight": 1.0
      },
      "geometry": {
        "type": "Point",
        "coordinates": [
          42.5146686,
          18.2120585
        ]
      }
    },
    {
      "type": "Feature",
      "properties": {
        "osm_type": "way",
        "osm_id": 1267178472,
        "building": "yes",
        "origin_weight": 1.0
      },
      "geometry": {
        "type": "Point",
        "coordinates": [
          42.5141612,
          18.2119611
        ]
      }
    },
    {
      "type": "Feature",
      "properties": {
        "osm_type": "way",
        "osm_id": 1267178473,
        "building": "yes",
        "origin_weight": 1.0
      },
      "geometry": {
        "type": "Point",
        "coordinates": [
          42.5137348,
          18.211172
        ]
      }
    },
    {
      "type": "Feature",
      "properties": {
        "osm_type": "way",
        "osm_id": 1267178474,
        "building": "yes",
        "origin_weight": 1.0
      },
      "geometry": {
        "type": "Point",
        "coordinates": [
          42.5128761,
          18.2116859
        ]
      }
    },
    {
      "type": "Feature",
      "properties": {
        "osm_type": "way",
        "osm_id": 1267178475,
        "building": "yes",
        "origin_weight": 1.0
      },
      "geometry": {
        "type": "Point",
        "coordinates": [
          42.5126582,
          18.2118811
        ]
      }
    },
    {
      "type": "Feature",
      "properties": {
        "osm_type": "way",
        "osm_id": 1267178476,
        "building": "yes",
        "origin_weight": 1.0
      },
      "geometry": {
        "type": "Point",
        "coordinates": [
          42.5129584,
          18.2119779
        ]
      }
    },
    {
      "type": "Feature",
      "properties": {
        "osm_type": "way",
        "osm_id": 1267178477,
        "building": "yes",
        "origin_weight": 1.0
      },
      "geometry": {
        "type": "Point",
        "coordinates": [
          42.5127856,
          18.2121722
        ]
      }
    },
    {
      "type": "Feature",
      "properties": {
        "osm_type": "way",
        "osm_id": 1267178478,
        "building": "yes",
        "origin_weight": 1.0
      },
      "geometry": {
        "type": "Point",
        "coordinates": [
          42.5135734,
          18.2124884
        ]
      }
    },
    {
      "type": "Feature",
      "properties": {
        "osm_type": "way",
        "osm_id": 1267178479,
        "building": "yes",
        "origin_weight": 1.0
      },
      "geometry": {
        "type": "Point",
        "coordinates": [
          42.5131792,
          18.213147
        ]
      }
    },
    {
      "type": "Feature",
      "properties": {
        "osm_type": "way",
        "osm_id": 1267178480,
        "building": "yes",
        "origin_weight": 1.0
      },
      "geometry": {
        "type": "Point",
        "coordinates": [
          42.5129377,
          18.2137293
        ]
      }
    },
    {
      "type": "Feature",
      "properties": {
        "osm_type": "way",
        "osm_id": 1267178481,
        "building": "yes",
        "origin_weight": 1.0
      },
      "geometry": {
        "type": "Point",
        "coordinates": [
          42.5128765,
          18.2139035
        ]
      }
    },
    {
      "type": "Feature",
      "properties": {
        "osm_type": "way",
        "osm_id": 1267178482,
        "building": "yes",
        "origin_weight": 1.0
      },
      "geometry": {
        "type": "Point",
        "coordinates": [
          42.5127264,
          18.2136478
        ]
      }
    },
    {
      "type": "Feature",
      "properties": {
        "osm_type": "way",
        "osm_id": 1267178483,
        "building": "yes",
        "origin_weight": 1.0
      },
      "geometry": {
        "type": "Point",
        "coordinates": [
          42.5124468,
          18.2135396
        ]
      }
    },
    {
      "type": "Feature",
      "properties": {
        "osm_type": "way",
        "osm_id": 1267178484,
        "building": "yes",
        "origin_weight": 1.0
      },
      "geometry": {
        "type": "Point",
        "coordinates": [
          42.5122595,
          18.2135016
        ]
      }
    },
    {
      "type": "Feature",
      "properties": {
        "osm_type": "way",
        "osm_id": 1267178485,
        "building": "yes",
        "origin_weight": 1.0
      },
      "geometry": {
        "type": "Point",
        "coordinates": [
          42.5125384,
          18.2141583
        ]
      }
    },
    {
      "type": "Feature",
      "properties": {
        "osm_type": "way",
        "osm_id": 1267178486,
        "building": "yes",
        "origin_weight": 1.0
      },
      "geometry": {
        "type": "Point",
        "coordinates": [
          42.5127075,
          18.2141969
        ]
      }
    },
    {
      "type": "Feature",
      "properties": {
        "osm_type": "way",
        "osm_id": 1267178487,
        "building": "yes",
        "origin_weight": 1.0
      },
      "geometry": {
        "type": "Point",
        "coordinates": [
          42.5129412,
          18.2141951
        ]
      }
    },
    {
      "type": "Feature",
      "properties": {
        "osm_type": "way",
        "osm_id": 1267178488,
        "building": "yes",
        "origin_weight": 1.0
      },
      "geometry": {
        "type": "Point",
        "coordinates": [
          42.5131162,
          18.2142097
        ]
      }
    },
    {
      "type": "Feature",
      "properties": {
        "osm_type": "way",
        "osm_id": 1267178489,
        "building": "yes",
        "origin_weight": 1.0
      },
      "geometry": {
        "type": "Point",
        "coordinates": [
          42.5130306,
          18.2149998
        ]
      }
    },
    {
      "type": "Feature",
      "properties": {
        "osm_type": "way",
        "osm_id": 1267178490,
        "building": "yes",
        "origin_weight": 1.0
      },
      "geometry": {
        "type": "Point",
        "coordinates": [
          42.5130017,
          18.215165
        ]
      }
    },
    {
      "type": "Feature",
      "properties": {
        "osm_type": "way",
        "osm_id": 1267178491,
        "building": "yes",
        "origin_weight": 1.0
      },
      "geometry": {
        "type": "Point",
        "coordinates": [
          42.5129748,
          18.2153441
        ]
      }
    },
    {
      "type": "Feature",
      "properties": {
        "osm_type": "way",
        "osm_id": 1267178492,
        "building": "yes",
        "origin_weight": 1.0
      },
      "geometry": {
        "type": "Point",
        "coordinates": [
          42.51322,
          18.2151962
        ]
      }
    },
    {
      "type": "Feature",
      "properties": {
        "osm_type": "way",
        "osm_id": 1267178493,
        "building": "yes",
        "origin_weight": 1.0
      },
      "geometry": {
        "type": "Point",
        "coordinates": [
          42.5131863,
          18.2153422
        ]
      }
    },
    {
      "type": "Feature",
      "properties": {
        "osm_type": "way",
        "osm_id": 1267178494,
        "building": "yes",
        "origin_weight": 1.0
      },
      "geometry": {
        "type": "Point",
        "coordinates": [
          42.5132335,
          18.215019
        ]
      }
    },
    {
      "type": "Feature",
      "properties": {
        "osm_type": "way",
        "osm_id": 1267178495,
        "building": "yes",
        "origin_weight": 1.0
      },
      "geometry": {
        "type": "Point",
        "coordinates": [
          42.5132604,
          18.2148417
        ]
      }
    },
    {
      "type": "Feature",
      "properties": {
        "osm_type": "way",
        "osm_id": 1267178496,
        "building": "yes",
        "origin_weight": 1.0
      },
      "geometry": {
        "type": "Point",
        "coordinates": [
          42.513095,
          18.2146344
        ]
      }
    },
    {
      "type": "Feature",
      "properties": {
        "osm_type": "way",
        "osm_id": 1267178497,
        "building": "yes",
        "origin_weight": 1.0
      },
      "geometry": {
        "type": "Point",
        "coordinates": [
          42.5133037,
          18.2144335
        ]
      }
    },
    {
      "type": "Feature",
      "properties": {
        "osm_type": "way",
        "osm_id": 1267178498,
        "building": "yes",
        "origin_weight": 1.0
      },
      "geometry": {
        "type": "Point",
        "coordinates": [
          42.5130358,
          18.2143961
        ]
      }
    },
    {
      "type": "Feature",
      "properties": {
        "osm_type": "way",
        "osm_id": 1267178499,
        "building": "yes",
        "origin_weight": 1.0
      },
      "geometry": {
        "type": "Point",
        "coordinates": [
          42.5133719,
          18.2142308
        ]
      }
    },
    {
      "type": "Feature",
      "properties": {
        "osm_type": "way",
        "osm_id": 1267178500,
        "building": "yes",
        "origin_weight": 1.0
      },
      "geometry": {
        "type": "Point",
        "coordinates": [
          42.5125033,
          18.2152566
        ]
      }
    },
    {
      "type": "Feature",
      "properties": {
        "osm_type": "way",
        "osm_id": 1267178501,
        "building": "yes",
        "origin_weight": 1.0
      },
      "geometry": {
        "type": "Point",
        "coordinates": [
          42.5121941,
          18.2156231
        ]
      }
    },
    {
      "type": "Feature",
      "properties": {
        "osm_type": "way",
        "osm_id": 1267178502,
        "building": "yes",
        "origin_weight": 1.0
      },
      "geometry": {
        "type": "Point",
        "coordinates": [
          42.5120476,
          18.2160734
        ]
      }
    },
    {
      "type": "Feature",
      "properties": {
        "osm_type": "way",
        "osm_id": 1267178503,
        "building": "yes",
        "origin_weight": 1.0
      },
      "geometry": {
        "type": "Point",
        "coordinates": [
          42.5122137,
          18.2164411
        ]
      }
    },
    {
      "type": "Feature",
      "properties": {
        "osm_type": "way",
        "osm_id": 1267178504,
        "building": "yes",
        "origin_weight": 1.0
      },
      "geometry": {
        "type": "Point",
        "coordinates": [
          42.5131636,
          18.2168394
        ]
      }
    },
    {
      "type": "Feature",
      "properties": {
        "osm_type": "way",
        "osm_id": 1267178505,
        "building": "yes",
        "origin_weight": 1.0
      },
      "geometry": {
        "type": "Point",
        "coordinates": [
          42.5136609,
          18.2175863
        ]
      }
    },
    {
      "type": "Feature",
      "properties": {
        "osm_type": "way",
        "osm_id": 1267178506,
        "building": "yes",
        "origin_weight": 1.0
      },
      "geometry": {
        "type": "Point",
        "coordinates": [
          42.5135319,
          18.2176165
        ]
      }
    },
    {
      "type": "Feature",
      "properties": {
        "osm_type": "way",
        "osm_id": 1267178507,
        "building": "yes",
        "origin_weight": 1.0
      },
      "geometry": {
        "type": "Point",
        "coordinates": [
          42.5133168,
          18.2174987
        ]
      }
    },
    {
      "type": "Feature",
      "properties": {
        "osm_type": "way",
        "osm_id": 1267178508,
        "building": "yes",
        "origin_weight": 1.0
      },
      "geometry": {
        "type": "Point",
        "coordinates": [
          42.5133087,
          18.218057
        ]
      }
    },
    {
      "type": "Feature",
      "properties": {
        "osm_type": "way",
        "osm_id": 1267178509,
        "building": "yes",
        "origin_weight": 1.0
      },
      "geometry": {
        "type": "Point",
        "coordinates": [
          42.5135828,
          18.218472
        ]
      }
    },
    {
      "type": "Feature",
      "properties": {
        "osm_type": "way",
        "osm_id": 1267178510,
        "building": "yes",
        "origin_weight": 1.0
      },
      "geometry": {
        "type": "Point",
        "coordinates": [
          42.5132788,
          18.2184197
        ]
      }
    },
    {
      "type": "Feature",
      "properties": {
        "osm_type": "way",
        "osm_id": 1267178511,
        "building": "yes",
        "origin_weight": 1.0
      },
      "geometry": {
        "type": "Point",
        "coordinates": [
          42.5131151,
          18.2183162
        ]
      }
    },
    {
      "type": "Feature",
      "properties": {
        "osm_type": "way",
        "osm_id": 1267178512,
        "building": "yes",
        "origin_weight": 1.0
      },
      "geometry": {
        "type": "Point",
        "coordinates": [
          42.5131811,
          18.2188815
        ]
      }
    },
    {
      "type": "Feature",
      "properties": {
        "osm_type": "way",
        "osm_id": 1267178513,
        "building": "yes",
        "origin_weight": 1.0
      },
      "geometry": {
        "type": "Point",
        "coordinates": [
          42.5133249,
          18.2191291
        ]
      }
    },
    {
      "type": "Feature",
      "properties": {
        "osm_type": "way",
        "osm_id": 1267178514,
        "building": "yes",
        "origin_weight": 1.0
      },
      "geometry": {
        "type": "Point",
        "coordinates": [
          42.5140206,
          18.2191059
        ]
      }
    },
    {
      "type": "Feature",
      "properties": {
        "osm_type": "way",
        "osm_id": 1267178515,
        "building": "yes",
        "origin_weight": 1.0
      },
      "geometry": {
        "type": "Point",
        "coordinates": [
          42.5139206,
          18.2194787
        ]
      }
    },
    {
      "type": "Feature",
      "properties": {
        "osm_type": "way",
        "osm_id": 1267178516,
        "building": "yes",
        "origin_weight": 1.0
      },
      "geometry": {
        "type": "Point",
        "coordinates": [
          42.5137485,
          18.2198874
        ]
      }
    },
    {
      "type": "Feature",
      "properties": {
        "osm_type": "way",
        "osm_id": 1267178517,
        "building": "yes",
        "origin_weight": 1.0
      },
      "geometry": {
        "type": "Point",
        "coordinates": [
          42.5131762,
          18.2193568
        ]
      }
    },
    {
      "type": "Feature",
      "properties": {
        "osm_type": "way",
        "osm_id": 1267178518,
        "building": "yes",
        "origin_weight": 1.0
      },
      "geometry": {
        "type": "Point",
        "coordinates": [
          42.5134488,
          18.2201347
        ]
      }
    },
    {
      "type": "Feature",
      "properties": {
        "osm_type": "way",
        "osm_id": 1267178519,
        "building": "yes",
        "origin_weight": 1.0
      },
      "geometry": {
        "type": "Point",
        "coordinates": [
          42.5132739,
          18.2205404
        ]
      }
    },
    {
      "type": "Feature",
      "properties": {
        "osm_type": "way",
        "osm_id": 1267178520,
        "building": "yes",
        "origin_weight": 1.0
      },
      "geometry": {
        "type": "Point",
        "coordinates": [
          42.5130896,
          18.2204882
        ]
      }
    },
    {
      "type": "Feature",
      "properties": {
        "osm_type": "way",
        "osm_id": 1267178521,
        "building": "yes",
        "origin_weight": 1.0
      },
      "geometry": {
        "type": "Point",
        "coordinates": [
          42.5129119,
          18.2204432
        ]
      }
    },
    {
      "type": "Feature",
      "properties": {
        "osm_type": "way",
        "osm_id": 1267178522,
        "building": "yes",
        "origin_weight": 1.0
      },
      "geometry": {
        "type": "Point",
        "coordinates": [
          42.5124248,
          18.2205838
        ]
      }
    },
    {
      "type": "Feature",
      "properties": {
        "osm_type": "way",
        "osm_id": 1267178523,
        "building": "yes",
        "origin_weight": 1.0
      },
      "geometry": {
        "type": "Point",
        "coordinates": [
          42.5119143,
          18.2211088
        ]
      }
    },
    {
      "type": "Feature",
      "properties": {
        "osm_type": "way",
        "osm_id": 1267178524,
        "building": "yes",
        "origin_weight": 1.0
      },
      "geometry": {
        "type": "Point",
        "coordinates": [
          42.5128611,
          18.2212997
        ]
      }
    },
    {
      "type": "Feature",
      "properties": {
        "osm_type": "way",
        "osm_id": 1267178525,
        "building": "yes",
        "origin_weight": 1.0
      },
      "geometry": {
        "type": "Point",
        "coordinates": [
          42.5128846,
          18.221143
        ]
      }
    },
    {
      "type": "Feature",
      "properties": {
        "osm_type": "way",
        "osm_id": 1267178526,
        "building": "yes",
        "origin_weight": 1.0
      },
      "geometry": {
        "type": "Point",
        "coordinates": [
          42.5126872,
          18.2212595
        ]
      }
    },
    {
      "type": "Feature",
      "properties": {
        "osm_type": "way",
        "osm_id": 1267178527,
        "building": "yes",
        "origin_weight": 1.0
      },
      "geometry": {
        "type": "Point",
        "coordinates": [
          42.5129883,
          18.22099
        ]
      }
    },
    {
      "type": "Feature",
      "properties": {
        "osm_type": "way",
        "osm_id": 1267178528,
        "building": "yes",
        "origin_weight": 1.0
      },
      "geometry": {
        "type": "Point",
        "coordinates": [
          42.5132299,
          18.2210962
        ]
      }
    },
    {
      "type": "Feature",
      "properties": {
        "osm_type": "way",
        "osm_id": 1267178529,
        "building": "yes",
        "origin_weight": 1.0
      },
      "geometry": {
        "type": "Point",
        "coordinates": [
          42.5120931,
          18.2195665
        ]
      }
    },
    {
      "type": "Feature",
      "properties": {
        "osm_type": "way",
        "osm_id": 1267178530,
        "building": "yes",
        "origin_weight": 1.0
      },
      "geometry": {
        "type": "Point",
        "coordinates": [
          42.5113328,
          18.2199704
        ]
      }
    },
    {
      "type": "Feature",
      "properties": {
        "osm_type": "way",
        "osm_id": 1267178531,
        "building": "yes",
        "origin_weight": 1.0
      },
      "geometry": {
        "type": "Point",
        "coordinates": [
          42.5114471,
          18.2201767
        ]
      }
    },
    {
      "type": "Feature",
      "properties": {
        "osm_type": "way",
        "osm_id": 1267178532,
        "building": "yes",
        "origin_weight": 1.0
      },
      "geometry": {
        "type": "Point",
        "coordinates": [
          42.5118099,
          18.2208035
        ]
      }
    },
    {
      "type": "Feature",
      "properties": {
        "osm_type": "way",
        "osm_id": 1267178533,
        "building": "yes",
        "origin_weight": 1.0
      },
      "geometry": {
        "type": "Point",
        "coordinates": [
          42.511444,
          18.2209023
        ]
      }
    },
    {
      "type": "Feature",
      "properties": {
        "osm_type": "way",
        "osm_id": 1267180604,
        "building": "yes",
        "origin_weight": 1.0
      },
      "geometry": {
        "type": "Point",
        "coordinates": [
          42.5148174,
          18.2096663
        ]
      }
    },
    {
      "type": "Feature",
      "properties": {
        "osm_type": "way",
        "osm_id": 1267180610,
        "building": "yes",
        "origin_weight": 1.0
      },
      "geometry": {
        "type": "Point",
        "coordinates": [
          42.5147935,
          18.2080279
        ]
      }
    },
    {
      "type": "Feature",
      "properties": {
        "osm_type": "way",
        "osm_id": 1267180611,
        "building": "yes",
        "origin_weight": 1.0
      },
      "geometry": {
        "type": "Point",
        "coordinates": [
          42.5149149,
          18.2079658
        ]
      }
    },
    {
      "type": "Feature",
      "properties": {
        "osm_type": "way",
        "osm_id": 1267180613,
        "building": "yes",
        "origin_weight": 1.0
      },
      "geometry": {
        "type": "Point",
        "coordinates": [
          42.515047,
          18.2079141
        ]
      }
    },
    {
      "type": "Feature",
      "properties": {
        "osm_type": "way",
        "osm_id": 1267180620,
        "building": "yes",
        "origin_weight": 1.0
      },
      "geometry": {
        "type": "Point",
        "coordinates": [
          42.5149918,
          18.2077199
        ]
      }
    },
    {
      "type": "Feature",
      "properties": {
        "osm_type": "way",
        "osm_id": 1267180621,
        "building": "yes",
        "origin_weight": 1.0
      },
      "geometry": {
        "type": "Point",
        "coordinates": [
          42.5148825,
          18.2077371
        ]
      }
    },
    {
      "type": "Feature",
      "properties": {
        "osm_type": "way",
        "osm_id": 1267180622,
        "building": "yes",
        "origin_weight": 1.0
      },
      "geometry": {
        "type": "Point",
        "coordinates": [
          42.5145679,
          18.2079697
        ]
      }
    },
    {
      "type": "Feature",
      "properties": {
        "osm_type": "way",
        "osm_id": 1267180624,
        "building": "yes",
        "origin_weight": 1.0
      },
      "geometry": {
        "type": "Point",
        "coordinates": [
          42.5135523,
          18.2089941
        ]
      }
    },
    {
      "type": "Feature",
      "properties": {
        "osm_type": "way",
        "osm_id": 1267180625,
        "building": "yes",
        "origin_weight": 1.0
      },
      "geometry": {
        "type": "Point",
        "coordinates": [
          42.5130302,
          18.2079667
        ]
      }
    },
    {
      "type": "Feature",
      "properties": {
        "osm_type": "way",
        "osm_id": 1267180627,
        "building": "yes",
        "origin_weight": 1.0
      },
      "geometry": {
        "type": "Point",
        "coordinates": [
          42.5123011,
          18.210335
        ]
      }
    },
    {
      "type": "Feature",
      "properties": {
        "osm_type": "way",
        "osm_id": 1267180628,
        "building": "yes",
        "origin_weight": 1.0
      },
      "geometry": {
        "type": "Point",
        "coordinates": [
          42.5126439,
          18.21064
        ]
      }
    },
    {
      "type": "Feature",
      "properties": {
        "osm_type": "way",
        "osm_id": 1267180629,
        "building": "yes",
        "origin_weight": 1.0
      },
      "geometry": {
        "type": "Point",
        "coordinates": [
          42.5121222,
          18.2107751
        ]
      }
    },
    {
      "type": "Feature",
      "properties": {
        "osm_type": "way",
        "osm_id": 1267180630,
        "building": "yes",
        "origin_weight": 1.0
      },
      "geometry": {
        "type": "Point",
        "coordinates": [
          42.5119656,
          18.2108878
        ]
      }
    },
    {
      "type": "Feature",
      "properties": {
        "osm_type": "way",
        "osm_id": 1267180631,
        "building": "yes",
        "origin_weight": 1.0
      },
      "geometry": {
        "type": "Point",
        "coordinates": [
          42.51213,
          18.2110006
        ]
      }
    },
    {
      "type": "Feature",
      "properties": {
        "osm_type": "way",
        "osm_id": 1267180632,
        "building": "yes",
        "origin_weight": 1.0
      },
      "geometry": {
        "type": "Point",
        "coordinates": [
          42.5117256,
          18.2112596
        ]
      }
    },
    {
      "type": "Feature",
      "properties": {
        "osm_type": "way",
        "osm_id": 1267180633,
        "building": "yes",
        "origin_weight": 1.0
      },
      "geometry": {
        "type": "Point",
        "coordinates": [
          42.5118835,
          18.2111679
        ]
      }
    },
    {
      "type": "Feature",
      "properties": {
        "osm_type": "way",
        "osm_id": 1267180634,
        "building": "yes",
        "origin_weight": 1.0
      },
      "geometry": {
        "type": "Point",
        "coordinates": [
          42.5118847,
          18.2114319
        ]
      }
    },
    {
      "type": "Feature",
      "properties": {
        "osm_type": "way",
        "osm_id": 1267180635,
        "building": "yes",
        "origin_weight": 1.0
      },
      "geometry": {
        "type": "Point",
        "coordinates": [
          42.5120387,
          18.2115545
        ]
      }
    },
    {
      "type": "Feature",
      "properties": {
        "osm_type": "way",
        "osm_id": 1267180636,
        "building": "yes",
        "origin_weight": 1.0
      },
      "geometry": {
        "type": "Point",
        "coordinates": [
          42.5121666,
          18.2114169
        ]
      }
    },
    {
      "type": "Feature",
      "properties": {
        "osm_type": "way",
        "osm_id": 1267180637,
        "building": "yes",
        "origin_weight": 1.0
      },
      "geometry": {
        "type": "Point",
        "coordinates": [
          42.513424,
          18.2113153
        ]
      }
    },
    {
      "type": "Feature",
      "properties": {
        "osm_type": "way",
        "osm_id": 1267180638,
        "building": "yes",
        "origin_weight": 1.0
      },
      "geometry": {
        "type": "Point",
        "coordinates": [
          42.5134853,
          18.2104455
        ]
      }
    },
    {
      "type": "Feature",
      "properties": {
        "osm_type": "way",
        "osm_id": 1267180639,
        "building": "yes",
        "origin_weight": 1.0
      },
      "geometry": {
        "type": "Point",
        "coordinates": [
          42.5131709,
          18.2102509
        ]
      }
    },
    {
      "type": "Feature",
      "properties": {
        "osm_type": "way",
        "osm_id": 1267180640,
        "building": "yes",
        "origin_weight": 1.0
      },
      "geometry": {
        "type": "Point",
        "coordinates": [
          42.5130882,
          18.209621
        ]
      }
    },
    {
      "type": "Feature",
      "properties": {
        "osm_type": "way",
        "osm_id": 1267180641,
        "building": "yes",
        "origin_weight": 1.0
      },
      "geometry": {
        "type": "Point",
        "coordinates": [
          42.5128895,
          18.2091674
        ]
      }
    },
    {
      "type": "Feature",
      "properties": {
        "osm_type": "way",
        "osm_id": 1267180642,
        "building": "yes",
        "origin_weight": 1.0
      },
      "geometry": {
        "type": "Point",
        "coordinates": [
          42.5113813,
          18.2096884
        ]
      }
    },
    {
      "type": "Feature",
      "properties": {
        "osm_type": "way",
        "osm_id": 1267180643,
        "building": "yes",
        "origin_weight": 1.0
      },
      "geometry": {
        "type": "Point",
        "coordinates": [
          42.5124719,
          18.2127308
        ]
      }
    },
    {
      "type": "Feature",
      "properties": {
        "osm_type": "way",
        "osm_id": 1267180644,
        "building": "yes",
        "origin_weight": 1.0
      },
      "geometry": {
        "type": "Point",
        "coordinates": [
          42.5114439,
          18.2122163
        ]
      }
    },
    {
      "type": "Feature",
      "properties": {
        "osm_type": "way",
        "osm_id": 1267180645,
        "building": "yes",
        "origin_weight": 1.0
      },
      "geometry": {
        "type": "Point",
        "coordinates": [
          42.5113522,
          18.2120844
        ]
      }
    },
    {
      "type": "Feature",
      "properties": {
        "osm_type": "way",
        "osm_id": 1267180646,
        "building": "yes",
        "origin_weight": 1.0
      },
      "geometry": {
        "type": "Point",
        "coordinates": [
          42.5112687,
          18.2119382
        ]
      }
    },
    {
      "type": "Feature",
      "properties": {
        "osm_type": "way",
        "osm_id": 1267180647,
        "building": "yes",
        "origin_weight": 1.0
      },
      "geometry": {
        "type": "Point",
        "coordinates": [
          42.51145,
          18.2118044
        ]
      }
    },
    {
      "type": "Feature",
      "properties": {
        "osm_type": "way",
        "osm_id": 1267180648,
        "building": "yes",
        "origin_weight": 1.0
      },
      "geometry": {
        "type": "Point",
        "coordinates": [
          42.5115374,
          18.2119294
        ]
      }
    },
    {
      "type": "Feature",
      "properties": {
        "osm_type": "way",
        "osm_id": 1267180649,
        "building": "yes",
        "origin_weight": 1.0
      },
      "geometry": {
        "type": "Point",
        "coordinates": [
          42.5116366,
          18.2121029
        ]
      }
    },
    {
      "type": "Feature",
      "properties": {
        "osm_type": "way",
        "osm_id": 1267180650,
        "building": "yes",
        "origin_weight": 1.0
      },
      "geometry": {
        "type": "Point",
        "coordinates": [
          42.5110261,
          18.2117312
        ]
      }
    },
    {
      "type": "Feature",
      "properties": {
        "osm_type": "way",
        "osm_id": 1267180651,
        "building": "yes",
        "origin_weight": 1.0
      },
      "geometry": {
        "type": "Point",
        "coordinates": [
          42.5106713,
          18.2119816
        ]
      }
    },
    {
      "type": "Feature",
      "properties": {
        "osm_type": "way",
        "osm_id": 1267180652,
        "building": "yes",
        "origin_weight": 1.0
      },
      "geometry": {
        "type": "Point",
        "coordinates": [
          42.5108213,
          18.2118688
        ]
      }
    },
    {
      "type": "Feature",
      "properties": {
        "osm_type": "way",
        "osm_id": 1267180653,
        "building": "yes",
        "origin_weight": 1.0
      },
      "geometry": {
        "type": "Point",
        "coordinates": [
          42.5105722,
          18.2118551
        ]
      }
    },
    {
      "type": "Feature",
      "properties": {
        "osm_type": "way",
        "osm_id": 1267180654,
        "building": "yes",
        "origin_weight": 1.0
      },
      "geometry": {
        "type": "Point",
        "coordinates": [
          42.5107508,
          18.2114338
        ]
      }
    },
    {
      "type": "Feature",
      "properties": {
        "osm_type": "way",
        "osm_id": 1267180655,
        "building": "yes",
        "origin_weight": 1.0
      },
      "geometry": {
        "type": "Point",
        "coordinates": [
          42.5110091,
          18.2110658
        ]
      }
    },
    {
      "type": "Feature",
      "properties": {
        "osm_type": "way",
        "osm_id": 1267180656,
        "building": "yes",
        "origin_weight": 1.0
      },
      "geometry": {
        "type": "Point",
        "coordinates": [
          42.5105186,
          18.2111141
        ]
      }
    },
    {
      "type": "Feature",
      "properties": {
        "osm_type": "way",
        "osm_id": 1267180657,
        "building": "yes",
        "origin_weight": 1.0
      },
      "geometry": {
        "type": "Point",
        "coordinates": [
          42.5106986,
          18.2109989
        ]
      }
    },
    {
      "type": "Feature",
      "properties": {
        "osm_type": "way",
        "osm_id": 1267180658,
        "building": "yes",
        "origin_weight": 1.0
      },
      "geometry": {
        "type": "Point",
        "coordinates": [
          42.5106047,
          18.2108465
        ]
      }
    },
    {
      "type": "Feature",
      "properties": {
        "osm_type": "way",
        "osm_id": 1267180659,
        "building": "yes",
        "origin_weight": 1.0
      },
      "geometry": {
        "type": "Point",
        "coordinates": [
          42.5104561,
          18.2106482
        ]
      }
    },
    {
      "type": "Feature",
      "properties": {
        "osm_type": "way",
        "osm_id": 1267180660,
        "building": "yes",
        "origin_weight": 1.0
      },
      "geometry": {
        "type": "Point",
        "coordinates": [
          42.5108721,
          18.2104364
        ]
      }
    },
    {
      "type": "Feature",
      "properties": {
        "osm_type": "way",
        "osm_id": 1267180661,
        "building": "yes",
        "origin_weight": 1.0
      },
      "geometry": {
        "type": "Point",
        "coordinates": [
          42.5111801,
          18.2109419
        ]
      }
    },
    {
      "type": "Feature",
      "properties": {
        "osm_type": "way",
        "osm_id": 1267180662,
        "building": "yes",
        "origin_weight": 1.0
      },
      "geometry": {
        "type": "Point",
        "coordinates": [
          42.5112884,
          18.211077
        ]
      }
    },
    {
      "type": "Feature",
      "properties": {
        "osm_type": "way",
        "osm_id": 1267180663,
        "building": "yes",
        "origin_weight": 1.0
      },
      "geometry": {
        "type": "Point",
        "coordinates": [
          42.5111213,
          18.2111897
        ]
      }
    },
    {
      "type": "Feature",
      "properties": {
        "osm_type": "way",
        "osm_id": 1267180664,
        "building": "yes",
        "origin_weight": 1.0
      },
      "geometry": {
        "type": "Point",
        "coordinates": [
          42.5113717,
          18.2107845
        ]
      }
    },
    {
      "type": "Feature",
      "properties": {
        "osm_type": "way",
        "osm_id": 1267180665,
        "building": "yes",
        "origin_weight": 1.0
      },
      "geometry": {
        "type": "Point",
        "coordinates": [
          42.5114671,
          18.210932
        ]
      }
    },
    {
      "type": "Feature",
      "properties": {
        "osm_type": "way",
        "osm_id": 1267180666,
        "building": "yes",
        "origin_weight": 1.0
      },
      "geometry": {
        "type": "Point",
        "coordinates": [
          42.5116065,
          18.2108068
        ]
      }
    },
    {
      "type": "Feature",
      "properties": {
        "osm_type": "way",
        "osm_id": 1267180667,
        "building": "yes",
        "origin_weight": 1.0
      },
      "geometry": {
        "type": "Point",
        "coordinates": [
          42.5116536,
          18.2116073
        ]
      }
    },
    {
      "type": "Feature",
      "properties": {
        "osm_type": "way",
        "osm_id": 1267180668,
        "building": "yes",
        "origin_weight": 1.0
      },
      "geometry": {
        "type": "Point",
        "coordinates": [
          42.5119523,
          18.2120162
        ]
      }
    },
    {
      "type": "Feature",
      "properties": {
        "osm_type": "way",
        "osm_id": 1267180669,
        "building": "yes",
        "origin_weight": 1.0
      },
      "geometry": {
        "type": "Point",
        "coordinates": [
          42.5121988,
          18.2116457
        ]
      }
    },
    {
      "type": "Feature",
      "properties": {
        "osm_type": "way",
        "osm_id": 1267180670,
        "building": "yes",
        "origin_weight": 1.0
      },
      "geometry": {
        "type": "Point",
        "coordinates": [
          42.5123423,
          18.2117572
        ]
      }
    },
    {
      "type": "Feature",
      "properties": {
        "osm_type": "way",
        "osm_id": 1267180671,
        "building": "yes",
        "origin_weight": 1.0
      },
      "geometry": {
        "type": "Point",
        "coordinates": [
          42.5124831,
          18.2116519
        ]
      }
    },
    {
      "type": "Feature",
      "properties": {
        "osm_type": "way",
        "osm_id": 1267180672,
        "building": "yes",
        "origin_weight": 1.0
      },
      "geometry": {
        "type": "Point",
        "coordinates": [
          42.5132554,
          18.2111712
        ]
      }
    },
    {
      "type": "Feature",
      "properties": {
        "osm_type": "way",
        "osm_id": 1267180673,
        "building": "yes",
        "origin_weight": 1.0
      },
      "geometry": {
        "type": "Point",
        "coordinates": [
          42.5125027,
          18.2105181
        ]
      }
    },
    {
      "type": "Feature",
      "properties": {
        "osm_type": "way",
        "osm_id": 1267180674,
        "building": "yes",
        "origin_weight": 1.0
      },
      "geometry": {
        "type": "Point",
        "coordinates": [
          42.5129775,
          18.2103955
        ]
      }
    },
    {
      "type": "Feature",
      "properties": {
        "osm_type": "way",
        "osm_id": 1267180675,
        "building": "yes",
        "origin_weight": 1.0
      },
      "geometry": {
        "type": "Point",
        "coordinates": [
          42.5128275,
          18.2102901
        ]
      }
    },
    {
      "type": "Feature",
      "properties": {
        "osm_type": "way",
        "osm_id": 1267180676,
        "building": "yes",
        "origin_weight": 1.0
      },
      "geometry": {
        "type": "Point",
        "coordinates": [
          42.509839,
          18.210932
        ]
      }
    },
    {
      "type": "Feature",
      "properties": {
        "osm_type": "way",
        "osm_id": 1267180677,
        "building": "yes",
        "origin_weight": 1.0
      },
      "geometry": {
        "type": "Point",
        "coordinates": [
          42.5095847,
          18.2110522
        ]
      }
    },
    {
      "type": "Feature",
      "properties": {
        "osm_type": "way",
        "osm_id": 1267180678,
        "building": "yes",
        "origin_weight": 1.0
      },
      "geometry": {
        "type": "Point",
        "coordinates": [
          42.5104951,
          18.2098366
        ]
      }
    },
    {
      "type": "Feature",
      "properties": {
        "osm_type": "way",
        "osm_id": 1267180679,
        "building": "yes",
        "origin_weight": 1.0
      },
      "geometry": {
        "type": "Point",
        "coordinates": [
          42.5102903,
          18.2094748
        ]
      }
    },
    {
      "type": "Feature",
      "properties": {
        "osm_type": "way",
        "osm_id": 1267180680,
        "building": "yes",
        "origin_weight": 1.0
      },
      "geometry": {
        "type": "Point",
        "coordinates": [
          42.5107692,
          18.2091737
        ]
      }
    },
    {
      "type": "Feature",
      "properties": {
        "osm_type": "way",
        "osm_id": 1267180681,
        "building": "yes",
        "origin_weight": 1.0
      },
      "geometry": {
        "type": "Point",
        "coordinates": [
          42.5110182,
          18.2090163
        ]
      }
    },
    {
      "type": "Feature",
      "properties": {
        "osm_type": "way",
        "osm_id": 1267180682,
        "building": "yes",
        "origin_weight": 1.0
      },
      "geometry": {
        "type": "Point",
        "coordinates": [
          42.5112243,
          18.2088999
        ]
      }
    },
    {
      "type": "Feature",
      "properties": {
        "osm_type": "way",
        "osm_id": 1267180683,
        "building": "yes",
        "origin_weight": 1.0
      },
      "geometry": {
        "type": "Point",
        "coordinates": [
          42.5114149,
          18.2087896
        ]
      }
    },
    {
      "type": "Feature",
      "properties": {
        "osm_type": "way",
        "osm_id": 1267180684,
        "building": "yes",
        "origin_weight": 1.0
      },
      "geometry": {
        "type": "Point",
        "coordinates": [
          42.5112896,
          18.2093955
        ]
      }
    },
    {
      "type": "Feature",
      "properties": {
        "osm_type": "way",
        "osm_id": 1267180685,
        "building": "yes",
        "origin_weight": 1.0
      },
      "geometry": {
        "type": "Point",
        "coordinates": [
          42.511184,
          18.2092171
        ]
      }
    },
    {
      "type": "Feature",
      "properties": {
        "osm_type": "way",
        "osm_id": 1267180686,
        "building": "yes",
        "origin_weight": 1.0
      },
      "geometry": {
        "type": "Point",
        "coordinates": [
          42.5114435,
          18.209289
        ]
      }
    },
    {
      "type": "Feature",
      "properties": {
        "osm_type": "way",
        "osm_id": 1267180687,
        "building": "yes",
        "origin_weight": 1.0
      },
      "geometry": {
        "type": "Point",
        "coordinates": [
          42.5113835,
          18.2091304
        ]
      }
    },
    {
      "type": "Feature",
      "properties": {
        "osm_type": "way",
        "osm_id": 1267180688,
        "building": "yes",
        "origin_weight": 1.0
      },
      "geometry": {
        "type": "Point",
        "coordinates": [
          42.5115361,
          18.2090325
        ]
      }
    },
    {
      "type": "Feature",
      "properties": {
        "osm_type": "way",
        "osm_id": 1267180689,
        "building": "yes",
        "origin_weight": 1.0
      },
      "geometry": {
        "type": "Point",
        "coordinates": [
          42.5116092,
          18.2092035
        ]
      }
    },
    {
      "type": "Feature",
      "properties": {
        "osm_type": "way",
        "osm_id": 1267180690,
        "building": "yes",
        "origin_weight": 1.0
      },
      "geometry": {
        "type": "Point",
        "coordinates": [
          42.5118048,
          18.2127373
        ]
      }
    },
    {
      "type": "Feature",
      "properties": {
        "osm_type": "way",
        "osm_id": 1267180691,
        "building": "yes",
        "origin_weight": 1.0
      },
      "geometry": {
        "type": "Point",
        "coordinates": [
          42.5117318,
          18.2123669
        ]
      }
    },
    {
      "type": "Feature",
      "properties": {
        "osm_type": "way",
        "osm_id": 1267180692,
        "building": "yes",
        "origin_weight": 1.0
      },
      "geometry": {
        "type": "Point",
        "coordinates": [
          42.5117553,
          18.212554
        ]
      }
    },
    {
      "type": "Feature",
      "properties": {
        "osm_type": "way",
        "osm_id": 1267180693,
        "building": "yes",
        "origin_weight": 1.0
      },
      "geometry": {
        "type": "Point",
        "coordinates": [
          42.5115,
          18.2126623
        ]
      }
    },
    {
      "type": "Feature",
      "properties": {
        "osm_type": "way",
        "osm_id": 1267180696,
        "building": "yes",
        "origin_weight": 1.0
      },
      "geometry": {
        "type": "Point",
        "coordinates": [
          42.5098363,
          18.2141598
        ]
      }
    },
    {
      "type": "Feature",
      "properties": {
        "osm_type": "way",
        "osm_id": 1267180697,
        "building": "yes",
        "origin_weight": 1.0
      },
      "geometry": {
        "type": "Point",
        "coordinates": [
          42.5095591,
          18.2152251
        ]
      }
    },
    {
      "type": "Feature",
      "properties": {
        "osm_type": "way",
        "osm_id": 1267180888,
        "building": "yes",
        "origin_weight": 1.0
      },
      "geometry": {
        "type": "Point",
        "coordinates": [
          42.5145834,
          18.2139246
        ]
      }
    },
    {
      "type": "Feature",
      "properties": {
        "osm_type": "way",
        "osm_id": 1267180889,
        "building": "yes",
        "origin_weight": 1.0
      },
      "geometry": {
        "type": "Point",
        "coordinates": [
          42.5138117,
          18.2138443
        ]
      }
    },
    {
      "type": "Feature",
      "properties": {
        "osm_type": "way",
        "osm_id": 1267180890,
        "building": "yes",
        "origin_weight": 1.0
      },
      "geometry": {
        "type": "Point",
        "coordinates": [
          42.5142487,
          18.2136365
        ]
      }
    },
    {
      "type": "Feature",
      "properties": {
        "osm_type": "way",
        "osm_id": 1267182445,
        "building": "yes",
        "origin_weight": 1.0
      },
      "geometry": {
        "type": "Point",
        "coordinates": [
          42.5093279,
          18.2135347
        ]
      }
    },
    {
      "type": "Feature",
      "properties": {
        "osm_type": "way",
        "osm_id": 1267184785,
        "building": "yes",
        "origin_weight": 1.0
      },
      "geometry": {
        "type": "Point",
        "coordinates": [
          42.5008328,
          18.2160751
        ]
      }
    },
    {
      "type": "Feature",
      "properties": {
        "osm_type": "way",
        "osm_id": 1267184786,
        "building": "yes",
        "origin_weight": 1.0
      },
      "geometry": {
        "type": "Point",
        "coordinates": [
          42.5002128,
          18.2172291
        ]
      }
    },
    {
      "type": "Feature",
      "properties": {
        "osm_type": "way",
        "osm_id": 1267184787,
        "building": "yes",
        "origin_weight": 1.0
      },
      "geometry": {
        "type": "Point",
        "coordinates": [
          42.5004218,
          18.2170644
        ]
      }
    },
    {
      "type": "Feature",
      "properties": {
        "osm_type": "way",
        "osm_id": 1267184788,
        "building": "yes",
        "origin_weight": 1.0
      },
      "geometry": {
        "type": "Point",
        "coordinates": [
          42.4988757,
          18.2170338
        ]
      }
    },
    {
      "type": "Feature",
      "properties": {
        "osm_type": "way",
        "osm_id": 1267184789,
        "building": "yes",
        "origin_weight": 1.0
      },
      "geometry": {
        "type": "Point",
        "coordinates": [
          42.498761,
          18.2178576
        ]
      }
    },
    {
      "type": "Feature",
      "properties": {
        "osm_type": "way",
        "osm_id": 1267184790,
        "building": "yes",
        "origin_weight": 1.0
      },
      "geometry": {
        "type": "Point",
        "coordinates": [
          42.4999462,
          18.21879
        ]
      }
    },
    {
      "type": "Feature",
      "properties": {
        "osm_type": "way",
        "osm_id": 1267184791,
        "building": "yes",
        "origin_weight": 1.0
      },
      "geometry": {
        "type": "Point",
        "coordinates": [
          42.5002782,
          18.2181177
        ]
      }
    },
    {
      "type": "Feature",
      "properties": {
        "osm_type": "way",
        "osm_id": 1267184792,
        "building": "yes",
        "origin_weight": 1.0
      },
      "geometry": {
        "type": "Point",
        "coordinates": [
          42.5008768,
          18.2188827
        ]
      }
    },
    {
      "type": "Feature",
      "properties": {
        "osm_type": "way",
        "osm_id": 1267184793,
        "building": "yes",
        "origin_weight": 1.0
      },
      "geometry": {
        "type": "Point",
        "coordinates": [
          42.500783,
          18.214811
        ]
      }
    },
    {
      "type": "Feature",
      "properties": {
        "osm_type": "way",
        "osm_id": 1267184795,
        "building": "yes",
        "origin_weight": 1.0
      },
      "geometry": {
        "type": "Point",
        "coordinates": [
          42.4970372,
          18.2161071
        ]
      }
    },
    {
      "type": "Feature",
      "properties": {
        "osm_type": "way",
        "osm_id": 1267184796,
        "building": "yes",
        "origin_weight": 1.0
      },
      "geometry": {
        "type": "Point",
        "coordinates": [
          42.4980705,
          18.2150612
        ]
      }
    },
    {
      "type": "Feature",
      "properties": {
        "osm_type": "way",
        "osm_id": 1267184797,
        "building": "yes",
        "origin_weight": 1.0
      },
      "geometry": {
        "type": "Point",
        "coordinates": [
          42.4985599,
          18.2129006
        ]
      }
    },
    {
      "type": "Feature",
      "properties": {
        "osm_type": "way",
        "osm_id": 1267184798,
        "building": "yes",
        "origin_weight": 1.0
      },
      "geometry": {
        "type": "Point",
        "coordinates": [
          42.4993487,
          18.2127545
        ]
      }
    },
    {
      "type": "Feature",
      "properties": {
        "osm_type": "way",
        "osm_id": 1267184799,
        "building": "yes",
        "origin_weight": 1.0
      },
      "geometry": {
        "type": "Point",
        "coordinates": [
          42.4995776,
          18.2120576
        ]
      }
    },
    {
      "type": "Feature",
      "properties": {
        "osm_type": "way",
        "osm_id": 1267184800,
        "building": "yes",
        "origin_weight": 1.0
      },
      "geometry": {
        "type": "Point",
        "coordinates": [
          42.499932,
          18.2115866
        ]
      }
    },
    {
      "type": "Feature",
      "properties": {
        "osm_type": "way",
        "osm_id": 1267184801,
        "building": "yes",
        "origin_weight": 1.0
      },
      "geometry": {
        "type": "Point",
        "coordinates": [
          42.5002396,
          18.2109842
        ]
      }
    },
    {
      "type": "Feature",
      "properties": {
        "osm_type": "way",
        "osm_id": 1267184802,
        "building": "yes",
        "origin_weight": 1.0
      },
      "geometry": {
        "type": "Point",
        "coordinates": [
          42.5005712,
          18.2105606
        ]
      }
    },
    {
      "type": "Feature",
      "properties": {
        "osm_type": "way",
        "osm_id": 1267184803,
        "building": "yes",
        "origin_weight": 1.0
      },
      "geometry": {
        "type": "Point",
        "coordinates": [
          42.5004548,
          18.2115328
        ]
      }
    },
    {
      "type": "Feature",
      "properties": {
        "osm_type": "way",
        "osm_id": 1267184804,
        "building": "yes",
        "origin_weight": 1.0
      },
      "geometry": {
        "type": "Point",
        "coordinates": [
          42.5003703,
          18.2119273
        ]
      }
    },
    {
      "type": "Feature",
      "properties": {
        "osm_type": "way",
        "osm_id": 1267184805,
        "building": "yes",
        "origin_weight": 1.0
      },
      "geometry": {
        "type": "Point",
        "coordinates": [
          42.5016448,
          18.216571
        ]
      }
    },
    {
      "type": "Feature",
      "properties": {
        "osm_type": "way",
        "osm_id": 1267184806,
        "building": "yes",
        "origin_weight": 1.0
      },
      "geometry": {
        "type": "Point",
        "coordinates": [
          42.5012793,
          18.2170034
        ]
      }
    },
    {
      "type": "Feature",
      "properties": {
        "osm_type": "way",
        "osm_id": 1267184807,
        "building": "yes",
        "origin_weight": 1.0
      },
      "geometry": {
        "type": "Point",
        "coordinates": [
          42.5009951,
          18.2170137
        ]
      }
    },
    {
      "type": "Feature",
      "properties": {
        "osm_type": "way",
        "osm_id": 1267184808,
        "building": "yes",
        "origin_weight": 1.0
      },
      "geometry": {
        "type": "Point",
        "coordinates": [
          42.5028153,
          18.2168973
        ]
      }
    },
    {
      "type": "Feature",
      "properties": {
        "osm_type": "way",
        "osm_id": 1267184809,
        "building": "yes",
        "origin_weight": 1.0
      },
      "geometry": {
        "type": "Point",
        "coordinates": [
          42.5028888,
          18.2164357
        ]
      }
    },
    {
      "type": "Feature",
      "properties": {
        "osm_type": "way",
        "osm_id": 1267184810,
        "building": "yes",
        "origin_weight": 1.0
      },
      "geometry": {
        "type": "Point",
        "coordinates": [
          42.5035689,
          18.2163239
        ]
      }
    },
    {
      "type": "Feature",
      "properties": {
        "osm_type": "way",
        "osm_id": 1267184811,
        "building": "yes",
        "origin_weight": 1.0
      },
      "geometry": {
        "type": "Point",
        "coordinates": [
          42.5033086,
          18.2176171
        ]
      }
    },
    {
      "type": "Feature",
      "properties": {
        "osm_type": "way",
        "osm_id": 1267184812,
        "building": "yes",
        "origin_weight": 1.0
      },
      "geometry": {
        "type": "Point",
        "coordinates": [
          42.503392,
          18.2182198
        ]
      }
    },
    {
      "type": "Feature",
      "properties": {
        "osm_type": "way",
        "osm_id": 1267184817,
        "building": "yes",
        "origin_weight": 1.0
      },
      "geometry": {
        "type": "Point",
        "coordinates": [
          42.4962728,
          18.2056609
        ]
      }
    },
    {
      "type": "Feature",
      "properties": {
        "osm_type": "way",
        "osm_id": 1267185764,
        "building": "yes",
        "origin_weight": 1.0
      },
      "geometry": {
        "type": "Point",
        "coordinates": [
          42.4888683,
          18.2207033
        ]
      }
    },
    {
      "type": "Feature",
      "properties": {
        "osm_type": "way",
        "osm_id": 1267188072,
        "building": "yes",
        "origin_weight": 1.0
      },
      "geometry": {
        "type": "Point",
        "coordinates": [
          42.5036205,
          18.2251986
        ]
      }
    },
    {
      "type": "Feature",
      "properties": {
        "osm_type": "way",
        "osm_id": 1267188073,
        "building": "yes",
        "origin_weight": 1.0
      },
      "geometry": {
        "type": "Point",
        "coordinates": [
          42.5009892,
          18.2165892
        ]
      }
    },
    {
      "type": "Feature",
      "properties": {
        "osm_type": "way",
        "osm_id": 1299509587,
        "building": "yes",
        "origin_weight": 1.0
      },
      "geometry": {
        "type": "Point",
        "coordinates": [
          42.5110341,
          18.2132006
        ]
      }
    },
    {
      "type": "Feature",
      "properties": {
        "osm_type": "way",
        "osm_id": 1299509588,
        "building": "yes",
        "origin_weight": 1.0
      },
      "geometry": {
        "type": "Point",
        "coordinates": [
          42.5112858,
          18.213197
        ]
      }
    },
    {
      "type": "Feature",
      "properties": {
        "osm_type": "way",
        "osm_id": 1299509589,
        "building": "yes",
        "origin_weight": 1.0
      },
      "geometry": {
        "type": "Point",
        "coordinates": [
          42.5102234,
          18.2134767
        ]
      }
    },
    {
      "type": "Feature",
      "properties": {
        "osm_type": "way",
        "osm_id": 1299509590,
        "building": "residential",
        "origin_weight": 1.0
      },
      "geometry": {
        "type": "Point",
        "coordinates": [
          42.5101822,
          18.2133233
        ]
      }
    },
    {
      "type": "Feature",
      "properties": {
        "osm_type": "way",
        "osm_id": 1299509591,
        "building": "yes",
        "origin_weight": 1.0
      },
      "geometry": {
        "type": "Point",
        "coordinates": [
          42.5103279,
          18.2132881
        ]
      }
    },
    {
      "type": "Feature",
      "properties": {
        "osm_type": "way",
        "osm_id": 1299509592,
        "building": "yes",
        "origin_weight": 1.0
      },
      "geometry": {
        "type": "Point",
        "coordinates": [
          42.5101838,
          18.2131156
        ]
      }
    },
    {
      "type": "Feature",
      "properties": {
        "osm_type": "way",
        "osm_id": 1299509593,
        "building": "yes",
        "origin_weight": 1.0
      },
      "geometry": {
        "type": "Point",
        "coordinates": [
          42.510063,
          18.2129886
        ]
      }
    },
    {
      "type": "Feature",
      "properties": {
        "osm_type": "way",
        "osm_id": 1299509594,
        "building": "yes",
        "origin_weight": 1.0
      },
      "geometry": {
        "type": "Point",
        "coordinates": [
          42.5100313,
          18.2128508
        ]
      }
    },
    {
      "type": "Feature",
      "properties": {
        "osm_type": "way",
        "osm_id": 1299509595,
        "building": "yes",
        "origin_weight": 1.0
      },
      "geometry": {
        "type": "Point",
        "coordinates": [
          42.5098891,
          18.2129355
        ]
      }
    },
    {
      "type": "Feature",
      "properties": {
        "osm_type": "way",
        "osm_id": 1299509596,
        "building": "yes",
        "origin_weight": 1.0
      },
      "geometry": {
        "type": "Point",
        "coordinates": [
          42.5099188,
          18.2126972
        ]
      }
    },
    {
      "type": "Feature",
      "properties": {
        "osm_type": "way",
        "osm_id": 1299509597,
        "building": "yes",
        "origin_weight": 1.0
      },
      "geometry": {
        "type": "Point",
        "coordinates": [
          42.5097813,
          18.2128181
        ]
      }
    },
    {
      "type": "Feature",
      "properties": {
        "osm_type": "way",
        "osm_id": 1299509598,
        "building": "yes",
        "origin_weight": 1.0
      },
      "geometry": {
        "type": "Point",
        "coordinates": [
          42.5096233,
          18.2129423
        ]
      }
    },
    {
      "type": "Feature",
      "properties": {
        "osm_type": "way",
        "osm_id": 1299509599,
        "building": "yes",
        "origin_weight": 1.0
      },
      "geometry": {
        "type": "Point",
        "coordinates": [
          42.509542,
          18.2131599
        ]
      }
    },
    {
      "type": "Feature",
      "properties": {
        "osm_type": "way",
        "osm_id": 1299509600,
        "building": "yes",
        "origin_weight": 1.0
      },
      "geometry": {
        "type": "Point",
        "coordinates": [
          42.5100219,
          18.2131681
        ]
      }
    },
    {
      "type": "Feature",
      "properties": {
        "osm_type": "way",
        "osm_id": 1299509601,
        "building": "yes",
        "origin_weight": 1.0
      },
      "geometry": {
        "type": "Point",
        "coordinates": [
          42.5098693,
          18.2131625
        ]
      }
    },
    {
      "type": "Feature",
      "properties": {
        "osm_type": "way",
        "osm_id": 1299509603,
        "building": "yes",
        "origin_weight": 1.0
      },
      "geometry": {
        "type": "Point",
        "coordinates": [
          42.5101495,
          18.2134563
        ]
      }
    },
    {
      "type": "Feature",
      "properties": {
        "osm_type": "way",
        "osm_id": 1299509604,
        "building": "yes",
        "origin_weight": 1.0
      },
      "geometry": {
        "type": "Point",
        "coordinates": [
          42.5100249,
          18.2133239
        ]
      }
    },
    {
      "type": "Feature",
      "properties": {
        "osm_type": "way",
        "osm_id": 1299509605,
        "building": "yes",
        "origin_weight": 1.0
      },
      "geometry": {
        "type": "Point",
        "coordinates": [
          42.5100713,
          18.2134657
        ]
      }
    },
    {
      "type": "Feature",
      "properties": {
        "osm_type": "way",
        "osm_id": 1299509606,
        "building": "yes",
        "origin_weight": 1.0
      },
      "geometry": {
        "type": "Point",
        "coordinates": [
          42.5099865,
          18.2134668
        ]
      }
    },
    {
      "type": "Feature",
      "properties": {
        "osm_type": "way",
        "osm_id": 1299509607,
        "building": "yes",
        "origin_weight": 1.0
      },
      "geometry": {
        "type": "Point",
        "coordinates": [
          42.5098521,
          18.2134735
        ]
      }
    },
    {
      "type": "Feature",
      "properties": {
        "osm_type": "way",
        "osm_id": 1299509608,
        "building": "yes",
        "origin_weight": 1.0
      },
      "geometry": {
        "type": "Point",
        "coordinates": [
          42.509837,
          18.2133269
        ]
      }
    },
    {
      "type": "Feature",
      "properties": {
        "osm_type": "way",
        "osm_id": 1299509609,
        "building": "yes",
        "origin_weight": 1.0
      },
      "geometry": {
        "type": "Point",
        "coordinates": [
          42.509692,
          18.213346
        ]
      }
    },
    {
      "type": "Feature",
      "properties": {
        "osm_type": "way",
        "osm_id": 1299509610,
        "building": "yes",
        "origin_weight": 1.0
      },
      "geometry": {
        "type": "Point",
        "coordinates": [
          42.5099834,
          18.2136092
        ]
      }
    },
    {
      "type": "Feature",
      "properties": {
        "osm_type": "way",
        "osm_id": 1299509612,
        "building": "yes",
        "origin_weight": 1.0
      },
      "geometry": {
        "type": "Point",
        "coordinates": [
          42.5104803,
          18.2131498
        ]
      }
    },
    {
      "type": "Feature",
      "properties": {
        "osm_type": "way",
        "osm_id": 1299509613,
        "building": "yes",
        "origin_weight": 1.0
      },
      "geometry": {
        "type": "Point",
        "coordinates": [
          42.5105925,
          18.2129952
        ]
      }
    },
    {
      "type": "Feature",
      "properties": {
        "osm_type": "way",
        "osm_id": 1299509614,
        "building": "yes",
        "origin_weight": 1.0
      },
      "geometry": {
        "type": "Point",
        "coordinates": [
          42.5104054,
          18.2130508
        ]
      }
    },
    {
      "type": "Feature",
      "properties": {
        "osm_type": "way",
        "osm_id": 1299509616,
        "building": "yes",
        "origin_weight": 1.0
      },
      "geometry": {
        "type": "Point",
        "coordinates": [
          42.5101625,
          18.2137472
        ]
      }
    },
    {
      "type": "Feature",
      "properties": {
        "osm_type": "way",
        "osm_id": 1299509617,
        "building": "yes",
        "origin_weight": 1.0
      },
      "geometry": {
        "type": "Point",
        "coordinates": [
          42.5101075,
          18.2139191
        ]
      }
    },
    {
      "type": "Feature",
      "properties": {
        "osm_type": "way",
        "osm_id": 1299509618,
        "building": "yes",
        "origin_weight": 1.0
      },
      "geometry": {
        "type": "Point",
        "coordinates": [
          42.5101822,
          18.2141954
        ]
      }
    },
    {
      "type": "Feature",
      "properties": {
        "osm_type": "way",
        "osm_id": 1468150298,
        "building": "yes",
        "origin_weight": 1.0
      },
      "geometry": {
        "type": "Point",
        "coordinates": [
          42.4833151,
          18.2093339
        ]
      }
    },
    {
      "type": "Feature",
      "properties": {
        "osm_type": "way",
        "osm_id": 1468150301,
        "building": "yes",
        "origin_weight": 1.0
      },
      "geometry": {
        "type": "Point",
        "coordinates": [
          42.4830199,
          18.2108801
        ]
      }
    },
    {
      "type": "Feature",
      "properties": {
        "osm_type": "way",
        "osm_id": 1468150304,
        "building": "yes",
        "origin_weight": 1.0
      },
      "geometry": {
        "type": "Point",
        "coordinates": [
          42.4837862,
          18.2108776
        ]
      }
    },
    {
      "type": "Feature",
      "properties": {
        "osm_type": "way",
        "osm_id": 1468150305,
        "building": "yes",
        "origin_weight": 1.0
      },
      "geometry": {
        "type": "Point",
        "coordinates": [
          42.4839162,
          18.2099475
        ]
      }
    },
    {
      "type": "Feature",
      "properties": {
        "osm_type": "way",
        "osm_id": 1468401868,
        "building": "yes",
        "origin_weight": 1.0
      },
      "geometry": {
        "type": "Point",
        "coordinates": [
          42.507971,
          18.2273201
        ]
      }
    },
    {
      "type": "Feature",
      "properties": {
        "osm_type": "way",
        "osm_id": 1468401874,
        "building": "yes",
        "origin_weight": 1.0
      },
      "geometry": {
        "type": "Point",
        "coordinates": [
          42.5043597,
          18.2281856
        ]
      }
    },
    {
      "type": "Feature",
      "properties": {
        "osm_type": "way",
        "osm_id": 1468401896,
        "building": "yes",
        "origin_weight": 1.0
      },
      "geometry": {
        "type": "Point",
        "coordinates": [
          42.4977645,
          18.2088553
        ]
      }
    },
    {
      "type": "Feature",
      "properties": {
        "osm_type": "way",
        "osm_id": 1468401914,
        "building": "yes",
        "origin_weight": 1.0
      },
      "geometry": {
        "type": "Point",
        "coordinates": [
          42.5009285,
          18.2288788
        ]
      }
    },
    {
      "type": "Feature",
      "properties": {
        "osm_type": "way",
        "osm_id": 1468401916,
        "building": "yes",
        "origin_weight": 1.0
      },
      "geometry": {
        "type": "Point",
        "coordinates": [
          42.5012935,
          18.2282849
        ]
      }
    },
    {
      "type": "Feature",
      "properties": {
        "osm_type": "way",
        "osm_id": 703937331,
        "building": "yes",
        "origin_weight": 1.0
      },
      "geometry": {
        "type": "Point",
        "coordinates": [
          42.5799541,
          18.2371051
        ]
      }
    },
    {
      "type": "Feature",
      "properties": {
        "osm_type": "way",
        "osm_id": 982886864,
        "building": "yes",
        "origin_weight": 1.0
      },
      "geometry": {
        "type": "Point",
        "coordinates": [
          42.5461934,
          18.2369708
        ]
      }
    },
    {
      "type": "Feature",
      "properties": {
        "osm_type": "way",
        "osm_id": 982907518,
        "building": "yes",
        "origin_weight": 1.0
      },
      "geometry": {
        "type": "Point",
        "coordinates": [
          42.5296492,
          18.2296736
        ]
      }
    },
    {
      "type": "Feature",
      "properties": {
        "osm_type": "way",
        "osm_id": 982907519,
        "building": "yes",
        "origin_weight": 1.0
      },
      "geometry": {
        "type": "Point",
        "coordinates": [
          42.5301816,
          18.229067
        ]
      }
    },
    {
      "type": "Feature",
      "properties": {
        "osm_type": "way",
        "osm_id": 982907520,
        "building": "yes",
        "origin_weight": 1.0
      },
      "geometry": {
        "type": "Point",
        "coordinates": [
          42.5300156,
          18.2289139
        ]
      }
    },
    {
      "type": "Feature",
      "properties": {
        "osm_type": "way",
        "osm_id": 982907521,
        "building": "yes",
        "origin_weight": 1.0
      },
      "geometry": {
        "type": "Point",
        "coordinates": [
          42.5296347,
          18.2289416
        ]
      }
    },
    {
      "type": "Feature",
      "properties": {
        "osm_type": "way",
        "osm_id": 982907522,
        "building": "yes",
        "origin_weight": 1.0
      },
      "geometry": {
        "type": "Point",
        "coordinates": [
          42.530213,
          18.2296137
        ]
      }
    },
    {
      "type": "Feature",
      "properties": {
        "osm_type": "way",
        "osm_id": 982934933,
        "building": "yes",
        "origin_weight": 1.0
      },
      "geometry": {
        "type": "Point",
        "coordinates": [
          42.5171963,
          18.2296588
        ]
      }
    },
    {
      "type": "Feature",
      "properties": {
        "osm_type": "way",
        "osm_id": 982934934,
        "building": "yes",
        "origin_weight": 1.0
      },
      "geometry": {
        "type": "Point",
        "coordinates": [
          42.5178204,
          18.2297652
        ]
      }
    },
    {
      "type": "Feature",
      "properties": {
        "osm_type": "way",
        "osm_id": 982934935,
        "building": "yes",
        "origin_weight": 1.0
      },
      "geometry": {
        "type": "Point",
        "coordinates": [
          42.5187856,
          18.2291941
        ]
      }
    },
    {
      "type": "Feature",
      "properties": {
        "osm_type": "way",
        "osm_id": 982934936,
        "building": "yes",
        "origin_weight": 1.0
      },
      "geometry": {
        "type": "Point",
        "coordinates": [
          42.5211709,
          18.228779
        ]
      }
    },
    {
      "type": "Feature",
      "properties": {
        "osm_type": "way",
        "osm_id": 982934937,
        "building": "yes",
        "origin_weight": 1.0
      },
      "geometry": {
        "type": "Point",
        "coordinates": [
          42.5221286,
          18.2299327
        ]
      }
    },
    {
      "type": "Feature",
      "properties": {
        "osm_type": "way",
        "osm_id": 982934938,
        "building": "yes",
        "origin_weight": 1.0
      },
      "geometry": {
        "type": "Point",
        "coordinates": [
          42.5219607,
          18.2300938
        ]
      }
    },
    {
      "type": "Feature",
      "properties": {
        "osm_type": "way",
        "osm_id": 982934939,
        "building": "yes",
        "origin_weight": 1.0
      },
      "geometry": {
        "type": "Point",
        "coordinates": [
          42.5218914,
          18.2291802
        ]
      }
    },
    {
      "type": "Feature",
      "properties": {
        "osm_type": "way",
        "osm_id": 982934940,
        "building": "yes",
        "origin_weight": 1.0
      },
      "geometry": {
        "type": "Point",
        "coordinates": [
          42.5220636,
          18.2289426
        ]
      }
    },
    {
      "type": "Feature",
      "properties": {
        "osm_type": "way",
        "osm_id": 982934944,
        "building": "yes",
        "origin_weight": 1.0
      },
      "geometry": {
        "type": "Point",
        "coordinates": [
          42.5167986,
          18.2298727
        ]
      }
    },
    {
      "type": "Feature",
      "properties": {
        "osm_type": "way",
        "osm_id": 982934945,
        "building": "yes",
        "origin_weight": 1.0
      },
      "geometry": {
        "type": "Point",
        "coordinates": [
          42.5215861,
          18.2276909
        ]
      }
    },
    {
      "type": "Feature",
      "properties": {
        "osm_type": "way",
        "osm_id": 982934946,
        "building": "yes",
        "origin_weight": 1.0
      },
      "geometry": {
        "type": "Point",
        "coordinates": [
          42.5213559,
          18.2279715
        ]
      }
    },
    {
      "type": "Feature",
      "properties": {
        "osm_type": "way",
        "osm_id": 982934947,
        "building": "yes",
        "origin_weight": 1.0
      },
      "geometry": {
        "type": "Point",
        "coordinates": [
          42.5211739,
          18.2278136
        ]
      }
    },
    {
      "type": "Feature",
      "properties": {
        "osm_type": "way",
        "osm_id": 982934948,
        "building": "yes",
        "origin_weight": 1.0
      },
      "geometry": {
        "type": "Point",
        "coordinates": [
          42.5211764,
          18.22759
        ]
      }
    },
    {
      "type": "Feature",
      "properties": {
        "osm_type": "way",
        "osm_id": 982934949,
        "building": "yes",
        "origin_weight": 1.0
      },
      "geometry": {
        "type": "Point",
        "coordinates": [
          42.5214673,
          18.2274614
        ]
      }
    },
    {
      "type": "Feature",
      "properties": {
        "osm_type": "way",
        "osm_id": 982934950,
        "building": "yes",
        "origin_weight": 1.0
      },
      "geometry": {
        "type": "Point",
        "coordinates": [
          42.5224233,
          18.2269618
        ]
      }
    },
    {
      "type": "Feature",
      "properties": {
        "osm_type": "way",
        "osm_id": 982934951,
        "building": "yes",
        "origin_weight": 1.0
      },
      "geometry": {
        "type": "Point",
        "coordinates": [
          42.5221263,
          18.2269378
        ]
      }
    },
    {
      "type": "Feature",
      "properties": {
        "osm_type": "way",
        "osm_id": 982934952,
        "building": "yes",
        "origin_weight": 1.0
      },
      "geometry": {
        "type": "Point",
        "coordinates": [
          42.5216806,
          18.2267629
        ]
      }
    },
    {
      "type": "Feature",
      "properties": {
        "osm_type": "way",
        "osm_id": 982934955,
        "building": "yes",
        "origin_weight": 1.0
      },
      "geometry": {
        "type": "Point",
        "coordinates": [
          42.5292012,
          18.2249325
        ]
      }
    },
    {
      "type": "Feature",
      "properties": {
        "osm_type": "way",
        "osm_id": 982934956,
        "building": "yes",
        "origin_weight": 1.0
      },
      "geometry": {
        "type": "Point",
        "coordinates": [
          42.5289659,
          18.2245152
        ]
      }
    },
    {
      "type": "Feature",
      "properties": {
        "osm_type": "way",
        "osm_id": 982934957,
        "building": "yes",
        "origin_weight": 1.0
      },
      "geometry": {
        "type": "Point",
        "coordinates": [
          42.5291554,
          18.224837
        ]
      }
    },
    {
      "type": "Feature",
      "properties": {
        "osm_type": "way",
        "osm_id": 982934965,
        "building": "yes",
        "origin_weight": 1.0
      },
      "geometry": {
        "type": "Point",
        "coordinates": [
          42.5498775,
          18.2314879
        ]
      }
    },
    {
      "type": "Feature",
      "properties": {
        "osm_type": "way",
        "osm_id": 982934966,
        "building": "yes",
        "origin_weight": 1.0
      },
      "geometry": {
        "type": "Point",
        "coordinates": [
          42.5495568,
          18.2312739
        ]
      }
    },
    {
      "type": "Feature",
      "properties": {
        "osm_type": "way",
        "osm_id": 982934967,
        "building": "yes",
        "origin_weight": 1.0
      },
      "geometry": {
        "type": "Point",
        "coordinates": [
          42.5485843,
          18.231772
        ]
      }
    },
    {
      "type": "Feature",
      "properties": {
        "osm_type": "way",
        "osm_id": 982934968,
        "building": "yes",
        "origin_weight": 1.0
      },
      "geometry": {
        "type": "Point",
        "coordinates": [
          42.5509736,
          18.232717
        ]
      }
    },
    {
      "type": "Feature",
      "properties": {
        "osm_type": "way",
        "osm_id": 982934969,
        "building": "yes",
        "origin_weight": 1.0
      },
      "geometry": {
        "type": "Point",
        "coordinates": [
          42.5507211,
          18.2329631
        ]
      }
    },
    {
      "type": "Feature",
      "properties": {
        "osm_type": "way",
        "osm_id": 982934970,
        "building": "yes",
        "origin_weight": 1.0
      },
      "geometry": {
        "type": "Point",
        "coordinates": [
          42.5507787,
          18.2325287
        ]
      }
    },
    {
      "type": "Feature",
      "properties": {
        "osm_type": "way",
        "osm_id": 982934971,
        "building": "yes",
        "origin_weight": 1.0
      },
      "geometry": {
        "type": "Point",
        "coordinates": [
          42.5511661,
          18.2323376
        ]
      }
    },
    {
      "type": "Feature",
      "properties": {
        "osm_type": "way",
        "osm_id": 982934972,
        "building": "yes",
        "origin_weight": 1.0
      },
      "geometry": {
        "type": "Point",
        "coordinates": [
          42.5509927,
          18.2321194
        ]
      }
    },
    {
      "type": "Feature",
      "properties": {
        "osm_type": "way",
        "osm_id": 983673984,
        "building": "yes",
        "origin_weight": 1.0
      },
      "geometry": {
        "type": "Point",
        "coordinates": [
          42.5489879,
          18.2331284
        ]
      }
    },
    {
      "type": "Feature",
      "properties": {
        "osm_type": "way",
        "osm_id": 983673985,
        "building": "yes",
        "origin_weight": 1.0
      },
      "geometry": {
        "type": "Point",
        "coordinates": [
          42.5485738,
          18.2332226
        ]
      }
    },
    {
      "type": "Feature",
      "properties": {
        "osm_type": "way",
        "osm_id": 983673986,
        "building": "yes",
        "origin_weight": 1.0
      },
      "geometry": {
        "type": "Point",
        "coordinates": [
          42.5471849,
          18.2326634
        ]
      }
    },
    {
      "type": "Feature",
      "properties": {
        "osm_type": "way",
        "osm_id": 983673989,
        "building": "yes",
        "origin_weight": 1.0
      },
      "geometry": {
        "type": "Point",
        "coordinates": [
          42.5475779,
          18.2311269
        ]
      }
    },
    {
      "type": "Feature",
      "properties": {
        "osm_type": "way",
        "osm_id": 983673990,
        "building": "yes",
        "origin_weight": 1.0
      },
      "geometry": {
        "type": "Point",
        "coordinates": [
          42.5483513,
          18.2305445
        ]
      }
    },
    {
      "type": "Feature",
      "properties": {
        "osm_type": "way",
        "osm_id": 983673991,
        "building": "yes",
        "origin_weight": 1.0
      },
      "geometry": {
        "type": "Point",
        "coordinates": [
          42.5478967,
          18.2304671
        ]
      }
    },
    {
      "type": "Feature",
      "properties": {
        "osm_type": "way",
        "osm_id": 983673992,
        "building": "yes",
        "origin_weight": 1.0
      },
      "geometry": {
        "type": "Point",
        "coordinates": [
          42.5470981,
          18.2300002
        ]
      }
    },
    {
      "type": "Feature",
      "properties": {
        "osm_type": "way",
        "osm_id": 983673993,
        "building": "yes",
        "origin_weight": 1.0
      },
      "geometry": {
        "type": "Point",
        "coordinates": [
          42.5467475,
          18.2298013
        ]
      }
    },
    {
      "type": "Feature",
      "properties": {
        "osm_type": "way",
        "osm_id": 983673994,
        "building": "yes",
        "origin_weight": 1.0
      },
      "geometry": {
        "type": "Point",
        "coordinates": [
          42.5464352,
          18.2295437
        ]
      }
    },
    {
      "type": "Feature",
      "properties": {
        "osm_type": "way",
        "osm_id": 983673995,
        "building": "yes",
        "origin_weight": 1.0
      },
      "geometry": {
        "type": "Point",
        "coordinates": [
          42.5460986,
          18.2293228
        ]
      }
    },
    {
      "type": "Feature",
      "properties": {
        "osm_type": "way",
        "osm_id": 983674012,
        "building": "yes",
        "origin_weight": 1.0
      },
      "geometry": {
        "type": "Point",
        "coordinates": [
          42.5341972,
          18.2339705
        ]
      }
    },
    {
      "type": "Feature",
      "properties": {
        "osm_type": "way",
        "osm_id": 983674022,
        "building": "yes",
        "origin_weight": 1.0
      },
      "geometry": {
        "type": "Point",
        "coordinates": [
          42.533674,
          18.2331949
        ]
      }
    },
    {
      "type": "Feature",
      "properties": {
        "osm_type": "way",
        "osm_id": 983674023,
        "building": "yes",
        "origin_weight": 1.0
      },
      "geometry": {
        "type": "Point",
        "coordinates": [
          42.5334892,
          18.2329667
        ]
      }
    },
    {
      "type": "Feature",
      "properties": {
        "osm_type": "way",
        "osm_id": 983674024,
        "building": "yes",
        "origin_weight": 1.0
      },
      "geometry": {
        "type": "Point",
        "coordinates": [
          42.5336987,
          18.2329579
        ]
      }
    },
    {
      "type": "Feature",
      "properties": {
        "osm_type": "way",
        "osm_id": 983674025,
        "building": "yes",
        "origin_weight": 1.0
      },
      "geometry": {
        "type": "Point",
        "coordinates": [
          42.5331996,
          18.2331393
        ]
      }
    },
    {
      "type": "Feature",
      "properties": {
        "osm_type": "way",
        "osm_id": 983674026,
        "building": "yes",
        "origin_weight": 1.0
      },
      "geometry": {
        "type": "Point",
        "coordinates": [
          42.5342157,
          18.2336046
        ]
      }
    },
    {
      "type": "Feature",
      "properties": {
        "osm_type": "way",
        "osm_id": 983674027,
        "building": "yes",
        "origin_weight": 1.0
      },
      "geometry": {
        "type": "Point",
        "coordinates": [
          42.5338152,
          18.2336332
        ]
      }
    },
    {
      "type": "Feature",
      "properties": {
        "osm_type": "way",
        "osm_id": 983674028,
        "building": "yes",
        "origin_weight": 1.0
      },
      "geometry": {
        "type": "Point",
        "coordinates": [
          42.5335896,
          18.2336317
        ]
      }
    },
    {
      "type": "Feature",
      "properties": {
        "osm_type": "way",
        "osm_id": 983677944,
        "building": "yes",
        "origin_weight": 1.0
      },
      "geometry": {
        "type": "Point",
        "coordinates": [
          42.5493432,
          18.2372781
        ]
      }
    },
    {
      "type": "Feature",
      "properties": {
        "osm_type": "way",
        "osm_id": 983677945,
        "building": "yes",
        "origin_weight": 1.0
      },
      "geometry": {
        "type": "Point",
        "coordinates": [
          42.5499593,
          18.237075
        ]
      }
    },
    {
      "type": "Feature",
      "properties": {
        "osm_type": "way",
        "osm_id": 983677946,
        "building": "yes",
        "origin_weight": 1.0
      },
      "geometry": {
        "type": "Point",
        "coordinates": [
          42.5500548,
          18.2374311
        ]
      }
    },
    {
      "type": "Feature",
      "properties": {
        "osm_type": "way",
        "osm_id": 983677947,
        "building": "yes",
        "origin_weight": 1.0
      },
      "geometry": {
        "type": "Point",
        "coordinates": [
          42.5511072,
          18.2377611
        ]
      }
    },
    {
      "type": "Feature",
      "properties": {
        "osm_type": "way",
        "osm_id": 983677948,
        "building": "yes",
        "origin_weight": 1.0
      },
      "geometry": {
        "type": "Point",
        "coordinates": [
          42.552369,
          18.2385131
        ]
      }
    },
    {
      "type": "Feature",
      "properties": {
        "osm_type": "way",
        "osm_id": 983677949,
        "building": "yes",
        "origin_weight": 1.0
      },
      "geometry": {
        "type": "Point",
        "coordinates": [
          42.5523253,
          18.238904
        ]
      }
    },
    {
      "type": "Feature",
      "properties": {
        "osm_type": "way",
        "osm_id": 983677950,
        "building": "yes",
        "origin_weight": 1.0
      },
      "geometry": {
        "type": "Point",
        "coordinates": [
          42.5520715,
          18.239489
        ]
      }
    },
    {
      "type": "Feature",
      "properties": {
        "osm_type": "way",
        "osm_id": 983677951,
        "building": "yes",
        "origin_weight": 1.0
      },
      "geometry": {
        "type": "Point",
        "coordinates": [
          42.5524936,
          18.239208
        ]
      }
    },
    {
      "type": "Feature",
      "properties": {
        "osm_type": "way",
        "osm_id": 983677952,
        "building": "yes",
        "origin_weight": 1.0
      },
      "geometry": {
        "type": "Point",
        "coordinates": [
          42.55239,
          18.2395132
        ]
      }
    },
    {
      "type": "Feature",
      "properties": {
        "osm_type": "way",
        "osm_id": 983677953,
        "building": "yes",
        "origin_weight": 1.0
      },
      "geometry": {
        "type": "Point",
        "coordinates": [
          42.551692,
          18.239433
        ]
      }
    },
    {
      "type": "Feature",
      "properties": {
        "osm_type": "way",
        "osm_id": 983688098,
        "building": "yes",
        "origin_weight": 1.0
      },
      "geometry": {
        "type": "Point",
        "coordinates": [
          42.5455855,
          18.2379202
        ]
      }
    },
    {
      "type": "Feature",
      "properties": {
        "osm_type": "way",
        "osm_id": 983688107,
        "building": "yes",
        "origin_weight": 1.0
      },
      "geometry": {
        "type": "Point",
        "coordinates": [
          42.560193,
          18.238643
        ]
      }
    },
    {
      "type": "Feature",
      "properties": {
        "osm_type": "way",
        "osm_id": 983688108,
        "building": "yes",
        "origin_weight": 1.0
      },
      "geometry": {
        "type": "Point",
        "coordinates": [
          42.5601297,
          18.2381897
        ]
      }
    },
    {
      "type": "Feature",
      "properties": {
        "osm_type": "way",
        "osm_id": 983688114,
        "building": "yes",
        "origin_weight": 1.0
      },
      "geometry": {
        "type": "Point",
        "coordinates": [
          42.5591265,
          18.2388347
        ]
      }
    },
    {
      "type": "Feature",
      "properties": {
        "osm_type": "way",
        "osm_id": 983688115,
        "building": "yes",
        "origin_weight": 1.0
      },
      "geometry": {
        "type": "Point",
        "coordinates": [
          42.5588884,
          18.2386665
        ]
      }
    },
    {
      "type": "Feature",
      "properties": {
        "osm_type": "way",
        "osm_id": 983688116,
        "building": "yes",
        "origin_weight": 1.0
      },
      "geometry": {
        "type": "Point",
        "coordinates": [
          42.5589155,
          18.2394915
        ]
      }
    },
    {
      "type": "Feature",
      "properties": {
        "osm_type": "way",
        "osm_id": 983688117,
        "building": "yes",
        "origin_weight": 1.0
      },
      "geometry": {
        "type": "Point",
        "coordinates": [
          42.5591177,
          18.2395562
        ]
      }
    },
    {
      "type": "Feature",
      "properties": {
        "osm_type": "way",
        "osm_id": 983688118,
        "building": "yes",
        "origin_weight": 1.0
      },
      "geometry": {
        "type": "Point",
        "coordinates": [
          42.559319,
          18.239616
        ]
      }
    },
    {
      "type": "Feature",
      "properties": {
        "osm_type": "way",
        "osm_id": 983688119,
        "building": "yes",
        "origin_weight": 1.0
      },
      "geometry": {
        "type": "Point",
        "coordinates": [
          42.5595594,
          18.2396908
        ]
      }
    },
    {
      "type": "Feature",
      "properties": {
        "osm_type": "way",
        "osm_id": 983688120,
        "building": "yes",
        "origin_weight": 1.0
      },
      "geometry": {
        "type": "Point",
        "coordinates": [
          42.5596526,
          18.2394476
        ]
      }
    },
    {
      "type": "Feature",
      "properties": {
        "osm_type": "way",
        "osm_id": 983688121,
        "building": "yes",
        "origin_weight": 1.0
      },
      "geometry": {
        "type": "Point",
        "coordinates": [
          42.5594161,
          18.2393698
        ]
      }
    },
    {
      "type": "Feature",
      "properties": {
        "osm_type": "way",
        "osm_id": 983688122,
        "building": "yes",
        "origin_weight": 1.0
      },
      "geometry": {
        "type": "Point",
        "coordinates": [
          42.5592179,
          18.2393099
        ]
      }
    },
    {
      "type": "Feature",
      "properties": {
        "osm_type": "way",
        "osm_id": 983688123,
        "building": "yes",
        "origin_weight": 1.0
      },
      "geometry": {
        "type": "Point",
        "coordinates": [
          42.5590085,
          18.2392423
        ]
      }
    },
    {
      "type": "Feature",
      "properties": {
        "osm_type": "way",
        "osm_id": 983688124,
        "building": "yes",
        "origin_weight": 1.0
      },
      "geometry": {
        "type": "Point",
        "coordinates": [
          42.5587707,
          18.2391633
        ]
      }
    },
    {
      "type": "Feature",
      "properties": {
        "osm_type": "way",
        "osm_id": 983688125,
        "building": "yes",
        "origin_weight": 1.0
      },
      "geometry": {
        "type": "Point",
        "coordinates": [
          42.5585674,
          18.2390981
        ]
      }
    },
    {
      "type": "Feature",
      "properties": {
        "osm_type": "way",
        "osm_id": 983688126,
        "building": "yes",
        "origin_weight": 1.0
      },
      "geometry": {
        "type": "Point",
        "coordinates": [
          42.5583632,
          18.2390226
        ]
      }
    },
    {
      "type": "Feature",
      "properties": {
        "osm_type": "way",
        "osm_id": 983688127,
        "building": "yes",
        "origin_weight": 1.0
      },
      "geometry": {
        "type": "Point",
        "coordinates": [
          42.558164,
          18.2389626
        ]
      }
    },
    {
      "type": "Feature",
      "properties": {
        "osm_type": "way",
        "osm_id": 983688128,
        "building": "yes",
        "origin_weight": 1.0
      },
      "geometry": {
        "type": "Point",
        "coordinates": [
          42.5578821,
          18.2388943
        ]
      }
    },
    {
      "type": "Feature",
      "properties": {
        "osm_type": "way",
        "osm_id": 983688130,
        "building": "yes",
        "origin_weight": 1.0
      },
      "geometry": {
        "type": "Point",
        "coordinates": [
          42.5586707,
          18.2393998
        ]
      }
    },
    {
      "type": "Feature",
      "properties": {
        "osm_type": "way",
        "osm_id": 983688131,
        "building": "yes",
        "origin_weight": 1.0
      },
      "geometry": {
        "type": "Point",
        "coordinates": [
          42.5584658,
          18.2393316
        ]
      }
    },
    {
      "type": "Feature",
      "properties": {
        "osm_type": "way",
        "osm_id": 983688132,
        "building": "yes",
        "origin_weight": 1.0
      },
      "geometry": {
        "type": "Point",
        "coordinates": [
          42.5582817,
          18.2392705
        ]
      }
    },
    {
      "type": "Feature",
      "properties": {
        "osm_type": "way",
        "osm_id": 983688133,
        "building": "yes",
        "origin_weight": 1.0
      },
      "geometry": {
        "type": "Point",
        "coordinates": [
          42.5580812,
          18.2392041
        ]
      }
    },
    {
      "type": "Feature",
      "properties": {
        "osm_type": "way",
        "osm_id": 983688135,
        "building": "yes",
        "origin_weight": 1.0
      },
      "geometry": {
        "type": "Point",
        "coordinates": [
          42.5592671,
          18.2401484
        ]
      }
    },
    {
      "type": "Feature",
      "properties": {
        "osm_type": "way",
        "osm_id": 1173386947,
        "building": "greenhouse",
        "origin_weight": 1.0
      },
      "geometry": {
        "type": "Point",
        "coordinates": [
          42.5640744,
          18.2420477
        ]
      }
    },
    {
      "type": "Feature",
      "properties": {
        "osm_type": "way",
        "osm_id": 1264030554,
        "building": "house",
        "origin_weight": 1.0
      },
      "geometry": {
        "type": "Point",
        "coordinates": [
          42.5815439,
          18.2288652
        ]
      }
    },
    {
      "type": "Feature",
      "properties": {
        "osm_type": "way",
        "osm_id": 1267128747,
        "building": "yes",
        "origin_weight": 1.0
      },
      "geometry": {
        "type": "Point",
        "coordinates": [
          42.5157763,
          18.2144039
        ]
      }
    },
    {
      "type": "Feature",
      "properties": {
        "osm_type": "way",
        "osm_id": 1267128748,
        "building": "yes",
        "origin_weight": 1.0
      },
      "geometry": {
        "type": "Point",
        "coordinates": [
          42.5158333,
          18.2139084
        ]
      }
    },
    {
      "type": "Feature",
      "properties": {
        "osm_type": "way",
        "osm_id": 1267128749,
        "building": "yes",
        "origin_weight": 1.0
      },
      "geometry": {
        "type": "Point",
        "coordinates": [
          42.5156968,
          18.2136318
        ]
      }
    },
    {
      "type": "Feature",
      "properties": {
        "osm_type": "way",
        "osm_id": 1267128750,
        "building": "yes",
        "origin_weight": 1.0
      },
      "geometry": {
        "type": "Point",
        "coordinates": [
          42.5156601,
          18.2134061
        ]
      }
    },
    {
      "type": "Feature",
      "properties": {
        "osm_type": "way",
        "osm_id": 1267128762,
        "building": "yes",
        "origin_weight": 1.0
      },
      "geometry": {
        "type": "Point",
        "coordinates": [
          42.5153229,
          18.2094488
        ]
      }
    },
    {
      "type": "Feature",
      "properties": {
        "osm_type": "way",
        "osm_id": 1267128763,
        "building": "yes",
        "origin_weight": 1.0
      },
      "geometry": {
        "type": "Point",
        "coordinates": [
          42.5160455,
          18.209961
        ]
      }
    },
    {
      "type": "Feature",
      "properties": {
        "osm_type": "way",
        "osm_id": 1267128764,
        "building": "yes",
        "origin_weight": 1.0
      },
      "geometry": {
        "type": "Point",
        "coordinates": [
          42.5161016,
          18.2095048
        ]
      }
    },
    {
      "type": "Feature",
      "properties": {
        "osm_type": "way",
        "osm_id": 1267128765,
        "building": "yes",
        "origin_weight": 1.0
      },
      "geometry": {
        "type": "Point",
        "coordinates": [
          42.517764,
          18.2099073
        ]
      }
    },
    {
      "type": "Feature",
      "properties": {
        "osm_type": "way",
        "osm_id": 1267128766,
        "building": "yes",
        "origin_weight": 1.0
      },
      "geometry": {
        "type": "Point",
        "coordinates": [
          42.5181847,
          18.2097605
        ]
      }
    },
    {
      "type": "Feature",
      "properties": {
        "osm_type": "way",
        "osm_id": 1267128767,
        "building": "yes",
        "origin_weight": 1.0
      },
      "geometry": {
        "type": "Point",
        "coordinates": [
          42.5175877,
          18.2094498
        ]
      }
    },
    {
      "type": "Feature",
      "properties": {
        "osm_type": "way",
        "osm_id": 1267128768,
        "building": "yes",
        "origin_weight": 1.0
      },
      "geometry": {
        "type": "Point",
        "coordinates": [
          42.5157076,
          18.2150045
        ]
      }
    },
    {
      "type": "Feature",
      "properties": {
        "osm_type": "way",
        "osm_id": 1267128769,
        "building": "yes",
        "origin_weight": 1.0
      },
      "geometry": {
        "type": "Point",
        "coordinates": [
          42.5155101,
          18.2157152
        ]
      }
    },
    {
      "type": "Feature",
      "properties": {
        "osm_type": "way",
        "osm_id": 1267128771,
        "building": "yes",
        "origin_weight": 1.0
      },
      "geometry": {
        "type": "Point",
        "coordinates": [
          42.5154225,
          18.2159726
        ]
      }
    },
    {
      "type": "Feature",
      "properties": {
        "osm_type": "way",
        "osm_id": 1267128772,
        "building": "yes",
        "origin_weight": 1.0
      },
      "geometry": {
        "type": "Point",
        "coordinates": [
          42.5152408,
          18.2162259
        ]
      }
    },
    {
      "type": "Feature",
      "properties": {
        "osm_type": "way",
        "osm_id": 1267128776,
        "building": "yes",
        "origin_weight": 1.0
      },
      "geometry": {
        "type": "Point",
        "coordinates": [
          42.5153047,
          18.2149997
        ]
      }
    },
    {
      "type": "Feature",
      "properties": {
        "osm_type": "way",
        "osm_id": 1267128777,
        "building": "yes",
        "origin_weight": 1.0
      },
      "geometry": {
        "type": "Point",
        "coordinates": [
          42.5153217,
          18.2147208
        ]
      }
    },
    {
      "type": "Feature",
      "properties": {
        "osm_type": "way",
        "osm_id": 1267132513,
        "building": "yes",
        "origin_weight": 1.0
      },
      "geometry": {
        "type": "Point",
        "coordinates": [
          42.5196809,
          18.2102627
        ]
      }
    },
    {
      "type": "Feature",
      "properties": {
        "osm_type": "way",
        "osm_id": 1267132514,
        "building": "yes",
        "origin_weight": 1.0
      },
      "geometry": {
        "type": "Point",
        "coordinates": [
          42.5190979,
          18.2093722
        ]
      }
    },
    {
      "type": "Feature",
      "properties": {
        "osm_type": "way",
        "osm_id": 1267132515,
        "building": "yes",
        "origin_weight": 1.0
      },
      "geometry": {
        "type": "Point",
        "coordinates": [
          42.5209891,
          18.2105765
        ]
      }
    },
    {
      "type": "Feature",
      "properties": {
        "osm_type": "way",
        "osm_id": 1267132516,
        "building": "yes",
        "origin_weight": 1.0
      },
      "geometry": {
        "type": "Point",
        "coordinates": [
          42.5214462,
          18.2122009
        ]
      }
    },
    {
      "type": "Feature",
      "properties": {
        "osm_type": "way",
        "osm_id": 1267132517,
        "building": "yes",
        "origin_weight": 1.0
      },
      "geometry": {
        "type": "Point",
        "coordinates": [
          42.5209003,
          18.2134783
        ]
      }
    },
    {
      "type": "Feature",
      "properties": {
        "osm_type": "way",
        "osm_id": 1267132518,
        "building": "yes",
        "origin_weight": 1.0
      },
      "geometry": {
        "type": "Point",
        "coordinates": [
          42.520854,
          18.2139459
        ]
      }
    },
    {
      "type": "Feature",
      "properties": {
        "osm_type": "way",
        "osm_id": 1267132519,
        "building": "yes",
        "origin_weight": 1.0
      },
      "geometry": {
        "type": "Point",
        "coordinates": [
          42.5222236,
          18.2136631
        ]
      }
    },
    {
      "type": "Feature",
      "properties": {
        "osm_type": "way",
        "osm_id": 1267132520,
        "building": "yes",
        "origin_weight": 1.0
      },
      "geometry": {
        "type": "Point",
        "coordinates": [
          42.5225364,
          18.2136686
        ]
      }
    },
    {
      "type": "Feature",
      "properties": {
        "osm_type": "way",
        "osm_id": 1267132521,
        "building": "yes",
        "origin_weight": 1.0
      },
      "geometry": {
        "type": "Point",
        "coordinates": [
          42.5235763,
          18.2137914
        ]
      }
    },
    {
      "type": "Feature",
      "properties": {
        "osm_type": "way",
        "osm_id": 1267132556,
        "building": "yes",
        "origin_weight": 1.0
      },
      "geometry": {
        "type": "Point",
        "coordinates": [
          42.5162857,
          18.2178984
        ]
      }
    },
    {
      "type": "Feature",
      "properties": {
        "osm_type": "way",
        "osm_id": 1267132557,
        "building": "yes",
        "origin_weight": 1.0
      },
      "geometry": {
        "type": "Point",
        "coordinates": [
          42.5169235,
          18.2179046
        ]
      }
    },
    {
      "type": "Feature",
      "properties": {
        "osm_type": "way",
        "osm_id": 1267132558,
        "building": "yes",
        "origin_weight": 1.0
      },
      "geometry": {
        "type": "Point",
        "coordinates": [
          42.5172165,
          18.2178896
        ]
      }
    },
    {
      "type": "Feature",
      "properties": {
        "osm_type": "way",
        "osm_id": 1267178469,
        "building": "yes",
        "origin_weight": 1.0
      },
      "geometry": {
        "type": "Point",
        "coordinates": [
          42.5154163,
          18.2108945
        ]
      }
    },
    {
      "type": "Feature",
      "properties": {
        "osm_type": "way",
        "osm_id": 1267178470,
        "building": "yes",
        "origin_weight": 1.0
      },
      "geometry": {
        "type": "Point",
        "coordinates": [
          42.5163185,
          18.2103574
        ]
      }
    },
    {
      "type": "Feature",
      "properties": {
        "osm_type": "way",
        "osm_id": 1267178471,
        "building": "yes",
        "origin_weight": 1.0
      },
      "geometry": {
        "type": "Point",
        "coordinates": [
          42.5153625,
          18.2104174
        ]
      }
    },
    {
      "type": "Feature",
      "properties": {
        "osm_type": "way",
        "osm_id": 1267180605,
        "building": "yes",
        "origin_weight": 1.0
      },
      "geometry": {
        "type": "Point",
        "coordinates": [
          42.5151636,
          18.2089115
        ]
      }
    },
    {
      "type": "Feature",
      "properties": {
        "osm_type": "way",
        "osm_id": 1267180606,
        "building": "yes",
        "origin_weight": 1.0
      },
      "geometry": {
        "type": "Point",
        "coordinates": [
          42.5151287,
          18.2086354
        ]
      }
    },
    {
      "type": "Feature",
      "properties": {
        "osm_type": "way",
        "osm_id": 1267180607,
        "building": "yes",
        "origin_weight": 1.0
      },
      "geometry": {
        "type": "Point",
        "coordinates": [
          42.5164025,
          18.2080741
        ]
      }
    },
    {
      "type": "Feature",
      "properties": {
        "osm_type": "way",
        "osm_id": 1267180608,
        "building": "yes",
        "origin_weight": 1.0
      },
      "geometry": {
        "type": "Point",
        "coordinates": [
          42.5164983,
          18.2088653
        ]
      }
    },
    {
      "type": "Feature",
      "properties": {
        "osm_type": "way",
        "osm_id": 1267180609,
        "building": "yes",
        "origin_weight": 1.0
      },
      "geometry": {
        "type": "Point",
        "coordinates": [
          42.5158026,
          18.2073001
        ]
      }
    },
    {
      "type": "Feature",
      "properties": {
        "osm_type": "way",
        "osm_id": 1267180612,
        "building": "yes",
        "origin_weight": 1.0
      },
      "geometry": {
        "type": "Point",
        "coordinates": [
          42.5153671,
          18.2077551
        ]
      }
    },
    {
      "type": "Feature",
      "properties": {
        "osm_type": "way",
        "osm_id": 1267180614,
        "building": "yes",
        "origin_weight": 1.0
      },
      "geometry": {
        "type": "Point",
        "coordinates": [
          42.5151581,
          18.2078688
        ]
      }
    },
    {
      "type": "Feature",
      "properties": {
        "osm_type": "way",
        "osm_id": 1267180615,
        "building": "yes",
        "origin_weight": 1.0
      },
      "geometry": {
        "type": "Point",
        "coordinates": [
          42.5152626,
          18.2078123
        ]
      }
    },
    {
      "type": "Feature",
      "properties": {
        "osm_type": "way",
        "osm_id": 1267180616,
        "building": "yes",
        "origin_weight": 1.0
      },
      "geometry": {
        "type": "Point",
        "coordinates": [
          42.5154036,
          18.2074866
        ]
      }
    },
    {
      "type": "Feature",
      "properties": {
        "osm_type": "way",
        "osm_id": 1267180617,
        "building": "yes",
        "origin_weight": 1.0
      },
      "geometry": {
        "type": "Point",
        "coordinates": [
          42.5153117,
          18.2075385
        ]
      }
    },
    {
      "type": "Feature",
      "properties": {
        "osm_type": "way",
        "osm_id": 1267180618,
        "building": "yes",
        "origin_weight": 1.0
      },
      "geometry": {
        "type": "Point",
        "coordinates": [
          42.5152294,
          18.207607
        ]
      }
    },
    {
      "type": "Feature",
      "properties": {
        "osm_type": "way",
        "osm_id": 1267180619,
        "building": "yes",
        "origin_weight": 1.0
      },
      "geometry": {
        "type": "Point",
        "coordinates": [
          42.5151003,
          18.207674
        ]
      }
    },
    {
      "type": "Feature",
      "properties": {
        "osm_type": "way",
        "osm_id": 1267180623,
        "building": "yes",
        "origin_weight": 1.0
      },
      "geometry": {
        "type": "Point",
        "coordinates": [
          42.5151642,
          18.2084173
        ]
      }
    },
    {
      "type": "Feature",
      "properties": {
        "osm_type": "way",
        "osm_id": 1267180698,
        "building": "yes",
        "origin_weight": 1.0
      },
      "geometry": {
        "type": "Point",
        "coordinates": [
          42.5169678,
          18.2120236
        ]
      }
    },
    {
      "type": "Feature",
      "properties": {
        "osm_type": "way",
        "osm_id": 1267180699,
        "building": "yes",
        "origin_weight": 1.0
      },
      "geometry": {
        "type": "Point",
        "coordinates": [
          42.5169849,
          18.211449
        ]
      }
    },
    {
      "type": "Feature",
      "properties": {
        "osm_type": "way",
        "osm_id": 1267180700,
        "building": "yes",
        "origin_weight": 1.0
      },
      "geometry": {
        "type": "Point",
        "coordinates": [
          42.5170698,
          18.2112136
        ]
      }
    },
    {
      "type": "Feature",
      "properties": {
        "osm_type": "way",
        "osm_id": 1267180701,
        "building": "yes",
        "origin_weight": 1.0
      },
      "geometry": {
        "type": "Point",
        "coordinates": [
          42.5172694,
          18.211247
        ]
      }
    },
    {
      "type": "Feature",
      "properties": {
        "osm_type": "way",
        "osm_id": 1267180702,
        "building": "yes",
        "origin_weight": 1.0
      },
      "geometry": {
        "type": "Point",
        "coordinates": [
          42.5173163,
          18.2110959
        ]
      }
    },
    {
      "type": "Feature",
      "properties": {
        "osm_type": "way",
        "osm_id": 1267180703,
        "building": "yes",
        "origin_weight": 1.0
      },
      "geometry": {
        "type": "Point",
        "coordinates": [
          42.5171415,
          18.2110438
        ]
      }
    },
    {
      "type": "Feature",
      "properties": {
        "osm_type": "way",
        "osm_id": 1267180704,
        "building": "yes",
        "origin_weight": 1.0
      },
      "geometry": {
        "type": "Point",
        "coordinates": [
          42.5170307,
          18.2118517
        ]
      }
    },
    {
      "type": "Feature",
      "properties": {
        "osm_type": "way",
        "osm_id": 1267180705,
        "building": "yes",
        "origin_weight": 1.0
      },
      "geometry": {
        "type": "Point",
        "coordinates": [
          42.5170815,
          18.2117228
        ]
      }
    },
    {
      "type": "Feature",
      "properties": {
        "osm_type": "way",
        "osm_id": 1267180706,
        "building": "yes",
        "origin_weight": 1.0
      },
      "geometry": {
        "type": "Point",
        "coordinates": [
          42.5171311,
          18.2116002
        ]
      }
    },
    {
      "type": "Feature",
      "properties": {
        "osm_type": "way",
        "osm_id": 1267180707,
        "building": "yes",
        "origin_weight": 1.0
      },
      "geometry": {
        "type": "Point",
        "coordinates": [
          42.5172472,
          18.2121032
        ]
      }
    },
    {
      "type": "Feature",
      "properties": {
        "osm_type": "way",
        "osm_id": 1267180708,
        "building": "yes",
        "origin_weight": 1.0
      },
      "geometry": {
        "type": "Point",
        "coordinates": [
          42.5174533,
          18.2121355
        ]
      }
    },
    {
      "type": "Feature",
      "properties": {
        "osm_type": "way",
        "osm_id": 1267180709,
        "building": "yes",
        "origin_weight": 1.0
      },
      "geometry": {
        "type": "Point",
        "coordinates": [
          42.5173163,
          18.2119434
        ]
      }
    },
    {
      "type": "Feature",
      "properties": {
        "osm_type": "way",
        "osm_id": 1267180710,
        "building": "yes",
        "origin_weight": 1.0
      },
      "geometry": {
        "type": "Point",
        "coordinates": [
          42.5173763,
          18.2117674
        ]
      }
    },
    {
      "type": "Feature",
      "properties": {
        "osm_type": "way",
        "osm_id": 1267180711,
        "building": "yes",
        "origin_weight": 1.0
      },
      "geometry": {
        "type": "Point",
        "coordinates": [
          42.5175055,
          18.2119806
        ]
      }
    },
    {
      "type": "Feature",
      "properties": {
        "osm_type": "way",
        "osm_id": 1267180712,
        "building": "yes",
        "origin_weight": 1.0
      },
      "geometry": {
        "type": "Point",
        "coordinates": [
          42.5175903,
          18.2117873
        ]
      }
    },
    {
      "type": "Feature",
      "properties": {
        "osm_type": "way",
        "osm_id": 1267180713,
        "building": "yes",
        "origin_weight": 1.0
      },
      "geometry": {
        "type": "Point",
        "coordinates": [
          42.5174559,
          18.211568
        ]
      }
    },
    {
      "type": "Feature",
      "properties": {
        "osm_type": "way",
        "osm_id": 1267180714,
        "building": "yes",
        "origin_weight": 1.0
      },
      "geometry": {
        "type": "Point",
        "coordinates": [
          42.517525,
          18.2114267
        ]
      }
    },
    {
      "type": "Feature",
      "properties": {
        "osm_type": "way",
        "osm_id": 1267180715,
        "building": "yes",
        "origin_weight": 1.0
      },
      "geometry": {
        "type": "Point",
        "coordinates": [
          42.5176959,
          18.2116138
        ]
      }
    },
    {
      "type": "Feature",
      "properties": {
        "osm_type": "way",
        "osm_id": 1267180716,
        "building": "yes",
        "origin_weight": 1.0
      },
      "geometry": {
        "type": "Point",
        "coordinates": [
          42.5177494,
          18.2114131
        ]
      }
    },
    {
      "type": "Feature",
      "properties": {
        "osm_type": "way",
        "osm_id": 1267180717,
        "building": "yes",
        "origin_weight": 1.0
      },
      "geometry": {
        "type": "Point",
        "coordinates": [
          42.5176255,
          18.2111714
        ]
      }
    },
    {
      "type": "Feature",
      "properties": {
        "osm_type": "way",
        "osm_id": 1267180718,
        "building": "yes",
        "origin_weight": 1.0
      },
      "geometry": {
        "type": "Point",
        "coordinates": [
          42.5176881,
          18.2110327
        ]
      }
    },
    {
      "type": "Feature",
      "properties": {
        "osm_type": "way",
        "osm_id": 1267180719,
        "building": "yes",
        "origin_weight": 1.0
      },
      "geometry": {
        "type": "Point",
        "coordinates": [
          42.5178786,
          18.2110934
        ]
      }
    },
    {
      "type": "Feature",
      "properties": {
        "osm_type": "way",
        "osm_id": 1267180720,
        "building": "yes",
        "origin_weight": 1.0
      },
      "geometry": {
        "type": "Point",
        "coordinates": [
          42.5177664,
          18.210858
        ]
      }
    },
    {
      "type": "Feature",
      "properties": {
        "osm_type": "way",
        "osm_id": 1267180721,
        "building": "yes",
        "origin_weight": 1.0
      },
      "geometry": {
        "type": "Point",
        "coordinates": [
          42.5179372,
          18.2109249
        ]
      }
    },
    {
      "type": "Feature",
      "properties": {
        "osm_type": "way",
        "osm_id": 1267180722,
        "building": "yes",
        "origin_weight": 1.0
      },
      "geometry": {
        "type": "Point",
        "coordinates": [
          42.5178342,
          18.2106746
        ]
      }
    },
    {
      "type": "Feature",
      "properties": {
        "osm_type": "way",
        "osm_id": 1267180723,
        "building": "yes",
        "origin_weight": 1.0
      },
      "geometry": {
        "type": "Point",
        "coordinates": [
          42.5180012,
          18.2107167
        ]
      }
    },
    {
      "type": "Feature",
      "properties": {
        "osm_type": "way",
        "osm_id": 1267180724,
        "building": "yes",
        "origin_weight": 1.0
      },
      "geometry": {
        "type": "Point",
        "coordinates": [
          42.5182347,
          18.2112185
        ]
      }
    },
    {
      "type": "Feature",
      "properties": {
        "osm_type": "way",
        "osm_id": 1267180725,
        "building": "yes",
        "origin_weight": 1.0
      },
      "geometry": {
        "type": "Point",
        "coordinates": [
          42.5182412,
          18.2114825
        ]
      }
    },
    {
      "type": "Feature",
      "properties": {
        "osm_type": "way",
        "osm_id": 1267180726,
        "building": "yes",
        "origin_weight": 1.0
      },
      "geometry": {
        "type": "Point",
        "coordinates": [
          42.5180494,
          18.2114787
        ]
      }
    },
    {
      "type": "Feature",
      "properties": {
        "osm_type": "way",
        "osm_id": 1267180727,
        "building": "yes",
        "origin_weight": 1.0
      },
      "geometry": {
        "type": "Point",
        "coordinates": [
          42.5179503,
          18.2116596
        ]
      }
    },
    {
      "type": "Feature",
      "properties": {
        "osm_type": "way",
        "osm_id": 1267180728,
        "building": "yes",
        "origin_weight": 1.0
      },
      "geometry": {
        "type": "Point",
        "coordinates": [
          42.5179529,
          18.2121949
        ]
      }
    },
    {
      "type": "Feature",
      "properties": {
        "osm_type": "way",
        "osm_id": 1267180729,
        "building": "yes",
        "origin_weight": 1.0
      },
      "geometry": {
        "type": "Point",
        "coordinates": [
          42.5177351,
          18.2121838
        ]
      }
    },
    {
      "type": "Feature",
      "properties": {
        "osm_type": "way",
        "osm_id": 1267180730,
        "building": "yes",
        "origin_weight": 1.0
      },
      "geometry": {
        "type": "Point",
        "coordinates": [
          42.5176398,
          18.2124328
        ]
      }
    },
    {
      "type": "Feature",
      "properties": {
        "osm_type": "way",
        "osm_id": 1267180731,
        "building": "yes",
        "origin_weight": 1.0
      },
      "geometry": {
        "type": "Point",
        "coordinates": [
          42.5175746,
          18.2126113
        ]
      }
    },
    {
      "type": "Feature",
      "properties": {
        "osm_type": "way",
        "osm_id": 1267180732,
        "building": "yes",
        "origin_weight": 1.0
      },
      "geometry": {
        "type": "Point",
        "coordinates": [
          42.517499,
          18.2127835
        ]
      }
    },
    {
      "type": "Feature",
      "properties": {
        "osm_type": "way",
        "osm_id": 1267180733,
        "building": "yes",
        "origin_weight": 1.0
      },
      "geometry": {
        "type": "Point",
        "coordinates": [
          42.5174285,
          18.2129656
        ]
      }
    },
    {
      "type": "Feature",
      "properties": {
        "osm_type": "way",
        "osm_id": 1267180734,
        "building": "yes",
        "origin_weight": 1.0
      },
      "geometry": {
        "type": "Point",
        "coordinates": [
          42.5173998,
          18.2131428
        ]
      }
    },
    {
      "type": "Feature",
      "properties": {
        "osm_type": "way",
        "osm_id": 1267180735,
        "building": "yes",
        "origin_weight": 1.0
      },
      "geometry": {
        "type": "Point",
        "coordinates": [
          42.517602,
          18.213149
        ]
      }
    },
    {
      "type": "Feature",
      "properties": {
        "osm_type": "way",
        "osm_id": 1267180736,
        "building": "yes",
        "origin_weight": 1.0
      },
      "geometry": {
        "type": "Point",
        "coordinates": [
          42.5177116,
          18.2128207
        ]
      }
    },
    {
      "type": "Feature",
      "properties": {
        "osm_type": "way",
        "osm_id": 1267180737,
        "building": "yes",
        "origin_weight": 1.0
      },
      "geometry": {
        "type": "Point",
        "coordinates": [
          42.5177859,
          18.2126051
        ]
      }
    },
    {
      "type": "Feature",
      "properties": {
        "osm_type": "way",
        "osm_id": 1267180738,
        "building": "yes",
        "origin_weight": 1.0
      },
      "geometry": {
        "type": "Point",
        "coordinates": [
          42.517829,
          18.2124316
        ]
      }
    },
    {
      "type": "Feature",
      "properties": {
        "osm_type": "way",
        "osm_id": 1267180739,
        "building": "yes",
        "origin_weight": 1.0
      },
      "geometry": {
        "type": "Point",
        "coordinates": [
          42.5180312,
          18.212651
        ]
      }
    },
    {
      "type": "Feature",
      "properties": {
        "osm_type": "way",
        "osm_id": 1267180740,
        "building": "yes",
        "origin_weight": 1.0
      },
      "geometry": {
        "type": "Point",
        "coordinates": [
          42.5179846,
          18.2128672
        ]
      }
    },
    {
      "type": "Feature",
      "properties": {
        "osm_type": "way",
        "osm_id": 1267180741,
        "building": "yes",
        "origin_weight": 1.0
      },
      "geometry": {
        "type": "Point",
        "coordinates": [
          42.5179311,
          18.2130035
        ]
      }
    },
    {
      "type": "Feature",
      "properties": {
        "osm_type": "way",
        "osm_id": 1267180742,
        "building": "yes",
        "origin_weight": 1.0
      },
      "geometry": {
        "type": "Point",
        "coordinates": [
          42.5178633,
          18.2131807
        ]
      }
    },
    {
      "type": "Feature",
      "properties": {
        "osm_type": "way",
        "osm_id": 1267180743,
        "building": "yes",
        "origin_weight": 1.0
      },
      "geometry": {
        "type": "Point",
        "coordinates": [
          42.5181424,
          18.2130235
        ]
      }
    },
    {
      "type": "Feature",
      "properties": {
        "osm_type": "way",
        "osm_id": 1267180744,
        "building": "yes",
        "origin_weight": 1.0
      },
      "geometry": {
        "type": "Point",
        "coordinates": [
          42.5181737,
          18.2128934
        ]
      }
    },
    {
      "type": "Feature",
      "properties": {
        "osm_type": "way",
        "osm_id": 1267180745,
        "building": "yes",
        "origin_weight": 1.0
      },
      "geometry": {
        "type": "Point",
        "coordinates": [
          42.518252,
          18.2126802
        ]
      }
    },
    {
      "type": "Feature",
      "properties": {
        "osm_type": "way",
        "osm_id": 1267180746,
        "building": "yes",
        "origin_weight": 1.0
      },
      "geometry": {
        "type": "Point",
        "coordinates": [
          42.5182729,
          18.2135215
        ]
      }
    },
    {
      "type": "Feature",
      "properties": {
        "osm_type": "way",
        "osm_id": 1267180747,
        "building": "yes",
        "origin_weight": 1.0
      },
      "geometry": {
        "type": "Point",
        "coordinates": [
          42.5182233,
          18.2136975
        ]
      }
    },
    {
      "type": "Feature",
      "properties": {
        "osm_type": "way",
        "osm_id": 1267180748,
        "building": "yes",
        "origin_weight": 1.0
      },
      "geometry": {
        "type": "Point",
        "coordinates": [
          42.5181685,
          18.2138635
        ]
      }
    },
    {
      "type": "Feature",
      "properties": {
        "osm_type": "way",
        "osm_id": 1267180749,
        "building": "yes",
        "origin_weight": 1.0
      },
      "geometry": {
        "type": "Point",
        "coordinates": [
          42.5181189,
          18.2140097
        ]
      }
    },
    {
      "type": "Feature",
      "properties": {
        "osm_type": "way",
        "osm_id": 1267180750,
        "building": "yes",
        "origin_weight": 1.0
      },
      "geometry": {
        "type": "Point",
        "coordinates": [
          42.5180276,
          18.2141931
        ]
      }
    },
    {
      "type": "Feature",
      "properties": {
        "osm_type": "way",
        "osm_id": 1267180751,
        "building": "yes",
        "origin_weight": 1.0
      },
      "geometry": {
        "type": "Point",
        "coordinates": [
          42.5181985,
          18.2142699
        ]
      }
    },
    {
      "type": "Feature",
      "properties": {
        "osm_type": "way",
        "osm_id": 1267180752,
        "building": "yes",
        "origin_weight": 1.0
      },
      "geometry": {
        "type": "Point",
        "coordinates": [
          42.5182833,
          18.2140407
        ]
      }
    },
    {
      "type": "Feature",
      "properties": {
        "osm_type": "way",
        "osm_id": 1267180753,
        "building": "yes",
        "origin_weight": 1.0
      },
      "geometry": {
        "type": "Point",
        "coordinates": [
          42.5183211,
          18.2138932
        ]
      }
    },
    {
      "type": "Feature",
      "properties": {
        "osm_type": "way",
        "osm_id": 1267180754,
        "building": "yes",
        "origin_weight": 1.0
      },
      "geometry": {
        "type": "Point",
        "coordinates": [
          42.5183837,
          18.2137073
        ]
      }
    },
    {
      "type": "Feature",
      "properties": {
        "osm_type": "way",
        "osm_id": 1267180755,
        "building": "yes",
        "origin_weight": 1.0
      },
      "geometry": {
        "type": "Point",
        "coordinates": [
          42.5184372,
          18.21356
        ]
      }
    },
    {
      "type": "Feature",
      "properties": {
        "osm_type": "way",
        "osm_id": 1267180756,
        "building": "yes",
        "origin_weight": 1.0
      },
      "geometry": {
        "type": "Point",
        "coordinates": [
          42.5186277,
          18.2139416
        ]
      }
    },
    {
      "type": "Feature",
      "properties": {
        "osm_type": "way",
        "osm_id": 1267180757,
        "building": "yes",
        "origin_weight": 1.0
      },
      "geometry": {
        "type": "Point",
        "coordinates": [
          42.5185455,
          18.214141
        ]
      }
    },
    {
      "type": "Feature",
      "properties": {
        "osm_type": "way",
        "osm_id": 1267180758,
        "building": "yes",
        "origin_weight": 1.0
      },
      "geometry": {
        "type": "Point",
        "coordinates": [
          42.5184842,
          18.2143034
        ]
      }
    },
    {
      "type": "Feature",
      "properties": {
        "osm_type": "way",
        "osm_id": 1267180759,
        "building": "yes",
        "origin_weight": 1.0
      },
      "geometry": {
        "type": "Point",
        "coordinates": [
          42.5186929,
          18.2143517
        ]
      }
    },
    {
      "type": "Feature",
      "properties": {
        "osm_type": "way",
        "osm_id": 1267180760,
        "building": "yes",
        "origin_weight": 1.0
      },
      "geometry": {
        "type": "Point",
        "coordinates": [
          42.5187294,
          18.2141893
        ]
      }
    },
    {
      "type": "Feature",
      "properties": {
        "osm_type": "way",
        "osm_id": 1267180761,
        "building": "yes",
        "origin_weight": 1.0
      },
      "geometry": {
        "type": "Point",
        "coordinates": [
          42.5187999,
          18.2139751
        ]
      }
    },
    {
      "type": "Feature",
      "properties": {
        "osm_type": "way",
        "osm_id": 1267180762,
        "building": "yes",
        "origin_weight": 1.0
      },
      "geometry": {
        "type": "Point",
        "coordinates": [
          42.5188729,
          18.213799
        ]
      }
    },
    {
      "type": "Feature",
      "properties": {
        "osm_type": "way",
        "osm_id": 1267180763,
        "building": "yes",
        "origin_weight": 1.0
      },
      "geometry": {
        "type": "Point",
        "coordinates": [
          42.5186577,
          18.2137358
        ]
      }
    },
    {
      "type": "Feature",
      "properties": {
        "osm_type": "way",
        "osm_id": 1267180764,
        "building": "yes",
        "origin_weight": 1.0
      },
      "geometry": {
        "type": "Point",
        "coordinates": [
          42.5187268,
          18.2135983
        ]
      }
    },
    {
      "type": "Feature",
      "properties": {
        "osm_type": "way",
        "osm_id": 1267180765,
        "building": "yes",
        "origin_weight": 1.0
      },
      "geometry": {
        "type": "Point",
        "coordinates": [
          42.5188246,
          18.2148065
        ]
      }
    },
    {
      "type": "Feature",
      "properties": {
        "osm_type": "way",
        "osm_id": 1267180766,
        "building": "yes",
        "origin_weight": 1.0
      },
      "geometry": {
        "type": "Point",
        "coordinates": [
          42.5190268,
          18.2148461
        ]
      }
    },
    {
      "type": "Feature",
      "properties": {
        "osm_type": "way",
        "osm_id": 1267180767,
        "building": "yes",
        "origin_weight": 1.0
      },
      "geometry": {
        "type": "Point",
        "coordinates": [
          42.5189068,
          18.2146281
        ]
      }
    },
    {
      "type": "Feature",
      "properties": {
        "osm_type": "way",
        "osm_id": 1267180768,
        "building": "yes",
        "origin_weight": 1.0
      },
      "geometry": {
        "type": "Point",
        "coordinates": [
          42.518976,
          18.2144186
        ]
      }
    },
    {
      "type": "Feature",
      "properties": {
        "osm_type": "way",
        "osm_id": 1267180769,
        "building": "yes",
        "origin_weight": 1.0
      },
      "geometry": {
        "type": "Point",
        "coordinates": [
          42.519456,
          18.2149725
        ]
      }
    },
    {
      "type": "Feature",
      "properties": {
        "osm_type": "way",
        "osm_id": 1267180770,
        "building": "yes",
        "origin_weight": 1.0
      },
      "geometry": {
        "type": "Point",
        "coordinates": [
          42.5178652,
          18.2146457
        ]
      }
    },
    {
      "type": "Feature",
      "properties": {
        "osm_type": "way",
        "osm_id": 1267180771,
        "building": "yes",
        "origin_weight": 1.0
      },
      "geometry": {
        "type": "Point",
        "coordinates": [
          42.5180524,
          18.2146701
        ]
      }
    },
    {
      "type": "Feature",
      "properties": {
        "osm_type": "way",
        "osm_id": 1267180772,
        "building": "yes",
        "origin_weight": 1.0
      },
      "geometry": {
        "type": "Point",
        "coordinates": [
          42.5183681,
          18.2147234
        ]
      }
    },
    {
      "type": "Feature",
      "properties": {
        "osm_type": "way",
        "osm_id": 1267180773,
        "building": "yes",
        "origin_weight": 1.0
      },
      "geometry": {
        "type": "Point",
        "coordinates": [
          42.5185442,
          18.2147606
        ]
      }
    },
    {
      "type": "Feature",
      "properties": {
        "osm_type": "way",
        "osm_id": 1267180774,
        "building": "yes",
        "origin_weight": 1.0
      },
      "geometry": {
        "type": "Point",
        "coordinates": [
          42.518612,
          18.2145834
        ]
      }
    },
    {
      "type": "Feature",
      "properties": {
        "osm_type": "way",
        "osm_id": 1267180775,
        "building": "yes",
        "origin_weight": 1.0
      },
      "geometry": {
        "type": "Point",
        "coordinates": [
          42.5179167,
          18.214462
        ]
      }
    },
    {
      "type": "Feature",
      "properties": {
        "osm_type": "way",
        "osm_id": 1267180776,
        "building": "yes",
        "origin_weight": 1.0
      },
      "geometry": {
        "type": "Point",
        "coordinates": [
          42.5177041,
          18.2144137
        ]
      }
    },
    {
      "type": "Feature",
      "properties": {
        "osm_type": "way",
        "osm_id": 1267180777,
        "building": "yes",
        "origin_weight": 1.0
      },
      "geometry": {
        "type": "Point",
        "coordinates": [
          42.5175006,
          18.2143876
        ]
      }
    },
    {
      "type": "Feature",
      "properties": {
        "osm_type": "way",
        "osm_id": 1267180778,
        "building": "yes",
        "origin_weight": 1.0
      },
      "geometry": {
        "type": "Point",
        "coordinates": [
          42.5174341,
          18.2145735
        ]
      }
    },
    {
      "type": "Feature",
      "properties": {
        "osm_type": "way",
        "osm_id": 1267180779,
        "building": "yes",
        "origin_weight": 1.0
      },
      "geometry": {
        "type": "Point",
        "coordinates": [
          42.517635,
          18.2145983
        ]
      }
    },
    {
      "type": "Feature",
      "properties": {
        "osm_type": "way",
        "osm_id": 1267180780,
        "building": "yes",
        "origin_weight": 1.0
      },
      "geometry": {
        "type": "Point",
        "coordinates": [
          42.5175136,
          18.2148609
        ]
      }
    },
    {
      "type": "Feature",
      "properties": {
        "osm_type": "way",
        "osm_id": 1267180781,
        "building": "yes",
        "origin_weight": 1.0
      },
      "geometry": {
        "type": "Point",
        "coordinates": [
          42.5178033,
          18.2148994
        ]
      }
    },
    {
      "type": "Feature",
      "properties": {
        "osm_type": "way",
        "osm_id": 1267180782,
        "building": "yes",
        "origin_weight": 1.0
      },
      "geometry": {
        "type": "Point",
        "coordinates": [
          42.5179885,
          18.2149415
        ]
      }
    },
    {
      "type": "Feature",
      "properties": {
        "osm_type": "way",
        "osm_id": 1267180783,
        "building": "yes",
        "origin_weight": 1.0
      },
      "geometry": {
        "type": "Point",
        "coordinates": [
          42.5182429,
          18.2149824
        ]
      }
    },
    {
      "type": "Feature",
      "properties": {
        "osm_type": "way",
        "osm_id": 1267180784,
        "building": "yes",
        "origin_weight": 1.0
      },
      "geometry": {
        "type": "Point",
        "coordinates": [
          42.5184137,
          18.2150158
        ]
      }
    },
    {
      "type": "Feature",
      "properties": {
        "osm_type": "way",
        "osm_id": 1267180785,
        "building": "yes",
        "origin_weight": 1.0
      },
      "geometry": {
        "type": "Point",
        "coordinates": [
          42.5180863,
          18.2152636
        ]
      }
    },
    {
      "type": "Feature",
      "properties": {
        "osm_type": "way",
        "osm_id": 1267180786,
        "building": "yes",
        "origin_weight": 1.0
      },
      "geometry": {
        "type": "Point",
        "coordinates": [
          42.5182755,
          18.2153392
        ]
      }
    },
    {
      "type": "Feature",
      "properties": {
        "osm_type": "way",
        "osm_id": 1267180787,
        "building": "yes",
        "origin_weight": 1.0
      },
      "geometry": {
        "type": "Point",
        "coordinates": [
          42.5187007,
          18.2150741
        ]
      }
    },
    {
      "type": "Feature",
      "properties": {
        "osm_type": "way",
        "osm_id": 1267180788,
        "building": "yes",
        "origin_weight": 1.0
      },
      "geometry": {
        "type": "Point",
        "coordinates": [
          42.5189016,
          18.2151063
        ]
      }
    },
    {
      "type": "Feature",
      "properties": {
        "osm_type": "way",
        "osm_id": 1267180789,
        "building": "yes",
        "origin_weight": 1.0
      },
      "geometry": {
        "type": "Point",
        "coordinates": [
          42.5186668,
          18.2152637
        ]
      }
    },
    {
      "type": "Feature",
      "properties": {
        "osm_type": "way",
        "osm_id": 1267180790,
        "building": "yes",
        "origin_weight": 1.0
      },
      "geometry": {
        "type": "Point",
        "coordinates": [
          42.5187411,
          18.2154954
        ]
      }
    },
    {
      "type": "Feature",
      "properties": {
        "osm_type": "way",
        "osm_id": 1267180791,
        "building": "yes",
        "origin_weight": 1.0
      },
      "geometry": {
        "type": "Point",
        "coordinates": [
          42.5184855,
          18.2157197
        ]
      }
    },
    {
      "type": "Feature",
      "properties": {
        "osm_type": "way",
        "osm_id": 1267180792,
        "building": "yes",
        "origin_weight": 1.0
      },
      "geometry": {
        "type": "Point",
        "coordinates": [
          42.5195382,
          18.2147742
        ]
      }
    },
    {
      "type": "Feature",
      "properties": {
        "osm_type": "way",
        "osm_id": 1267180793,
        "building": "yes",
        "origin_weight": 1.0
      },
      "geometry": {
        "type": "Point",
        "coordinates": [
          42.5191429,
          18.2144397
        ]
      }
    },
    {
      "type": "Feature",
      "properties": {
        "osm_type": "way",
        "osm_id": 1267180794,
        "building": "yes",
        "origin_weight": 1.0
      },
      "geometry": {
        "type": "Point",
        "coordinates": [
          42.5179311,
          18.2136628
        ]
      }
    },
    {
      "type": "Feature",
      "properties": {
        "osm_type": "way",
        "osm_id": 1267180795,
        "building": "yes",
        "origin_weight": 1.0
      },
      "geometry": {
        "type": "Point",
        "coordinates": [
          42.5177459,
          18.2136268
        ]
      }
    },
    {
      "type": "Feature",
      "properties": {
        "osm_type": "way",
        "osm_id": 1267180796,
        "building": "yes",
        "origin_weight": 1.0
      },
      "geometry": {
        "type": "Point",
        "coordinates": [
          42.5179898,
          18.2135005
        ]
      }
    },
    {
      "type": "Feature",
      "properties": {
        "osm_type": "way",
        "osm_id": 1267180797,
        "building": "yes",
        "origin_weight": 1.0
      },
      "geometry": {
        "type": "Point",
        "coordinates": [
          42.5175815,
          18.2141188
        ]
      }
    },
    {
      "type": "Feature",
      "properties": {
        "osm_type": "way",
        "osm_id": 1267180798,
        "building": "yes",
        "origin_weight": 1.0
      },
      "geometry": {
        "type": "Point",
        "coordinates": [
          42.5177524,
          18.214151
        ]
      }
    },
    {
      "type": "Feature",
      "properties": {
        "osm_type": "way",
        "osm_id": 1267180799,
        "building": "yes",
        "origin_weight": 1.0
      },
      "geometry": {
        "type": "Point",
        "coordinates": [
          42.5173728,
          18.2137768
        ]
      }
    },
    {
      "type": "Feature",
      "properties": {
        "osm_type": "way",
        "osm_id": 1267180800,
        "building": "yes",
        "origin_weight": 1.0
      },
      "geometry": {
        "type": "Point",
        "coordinates": [
          42.5172528,
          18.2135599
        ]
      }
    },
    {
      "type": "Feature",
      "properties": {
        "osm_type": "way",
        "osm_id": 1267180801,
        "building": "yes",
        "origin_weight": 1.0
      },
      "geometry": {
        "type": "Point",
        "coordinates": [
          42.5174967,
          18.2135835
        ]
      }
    },
    {
      "type": "Feature",
      "properties": {
        "osm_type": "way",
        "osm_id": 1267180802,
        "building": "yes",
        "origin_weight": 1.0
      },
      "geometry": {
        "type": "Point",
        "coordinates": [
          42.5173102,
          18.2133976
        ]
      }
    },
    {
      "type": "Feature",
      "properties": {
        "osm_type": "way",
        "osm_id": 1267180803,
        "building": "yes",
        "origin_weight": 1.0
      },
      "geometry": {
        "type": "Point",
        "coordinates": [
          42.5175254,
          18.2134236
        ]
      }
    },
    {
      "type": "Feature",
      "properties": {
        "osm_type": "way",
        "osm_id": 1267180804,
        "building": "yes",
        "origin_weight": 1.0
      },
      "geometry": {
        "type": "Point",
        "coordinates": [
          42.5171941,
          18.2137446
        ]
      }
    },
    {
      "type": "Feature",
      "properties": {
        "osm_type": "way",
        "osm_id": 1267180805,
        "building": "yes",
        "origin_weight": 1.0
      },
      "geometry": {
        "type": "Point",
        "coordinates": [
          42.5171367,
          18.2139267
        ]
      }
    },
    {
      "type": "Feature",
      "properties": {
        "osm_type": "way",
        "osm_id": 1267180806,
        "building": "yes",
        "origin_weight": 1.0
      },
      "geometry": {
        "type": "Point",
        "coordinates": [
          42.5170832,
          18.2141026
        ]
      }
    },
    {
      "type": "Feature",
      "properties": {
        "osm_type": "way",
        "osm_id": 1267180807,
        "building": "yes",
        "origin_weight": 1.0
      },
      "geometry": {
        "type": "Point",
        "coordinates": [
          42.5170245,
          18.2143133
        ]
      }
    },
    {
      "type": "Feature",
      "properties": {
        "osm_type": "way",
        "osm_id": 1267180808,
        "building": "yes",
        "origin_weight": 1.0
      },
      "geometry": {
        "type": "Point",
        "coordinates": [
          42.5169749,
          18.2144979
        ]
      }
    },
    {
      "type": "Feature",
      "properties": {
        "osm_type": "way",
        "osm_id": 1267180809,
        "building": "yes",
        "origin_weight": 1.0
      },
      "geometry": {
        "type": "Point",
        "coordinates": [
          42.5171876,
          18.2145301
        ]
      }
    },
    {
      "type": "Feature",
      "properties": {
        "osm_type": "way",
        "osm_id": 1267180810,
        "building": "yes",
        "origin_weight": 1.0
      },
      "geometry": {
        "type": "Point",
        "coordinates": [
          42.5172189,
          18.2143257
        ]
      }
    },
    {
      "type": "Feature",
      "properties": {
        "osm_type": "way",
        "osm_id": 1267180811,
        "building": "yes",
        "origin_weight": 1.0
      },
      "geometry": {
        "type": "Point",
        "coordinates": [
          42.5172789,
          18.2141324
        ]
      }
    },
    {
      "type": "Feature",
      "properties": {
        "osm_type": "way",
        "osm_id": 1267180812,
        "building": "yes",
        "origin_weight": 1.0
      },
      "geometry": {
        "type": "Point",
        "coordinates": [
          42.5173324,
          18.213954
        ]
      }
    },
    {
      "type": "Feature",
      "properties": {
        "osm_type": "way",
        "osm_id": 1267180813,
        "building": "yes",
        "origin_weight": 1.0
      },
      "geometry": {
        "type": "Point",
        "coordinates": [
          42.5169579,
          18.2150952
        ]
      }
    },
    {
      "type": "Feature",
      "properties": {
        "osm_type": "way",
        "osm_id": 1267180814,
        "building": "yes",
        "origin_weight": 1.0
      },
      "geometry": {
        "type": "Point",
        "coordinates": [
          42.5163814,
          18.2160567
        ]
      }
    },
    {
      "type": "Feature",
      "properties": {
        "osm_type": "way",
        "osm_id": 1267180815,
        "building": "yes",
        "origin_weight": 1.0
      },
      "geometry": {
        "type": "Point",
        "coordinates": [
          42.516294,
          18.2166899
        ]
      }
    },
    {
      "type": "Feature",
      "properties": {
        "osm_type": "way",
        "osm_id": 1267180816,
        "building": "yes",
        "origin_weight": 1.0
      },
      "geometry": {
        "type": "Point",
        "coordinates": [
          42.5162966,
          18.2162549
        ]
      }
    },
    {
      "type": "Feature",
      "properties": {
        "osm_type": "way",
        "osm_id": 1267180817,
        "building": "yes",
        "origin_weight": 1.0
      },
      "geometry": {
        "type": "Point",
        "coordinates": [
          42.520178,
          18.2139121
        ]
      }
    },
    {
      "type": "Feature",
      "properties": {
        "osm_type": "way",
        "osm_id": 1267180818,
        "building": "yes",
        "origin_weight": 1.0
      },
      "geometry": {
        "type": "Point",
        "coordinates": [
          42.5208398,
          18.214633
        ]
      }
    },
    {
      "type": "Feature",
      "properties": {
        "osm_type": "way",
        "osm_id": 1267180819,
        "building": "yes",
        "origin_weight": 1.0
      },
      "geometry": {
        "type": "Point",
        "coordinates": [
          42.5210971,
          18.2147047
        ]
      }
    },
    {
      "type": "Feature",
      "properties": {
        "osm_type": "way",
        "osm_id": 1267180820,
        "building": "yes",
        "origin_weight": 1.0
      },
      "geometry": {
        "type": "Point",
        "coordinates": [
          42.5211633,
          18.2145204
        ]
      }
    },
    {
      "type": "Feature",
      "properties": {
        "osm_type": "way",
        "osm_id": 1267180821,
        "building": "yes",
        "origin_weight": 1.0
      },
      "geometry": {
        "type": "Point",
        "coordinates": [
          42.5209923,
          18.2142789
        ]
      }
    },
    {
      "type": "Feature",
      "properties": {
        "osm_type": "way",
        "osm_id": 1267180822,
        "building": "yes",
        "origin_weight": 1.0
      },
      "geometry": {
        "type": "Point",
        "coordinates": [
          42.5207782,
          18.2144092
        ]
      }
    },
    {
      "type": "Feature",
      "properties": {
        "osm_type": "way",
        "osm_id": 1267180823,
        "building": "yes",
        "origin_weight": 1.0
      },
      "geometry": {
        "type": "Point",
        "coordinates": [
          42.5201666,
          18.215094
        ]
      }
    },
    {
      "type": "Feature",
      "properties": {
        "osm_type": "way",
        "osm_id": 1267180824,
        "building": "yes",
        "origin_weight": 1.0
      },
      "geometry": {
        "type": "Point",
        "coordinates": [
          42.5200665,
          18.2152901
        ]
      }
    },
    {
      "type": "Feature",
      "properties": {
        "osm_type": "way",
        "osm_id": 1267180825,
        "building": "yes",
        "origin_weight": 1.0
      },
      "geometry": {
        "type": "Point",
        "coordinates": [
          42.5198277,
          18.2154393
        ]
      }
    },
    {
      "type": "Feature",
      "properties": {
        "osm_type": "way",
        "osm_id": 1267180826,
        "building": "yes",
        "origin_weight": 1.0
      },
      "geometry": {
        "type": "Point",
        "coordinates": [
          42.5200033,
          18.2154993
        ]
      }
    },
    {
      "type": "Feature",
      "properties": {
        "osm_type": "way",
        "osm_id": 1267180827,
        "building": "yes",
        "origin_weight": 1.0
      },
      "geometry": {
        "type": "Point",
        "coordinates": [
          42.519763,
          18.2156647
        ]
      }
    },
    {
      "type": "Feature",
      "properties": {
        "osm_type": "way",
        "osm_id": 1267180828,
        "building": "yes",
        "origin_weight": 1.0
      },
      "geometry": {
        "type": "Point",
        "coordinates": [
          42.5196428,
          18.2160261
        ]
      }
    },
    {
      "type": "Feature",
      "properties": {
        "osm_type": "way",
        "osm_id": 1267180829,
        "building": "yes",
        "origin_weight": 1.0
      },
      "geometry": {
        "type": "Point",
        "coordinates": [
          42.5196983,
          18.2158461
        ]
      }
    },
    {
      "type": "Feature",
      "properties": {
        "osm_type": "way",
        "osm_id": 1267180830,
        "building": "yes",
        "origin_weight": 1.0
      },
      "geometry": {
        "type": "Point",
        "coordinates": [
          42.5195797,
          18.2162017
        ]
      }
    },
    {
      "type": "Feature",
      "properties": {
        "osm_type": "way",
        "osm_id": 1267180831,
        "building": "yes",
        "origin_weight": 1.0
      },
      "geometry": {
        "type": "Point",
        "coordinates": [
          42.519763,
          18.2162602
        ]
      }
    },
    {
      "type": "Feature",
      "properties": {
        "osm_type": "way",
        "osm_id": 1267180832,
        "building": "yes",
        "origin_weight": 1.0
      },
      "geometry": {
        "type": "Point",
        "coordinates": [
          42.5195026,
          18.2164505
        ]
      }
    },
    {
      "type": "Feature",
      "properties": {
        "osm_type": "way",
        "osm_id": 1267180833,
        "building": "yes",
        "origin_weight": 1.0
      },
      "geometry": {
        "type": "Point",
        "coordinates": [
          42.5194441,
          18.216648
        ]
      }
    },
    {
      "type": "Feature",
      "properties": {
        "osm_type": "way",
        "osm_id": 1267180834,
        "building": "yes",
        "origin_weight": 1.0
      },
      "geometry": {
        "type": "Point",
        "coordinates": [
          42.5196228,
          18.2166992
        ]
      }
    },
    {
      "type": "Feature",
      "properties": {
        "osm_type": "way",
        "osm_id": 1267180835,
        "building": "yes",
        "origin_weight": 1.0
      },
      "geometry": {
        "type": "Point",
        "coordinates": [
          42.5198462,
          18.2167739
        ]
      }
    },
    {
      "type": "Feature",
      "properties": {
        "osm_type": "way",
        "osm_id": 1267180836,
        "building": "yes",
        "origin_weight": 1.0
      },
      "geometry": {
        "type": "Point",
        "coordinates": [
          42.5198832,
          18.2165939
        ]
      }
    },
    {
      "type": "Feature",
      "properties": {
        "osm_type": "way",
        "osm_id": 1267180837,
        "building": "yes",
        "origin_weight": 1.0
      },
      "geometry": {
        "type": "Point",
        "coordinates": [
          42.5200942,
          18.2166787
        ]
      }
    },
    {
      "type": "Feature",
      "properties": {
        "osm_type": "way",
        "osm_id": 1267180838,
        "building": "yes",
        "origin_weight": 1.0
      },
      "geometry": {
        "type": "Point",
        "coordinates": [
          42.5200172,
          18.2168442
        ]
      }
    },
    {
      "type": "Feature",
      "properties": {
        "osm_type": "way",
        "osm_id": 1267180839,
        "building": "yes",
        "origin_weight": 1.0
      },
      "geometry": {
        "type": "Point",
        "coordinates": [
          42.519213,
          18.2165135
        ]
      }
    },
    {
      "type": "Feature",
      "properties": {
        "osm_type": "way",
        "osm_id": 1267180840,
        "building": "yes",
        "origin_weight": 1.0
      },
      "geometry": {
        "type": "Point",
        "coordinates": [
          42.5189635,
          18.2164169
        ]
      }
    },
    {
      "type": "Feature",
      "properties": {
        "osm_type": "way",
        "osm_id": 1267180841,
        "building": "yes",
        "origin_weight": 1.0
      },
      "geometry": {
        "type": "Point",
        "coordinates": [
          42.5187694,
          18.2163787
        ]
      }
    },
    {
      "type": "Feature",
      "properties": {
        "osm_type": "way",
        "osm_id": 1267180842,
        "building": "yes",
        "origin_weight": 1.0
      },
      "geometry": {
        "type": "Point",
        "coordinates": [
          42.5188341,
          18.2161958
        ]
      }
    },
    {
      "type": "Feature",
      "properties": {
        "osm_type": "way",
        "osm_id": 1267180843,
        "building": "yes",
        "origin_weight": 1.0
      },
      "geometry": {
        "type": "Point",
        "coordinates": [
          42.5190651,
          18.2160467
        ]
      }
    },
    {
      "type": "Feature",
      "properties": {
        "osm_type": "way",
        "osm_id": 1267180844,
        "building": "yes",
        "origin_weight": 1.0
      },
      "geometry": {
        "type": "Point",
        "coordinates": [
          42.5191157,
          18.2156314
        ]
      }
    },
    {
      "type": "Feature",
      "properties": {
        "osm_type": "way",
        "osm_id": 1267180845,
        "building": "yes",
        "origin_weight": 1.0
      },
      "geometry": {
        "type": "Point",
        "coordinates": [
          42.518526,
          18.2160407
        ]
      }
    },
    {
      "type": "Feature",
      "properties": {
        "osm_type": "way",
        "osm_id": 1267180846,
        "building": "yes",
        "origin_weight": 1.0
      },
      "geometry": {
        "type": "Point",
        "coordinates": [
          42.5173475,
          18.2157218
        ]
      }
    },
    {
      "type": "Feature",
      "properties": {
        "osm_type": "way",
        "osm_id": 1267180847,
        "building": "yes",
        "origin_weight": 1.0
      },
      "geometry": {
        "type": "Point",
        "coordinates": [
          42.5171225,
          18.2155871
        ]
      }
    },
    {
      "type": "Feature",
      "properties": {
        "osm_type": "way",
        "osm_id": 1267180848,
        "building": "yes",
        "origin_weight": 1.0
      },
      "geometry": {
        "type": "Point",
        "coordinates": [
          42.5168376,
          18.2157876
        ]
      }
    },
    {
      "type": "Feature",
      "properties": {
        "osm_type": "way",
        "osm_id": 1267180849,
        "building": "yes",
        "origin_weight": 1.0
      },
      "geometry": {
        "type": "Point",
        "coordinates": [
          42.5165156,
          18.2157906
        ]
      }
    },
    {
      "type": "Feature",
      "properties": {
        "osm_type": "way",
        "osm_id": 1267180850,
        "building": "yes",
        "origin_weight": 1.0
      },
      "geometry": {
        "type": "Point",
        "coordinates": [
          42.5166435,
          18.2159281
        ]
      }
    },
    {
      "type": "Feature",
      "properties": {
        "osm_type": "way",
        "osm_id": 1267180851,
        "building": "yes",
        "origin_weight": 1.0
      },
      "geometry": {
        "type": "Point",
        "coordinates": [
          42.5173999,
          18.2106144
        ]
      }
    },
    {
      "type": "Feature",
      "properties": {
        "osm_type": "way",
        "osm_id": 1267180852,
        "building": "yes",
        "origin_weight": 1.0
      },
      "geometry": {
        "type": "Point",
        "coordinates": [
          42.5173064,
          18.2108887
        ]
      }
    },
    {
      "type": "Feature",
      "properties": {
        "osm_type": "way",
        "osm_id": 1267180853,
        "building": "yes",
        "origin_weight": 1.0
      },
      "geometry": {
        "type": "Point",
        "coordinates": [
          42.5203082,
          18.2171776
        ]
      }
    },
    {
      "type": "Feature",
      "properties": {
        "osm_type": "way",
        "osm_id": 1267180854,
        "building": "yes",
        "origin_weight": 1.0
      },
      "geometry": {
        "type": "Point",
        "coordinates": [
          42.5203623,
          18.216971
        ]
      }
    },
    {
      "type": "Feature",
      "properties": {
        "osm_type": "way",
        "osm_id": 1267180855,
        "building": "yes",
        "origin_weight": 1.0
      },
      "geometry": {
        "type": "Point",
        "coordinates": [
          42.5205887,
          18.2170119
        ]
      }
    },
    {
      "type": "Feature",
      "properties": {
        "osm_type": "way",
        "osm_id": 1267180856,
        "building": "yes",
        "origin_weight": 1.0
      },
      "geometry": {
        "type": "Point",
        "coordinates": [
          42.5205257,
          18.2172563
        ]
      }
    },
    {
      "type": "Feature",
      "properties": {
        "osm_type": "way",
        "osm_id": 1267180857,
        "building": "yes",
        "origin_weight": 1.0
      },
      "geometry": {
        "type": "Point",
        "coordinates": [
          42.5206947,
          18.2173402
        ]
      }
    },
    {
      "type": "Feature",
      "properties": {
        "osm_type": "way",
        "osm_id": 1267180858,
        "building": "yes",
        "origin_weight": 1.0
      },
      "geometry": {
        "type": "Point",
        "coordinates": [
          42.5208924,
          18.2174012
        ]
      }
    },
    {
      "type": "Feature",
      "properties": {
        "osm_type": "way",
        "osm_id": 1267180859,
        "building": "yes",
        "origin_weight": 1.0
      },
      "geometry": {
        "type": "Point",
        "coordinates": [
          42.5209742,
          18.2171861
        ]
      }
    },
    {
      "type": "Feature",
      "properties": {
        "osm_type": "way",
        "osm_id": 1267180860,
        "building": "yes",
        "origin_weight": 1.0
      },
      "geometry": {
        "type": "Point",
        "coordinates": [
          42.5207952,
          18.2170791
        ]
      }
    },
    {
      "type": "Feature",
      "properties": {
        "osm_type": "way",
        "osm_id": 1267180861,
        "building": "yes",
        "origin_weight": 1.0
      },
      "geometry": {
        "type": "Point",
        "coordinates": [
          42.5208018,
          18.2167758
        ]
      }
    },
    {
      "type": "Feature",
      "properties": {
        "osm_type": "way",
        "osm_id": 1267180862,
        "building": "yes",
        "origin_weight": 1.0
      },
      "geometry": {
        "type": "Point",
        "coordinates": [
          42.5210095,
          18.2167968
        ]
      }
    },
    {
      "type": "Feature",
      "properties": {
        "osm_type": "way",
        "osm_id": 1267180863,
        "building": "yes",
        "origin_weight": 1.0
      },
      "geometry": {
        "type": "Point",
        "coordinates": [
          42.5212382,
          18.2166772
        ]
      }
    },
    {
      "type": "Feature",
      "properties": {
        "osm_type": "way",
        "osm_id": 1267180864,
        "building": "yes",
        "origin_weight": 1.0
      },
      "geometry": {
        "type": "Point",
        "coordinates": [
          42.5205644,
          18.2165366
        ]
      }
    },
    {
      "type": "Feature",
      "properties": {
        "osm_type": "way",
        "osm_id": 1267180865,
        "building": "yes",
        "origin_weight": 1.0
      },
      "geometry": {
        "type": "Point",
        "coordinates": [
          42.5207555,
          18.2165681
        ]
      }
    },
    {
      "type": "Feature",
      "properties": {
        "osm_type": "way",
        "osm_id": 1267180866,
        "building": "yes",
        "origin_weight": 1.0
      },
      "geometry": {
        "type": "Point",
        "coordinates": [
          42.5206218,
          18.2163393
        ]
      }
    },
    {
      "type": "Feature",
      "properties": {
        "osm_type": "way",
        "osm_id": 1267180867,
        "building": "yes",
        "origin_weight": 1.0
      },
      "geometry": {
        "type": "Point",
        "coordinates": [
          42.5207143,
          18.2160608
        ]
      }
    },
    {
      "type": "Feature",
      "properties": {
        "osm_type": "way",
        "osm_id": 1267180868,
        "building": "yes",
        "origin_weight": 1.0
      },
      "geometry": {
        "type": "Point",
        "coordinates": [
          42.5207908,
          18.2157843
        ]
      }
    },
    {
      "type": "Feature",
      "properties": {
        "osm_type": "way",
        "osm_id": 1267180869,
        "building": "yes",
        "origin_weight": 1.0
      },
      "geometry": {
        "type": "Point",
        "coordinates": [
          42.5209996,
          18.2158168
        ]
      }
    },
    {
      "type": "Feature",
      "properties": {
        "osm_type": "way",
        "osm_id": 1267180870,
        "building": "yes",
        "origin_weight": 1.0
      },
      "geometry": {
        "type": "Point",
        "coordinates": [
          42.5211984,
          18.2158589
        ]
      }
    },
    {
      "type": "Feature",
      "properties": {
        "osm_type": "way",
        "osm_id": 1267180871,
        "building": "yes",
        "origin_weight": 1.0
      },
      "geometry": {
        "type": "Point",
        "coordinates": [
          42.5191241,
          18.2175626
        ]
      }
    },
    {
      "type": "Feature",
      "properties": {
        "osm_type": "way",
        "osm_id": 1267180872,
        "building": "yes",
        "origin_weight": 1.0
      },
      "geometry": {
        "type": "Point",
        "coordinates": [
          42.5192986,
          18.2176257
        ]
      }
    },
    {
      "type": "Feature",
      "properties": {
        "osm_type": "way",
        "osm_id": 1267180873,
        "building": "yes",
        "origin_weight": 1.0
      },
      "geometry": {
        "type": "Point",
        "coordinates": [
          42.5192026,
          18.2173928
        ]
      }
    },
    {
      "type": "Feature",
      "properties": {
        "osm_type": "way",
        "osm_id": 1267180874,
        "building": "yes",
        "origin_weight": 1.0
      },
      "geometry": {
        "type": "Point",
        "coordinates": [
          42.5188921,
          18.2174326
        ]
      }
    },
    {
      "type": "Feature",
      "properties": {
        "osm_type": "way",
        "osm_id": 1267180875,
        "building": "yes",
        "origin_weight": 1.0
      },
      "geometry": {
        "type": "Point",
        "coordinates": [
          42.5190424,
          18.2169625
        ]
      }
    },
    {
      "type": "Feature",
      "properties": {
        "osm_type": "way",
        "osm_id": 1267180876,
        "building": "yes",
        "origin_weight": 1.0
      },
      "geometry": {
        "type": "Point",
        "coordinates": [
          42.5188137,
          18.2168723
        ]
      }
    },
    {
      "type": "Feature",
      "properties": {
        "osm_type": "way",
        "osm_id": 1267180877,
        "building": "yes",
        "origin_weight": 1.0
      },
      "geometry": {
        "type": "Point",
        "coordinates": [
          42.5185906,
          18.2174126
        ]
      }
    },
    {
      "type": "Feature",
      "properties": {
        "osm_type": "way",
        "osm_id": 1267180878,
        "building": "yes",
        "origin_weight": 1.0
      },
      "geometry": {
        "type": "Point",
        "coordinates": [
          42.5185211,
          18.2176645
        ]
      }
    },
    {
      "type": "Feature",
      "properties": {
        "osm_type": "way",
        "osm_id": 1267180879,
        "building": "yes",
        "origin_weight": 1.0
      },
      "geometry": {
        "type": "Point",
        "coordinates": [
          42.5173585,
          18.2172282
        ]
      }
    },
    {
      "type": "Feature",
      "properties": {
        "osm_type": "way",
        "osm_id": 1267180880,
        "building": "yes",
        "origin_weight": 1.0
      },
      "geometry": {
        "type": "Point",
        "coordinates": [
          42.5170715,
          18.2172134
        ]
      }
    },
    {
      "type": "Feature",
      "properties": {
        "osm_type": "way",
        "osm_id": 1267180881,
        "building": "yes",
        "origin_weight": 1.0
      },
      "geometry": {
        "type": "Point",
        "coordinates": [
          42.5176064,
          18.2172469
        ]
      }
    },
    {
      "type": "Feature",
      "properties": {
        "osm_type": "way",
        "osm_id": 1267180882,
        "building": "yes",
        "origin_weight": 1.0
      },
      "geometry": {
        "type": "Point",
        "coordinates": [
          42.5180342,
          18.2172097
        ]
      }
    },
    {
      "type": "Feature",
      "properties": {
        "osm_type": "way",
        "osm_id": 1267180883,
        "building": "yes",
        "origin_weight": 1.0
      },
      "geometry": {
        "type": "Point",
        "coordinates": [
          42.5177686,
          18.2170191
        ]
      }
    },
    {
      "type": "Feature",
      "properties": {
        "osm_type": "way",
        "osm_id": 1267180884,
        "building": "yes",
        "origin_weight": 1.0
      },
      "geometry": {
        "type": "Point",
        "coordinates": [
          42.5182181,
          18.2171254
        ]
      }
    },
    {
      "type": "Feature",
      "properties": {
        "osm_type": "way",
        "osm_id": 1267180885,
        "building": "yes",
        "origin_weight": 1.0
      },
      "geometry": {
        "type": "Point",
        "coordinates": [
          42.5169592,
          18.2181496
        ]
      }
    },
    {
      "type": "Feature",
      "properties": {
        "osm_type": "way",
        "osm_id": 1267180886,
        "building": "yes",
        "origin_weight": 1.0
      },
      "geometry": {
        "type": "Point",
        "coordinates": [
          42.5157615,
          18.2186554
        ]
      }
    },
    {
      "type": "Feature",
      "properties": {
        "osm_type": "way",
        "osm_id": 1267180887,
        "building": "yes",
        "origin_weight": 1.0
      },
      "geometry": {
        "type": "Point",
        "coordinates": [
          42.5152106,
          18.2152557
        ]
      }
    },
    {
      "type": "Feature",
      "properties": {
        "osm_type": "way",
        "osm_id": 1267180891,
        "building": "yes",
        "origin_weight": 1.0
      },
      "geometry": {
        "type": "Point",
        "coordinates": [
          42.5166458,
          18.216246
        ]
      }
    },
    {
      "type": "Feature",
      "properties": {
        "osm_type": "way",
        "osm_id": 1267180892,
        "building": "yes",
        "origin_weight": 1.0
      },
      "geometry": {
        "type": "Point",
        "coordinates": [
          42.5170826,
          18.2164528
        ]
      }
    },
    {
      "type": "Feature",
      "properties": {
        "osm_type": "way",
        "osm_id": 1267180893,
        "building": "yes",
        "origin_weight": 1.0
      },
      "geometry": {
        "type": "Point",
        "coordinates": [
          42.5172525,
          18.2162365
        ]
      }
    },
    {
      "type": "Feature",
      "properties": {
        "osm_type": "way",
        "osm_id": 1267180894,
        "building": "yes",
        "origin_weight": 1.0
      },
      "geometry": {
        "type": "Point",
        "coordinates": [
          42.5175759,
          18.2160645
        ]
      }
    },
    {
      "type": "Feature",
      "properties": {
        "osm_type": "way",
        "osm_id": 1267180895,
        "building": "yes",
        "origin_weight": 1.0
      },
      "geometry": {
        "type": "Point",
        "coordinates": [
          42.5179604,
          18.2162398
        ]
      }
    },
    {
      "type": "Feature",
      "properties": {
        "osm_type": "way",
        "osm_id": 1267180896,
        "building": "yes",
        "origin_weight": 1.0
      },
      "geometry": {
        "type": "Point",
        "coordinates": [
          42.516886,
          18.2160645
        ]
      }
    },
    {
      "type": "Feature",
      "properties": {
        "osm_type": "way",
        "osm_id": 1267180897,
        "building": "yes",
        "origin_weight": 1.0
      },
      "geometry": {
        "type": "Point",
        "coordinates": [
          42.5173701,
          18.2152613
        ]
      }
    },
    {
      "type": "Feature",
      "properties": {
        "osm_type": "way",
        "osm_id": 1267180898,
        "building": "yes",
        "origin_weight": 1.0
      },
      "geometry": {
        "type": "Point",
        "coordinates": [
          42.5178523,
          18.2151953
        ]
      }
    },
    {
      "type": "Feature",
      "properties": {
        "osm_type": "way",
        "osm_id": 1267180899,
        "building": "yes",
        "origin_weight": 1.0
      },
      "geometry": {
        "type": "Point",
        "coordinates": [
          42.5170481,
          18.2147691
        ]
      }
    },
    {
      "type": "Feature",
      "properties": {
        "osm_type": "way",
        "osm_id": 983800962,
        "building": "yes",
        "origin_weight": 1.0
      },
      "geometry": {
        "type": "Point",
        "coordinates": [
          42.5015648,
          18.2630647
        ]
      }
    },
    {
      "type": "Feature",
      "properties": {
        "osm_type": "way",
        "osm_id": 983800963,
        "building": "yes",
        "origin_weight": 1.0
      },
      "geometry": {
        "type": "Point",
        "coordinates": [
          42.5014445,
          18.2625135
        ]
      }
    },
    {
      "type": "Feature",
      "properties": {
        "osm_type": "way",
        "osm_id": 983800964,
        "building": "yes",
        "origin_weight": 1.0
      },
      "geometry": {
        "type": "Point",
        "coordinates": [
          42.5011507,
          18.2628999
        ]
      }
    },
    {
      "type": "Feature",
      "properties": {
        "osm_type": "way",
        "osm_id": 983800965,
        "building": "yes",
        "origin_weight": 1.0
      },
      "geometry": {
        "type": "Point",
        "coordinates": [
          42.5011714,
          18.263473
        ]
      }
    },
    {
      "type": "Feature",
      "properties": {
        "osm_type": "way",
        "osm_id": 591404537,
        "building": "yes",
        "origin_weight": 1.0
      },
      "geometry": {
        "type": "Point",
        "coordinates": [
          42.7012427,
          18.196675
        ]
      }
    },
    {
      "type": "Feature",
      "properties": {
        "osm_type": "way",
        "osm_id": 591413342,
        "building": "yes",
        "origin_weight": 1.0
      },
      "geometry": {
        "type": "Point",
        "coordinates": [
          42.7002233,
          18.1887944
        ]
      }
    },
    {
      "type": "Feature",
      "properties": {
        "osm_type": "way",
        "osm_id": 591449185,
        "building": "yes",
        "origin_weight": 1.0
      },
      "geometry": {
        "type": "Point",
        "coordinates": [
          42.7044421,
          18.1902926
        ]
      }
    },
    {
      "type": "Feature",
      "properties": {
        "osm_type": "way",
        "osm_id": 591449199,
        "building": "yes",
        "origin_weight": 1.0
      },
      "geometry": {
        "type": "Point",
        "coordinates": [
          42.6862127,
          18.1886296
        ]
      }
    },
    {
      "type": "Feature",
      "properties": {
        "osm_type": "way",
        "osm_id": 409210404,
        "building": "yes",
        "origin_weight": 1.0
      },
      "geometry": {
        "type": "Point",
        "coordinates": [
          42.6749602,
          18.2839272
        ]
      }
    },
    {
      "type": "Feature",
      "properties": {
        "osm_type": "way",
        "osm_id": 553864211,
        "building": "yes",
        "origin_weight": 1.0
      },
      "geometry": {
        "type": "Point",
        "coordinates": [
          42.604916,
          18.2401
        ]
      }
    },
    {
      "type": "Feature",
      "properties": {
        "osm_type": "way",
        "osm_id": 634395524,
        "building": "yes",
        "origin_weight": 1.0
      },
      "geometry": {
        "type": "Point",
        "coordinates": [
          42.6072717,
          18.2377161
        ]
      }
    },
    {
      "type": "Feature",
      "properties": {
        "osm_type": "way",
        "osm_id": 634396007,
        "building": "yes",
        "origin_weight": 1.0
      },
      "geometry": {
        "type": "Point",
        "coordinates": [
          42.6097463,
          18.2369085
        ]
      }
    },
    {
      "type": "Feature",
      "properties": {
        "osm_type": "way",
        "osm_id": 857300348,
        "building": "yes",
        "origin_weight": 1.0
      },
      "geometry": {
        "type": "Point",
        "coordinates": [
          42.6728511,
          18.2844909
        ]
      }
    },
    {
      "type": "Feature",
      "properties": {
        "osm_type": "way",
        "osm_id": 1133059240,
        "building": "yes",
        "origin_weight": 1.0
      },
      "geometry": {
        "type": "Point",
        "coordinates": [
          42.6369173,
          18.2586195
        ]
      }
    },
    {
      "type": "Feature",
      "properties": {
        "osm_type": "way",
        "osm_id": 1543055097,
        "building": "yes",
        "origin_weight": 1.0
      },
      "geometry": {
        "type": "Point",
        "coordinates": [
          42.60076,
          18.247645
        ]
      }
    },
    {
      "type": "Feature",
      "properties": {
        "osm_type": "way",
        "osm_id": 540863582,
        "building": "yes",
        "origin_weight": 1.0
      },
      "geometry": {
        "type": "Point",
        "coordinates": [
          42.7239875,
          18.3046575
        ]
      }
    },
    {
      "type": "Feature",
      "properties": {
        "osm_type": "way",
        "osm_id": 540863626,
        "building": "yes",
        "origin_weight": 1.0
      },
      "geometry": {
        "type": "Point",
        "coordinates": [
          42.7306973,
          18.3090098
        ]
      }
    },
    {
      "type": "Feature",
      "properties": {
        "osm_type": "way",
        "osm_id": 540863657,
        "building": "yes",
        "origin_weight": 1.0
      },
      "geometry": {
        "type": "Point",
        "coordinates": [
          42.7308315,
          18.3062248
        ]
      }
    },
    {
      "type": "Feature",
      "properties": {
        "osm_type": "way",
        "osm_id": 540863658,
        "building": "yes",
        "origin_weight": 1.0
      },
      "geometry": {
        "type": "Point",
        "coordinates": [
          42.7307623,
          18.3044146
        ]
      }
    },
    {
      "type": "Feature",
      "properties": {
        "osm_type": "way",
        "osm_id": 540863667,
        "building": "yes",
        "origin_weight": 1.0
      },
      "geometry": {
        "type": "Point",
        "coordinates": [
          42.7144753,
          18.3043068
        ]
      }
    },
    {
      "type": "Feature",
      "properties": {
        "osm_type": "way",
        "osm_id": 540863671,
        "building": "yes",
        "origin_weight": 1.0
      },
      "geometry": {
        "type": "Point",
        "coordinates": [
          42.7126757,
          18.3065612
        ]
      }
    },
    {
      "type": "Feature",
      "properties": {
        "osm_type": "way",
        "osm_id": 540863672,
        "building": "yes",
        "origin_weight": 1.0
      },
      "geometry": {
        "type": "Point",
        "coordinates": [
          42.7135027,
          18.3064561
        ]
      }
    },
    {
      "type": "Feature",
      "properties": {
        "osm_type": "way",
        "osm_id": 540863676,
        "building": "yes",
        "origin_weight": 1.0
      },
      "geometry": {
        "type": "Point",
        "coordinates": [
          42.7146886,
          18.3055623
        ]
      }
    },
    {
      "type": "Feature",
      "properties": {
        "osm_type": "way",
        "osm_id": 540863677,
        "building": "yes",
        "origin_weight": 1.0
      },
      "geometry": {
        "type": "Point",
        "coordinates": [
          42.7139764,
          18.3063742
        ]
      }
    },
    {
      "type": "Feature",
      "properties": {
        "osm_type": "way",
        "osm_id": 540863678,
        "building": "yes",
        "origin_weight": 1.0
      },
      "geometry": {
        "type": "Point",
        "coordinates": [
          42.7169966,
          18.3061095
        ]
      }
    },
    {
      "type": "Feature",
      "properties": {
        "osm_type": "way",
        "osm_id": 540880821,
        "building": "yes",
        "origin_weight": 1.0
      },
      "geometry": {
        "type": "Point",
        "coordinates": [
          42.680736,
          18.3026239
        ]
      }
    },
    {
      "type": "Feature",
      "properties": {
        "osm_type": "way",
        "osm_id": 1073654500,
        "building": "yes",
        "origin_weight": 1.0
      },
      "geometry": {
        "type": "Point",
        "coordinates": [
          42.7236962,
          18.3032371
        ]
      }
    },
    {
      "type": "Feature",
      "properties": {
        "osm_type": "way",
        "osm_id": 1073654501,
        "building": "yes",
        "origin_weight": 1.0
      },
      "geometry": {
        "type": "Point",
        "coordinates": [
          42.7235213,
          18.303224
        ]
      }
    },
    {
      "type": "Feature",
      "properties": {
        "osm_type": "way",
        "osm_id": 1073654502,
        "building": "yes",
        "origin_weight": 1.0
      },
      "geometry": {
        "type": "Point",
        "coordinates": [
          42.7245204,
          18.3037382
        ]
      }
    },
    {
      "type": "Feature",
      "properties": {
        "osm_type": "way",
        "osm_id": 1073654503,
        "building": "yes",
        "origin_weight": 1.0
      },
      "geometry": {
        "type": "Point",
        "coordinates": [
          42.7251782,
          18.3037687
        ]
      }
    },
    {
      "type": "Feature",
      "properties": {
        "osm_type": "way",
        "osm_id": 1073654504,
        "building": "yes",
        "origin_weight": 1.0
      },
      "geometry": {
        "type": "Point",
        "coordinates": [
          42.7245524,
          18.3030948
        ]
      }
    },
    {
      "type": "Feature",
      "properties": {
        "osm_type": "way",
        "osm_id": 1073654505,
        "building": "yes",
        "origin_weight": 1.0
      },
      "geometry": {
        "type": "Point",
        "coordinates": [
          42.7257249,
          18.303278
        ]
      }
    },
    {
      "type": "Feature",
      "properties": {
        "osm_type": "way",
        "osm_id": 1469875902,
        "building": "transportation",
        "origin_weight": 1.0
      },
      "geometry": {
        "type": "Point",
        "coordinates": [
          42.7334432,
          18.3155397
        ]
      }
    }
  ]
}