{
"type": "FeatureCollection",
"name": "streets",
"crs": { "type": "name", "properties": { "name": "urn:ogc:def:crs:OGC:1.3:CRS84" } },
"features": [
{"type":"Feature","properties":{},"geometry":{"type":"LineString","coordinates":[[46.6338402,24.7353165],[46.6337071,24.7354265]]}},
{"type":"Feature","properties":{},"geometry":{"type":"LineString","coordinates":[[46.6334397,24.7352999],[46.6337071,24.7354265]]}},
{"type":"Feature","properties":{},"geometry":{"type":"LineString","coordinates":[[46.6335104,24.7356125],[46.6336263,24.7355029],[46.6337071,24.7354265]]}},
{"type":"Feature","properties":{},"geometry":{"type":"LineString","coordinates":[[46.6347703,24.7358812],[46.6338292,24.7354767],[46.6337071,24.7354265]]}},
{"type":"Feature","properties":{},"geometry":{"type":"LineString","coordinates":[[46.6407088,24.7385033],[46.640837,24.738533],[46.6412243,24.7386669],[46.6415435,24.7387517]]}},
{"type":"Feature","properties":{},"geometry":{"type":"LineString","coordinates":[[46.6347703,24.7358812],[46.6366086,24.7366348],[46.6380884,24.7372732],[46.6392522,24.7377553],[46.6415435,24.7387517]]}},
{"type":"Feature","properties":{},"geometry":{"type":"LineString","coordinates":[[46.6325495,24.7347963],[46.6326585,24.7346788]]}},
{"type":"Feature","properties":{},"geometry":{"type":"LineString","coordinates":[[46.6331986,24.735015],[46.6329839,24.734865],[46.6326585,24.7346788]]}},
{"type":"Feature","properties":{},"geometry":{"type":"LineString","coordinates":[[46.6328769,24.735011],[46.6326236,24.7348443],[46.6325495,24.7347963]]}},
{"type":"Feature","properties":{},"geometry":{"type":"LineString","coordinates":[[46.6347049,24.7341767],[46.6337824,24.734932]]}},
{"type":"Feature","properties":{},"geometry":{"type":"LineString","coordinates":[[46.6331986,24.735015],[46.6333515,24.7350245],[46.6335006,24.7350343],[46.6336337,24.7349906],[46.6337824,24.734932]]}},
{"type":"Feature","properties":{},"geometry":{"type":"LineString","coordinates":[[46.6335782,24.7351776],[46.6336645,24.7350952],[46.6337824,24.734932]]}},
{"type":"Feature","properties":{},"geometry":{"type":"LineString","coordinates":[[46.6322871,24.7361872],[46.6329754,24.7356283]]}},
{"type":"Feature","properties":{},"geometry":{"type":"LineString","coordinates":[[46.6334397,24.7352999],[46.6333256,24.7353787],[46.6329754,24.7356283]]}},
{"type":"Feature","properties":{},"geometry":{"type":"LineString","coordinates":[[46.6328769,24.735011],[46.633052,24.7351613],[46.6330808,24.735212],[46.6331006,24.735266],[46.6331108,24.7353222],[46.6331113,24.7353792],[46.6331021,24.7354356],[46.6330833,24.7354899],[46.6329754,24.7356283]]}},
{"type":"Feature","properties":{},"geometry":{"type":"LineString","coordinates":[[46.6325511,24.7364021],[46.6334245,24.7356851],[46.6335104,24.7356125]]}},
{"type":"Feature","properties":{},"geometry":{"type":"LineString","coordinates":[[46.6357795,24.7364096],[46.6354192,24.7362793],[46.6348032,24.7360152],[46.6338991,24.7356257],[46.6338251,24.7355932],[46.6336989,24.7355735],[46.6336237,24.7355832],[46.6335104,24.7356125]]}},
{"type":"Feature","properties":{},"geometry":{"type":"LineString","coordinates":[[46.6275409,24.7405374],[46.627982,24.7401451],[46.628294,24.7398574],[46.6283978,24.7397624],[46.6289489,24.739226]]}},
{"type":"Feature","properties":{},"geometry":{"type":"LineString","coordinates":[[46.6403967,24.7349879],[46.6407215,24.734368]]}},
{"type":"Feature","properties":{},"geometry":{"type":"LineString","coordinates":[[46.6400656,24.7356328],[46.6403967,24.7349879]]}},
{"type":"Feature","properties":{},"geometry":{"type":"LineString","coordinates":[[46.6407754,24.735914],[46.6400656,24.7356328]]}},
{"type":"Feature","properties":{},"geometry":{"type":"LineString","coordinates":[[46.6391459,24.7374108],[46.6398854,24.7359814],[46.6400656,24.7356328]]}},
{"type":"Feature","properties":{},"geometry":{"type":"LineString","coordinates":[[46.6414564,24.7361797],[46.6407754,24.735914]]}},
{"type":"Feature","properties":{},"geometry":{"type":"LineString","coordinates":[[46.6398582,24.7377457],[46.6401864,24.7370706],[46.6407754,24.735914]]}},
{"type":"Feature","properties":{},"geometry":{"type":"LineString","coordinates":[[46.6411724,24.7367429],[46.6413144,24.7364613],[46.6414564,24.7361797]]}},
{"type":"Feature","properties":{},"geometry":{"type":"LineString","coordinates":[[46.6316633,24.7371563],[46.6321803,24.7367266]]}},
{"type":"Feature","properties":{},"geometry":{"type":"LineString","coordinates":[[46.6325511,24.7364021],[46.6321803,24.7367266]]}},
{"type":"Feature","properties":{},"geometry":{"type":"LineString","coordinates":[[46.6337362,24.7383063],[46.6321803,24.7367266]]}},
{"type":"Feature","properties":{},"geometry":{"type":"LineString","coordinates":[[46.6408682,24.7373704],[46.6411724,24.7367429]]}},
{"type":"Feature","properties":{},"geometry":{"type":"LineString","coordinates":[[46.6311156,24.7376161],[46.6316633,24.7371563]]}},
{"type":"Feature","properties":{},"geometry":{"type":"LineString","coordinates":[[46.633185,24.7387598],[46.6316633,24.7371563]]}},
{"type":"Feature","properties":{},"geometry":{"type":"LineString","coordinates":[[46.6398582,24.7377457],[46.6391459,24.7374108]]}},
{"type":"Feature","properties":{},"geometry":{"type":"LineString","coordinates":[[46.6358916,24.7360504],[46.6361961,24.7361814],[46.6391459,24.7374108]]}},
{"type":"Feature","properties":{},"geometry":{"type":"LineString","coordinates":[[46.6405429,24.7380438],[46.6398582,24.7377457]]}},
{"type":"Feature","properties":{},"geometry":{"type":"LineString","coordinates":[[46.63859,24.7373389],[46.6391058,24.7374957],[46.6394856,24.7376285],[46.6398582,24.7377457]]}},
{"type":"Feature","properties":{},"geometry":{"type":"LineString","coordinates":[[46.6406562,24.7378077],[46.6405429,24.7380438]]}},
{"type":"Feature","properties":{},"geometry":{"type":"LineString","coordinates":[[46.6406873,24.7381035],[46.6405429,24.7380438]]}},
{"type":"Feature","properties":{},"geometry":{"type":"LineString","coordinates":[[46.633185,24.7387598],[46.6337362,24.7383063]]}},
{"type":"Feature","properties":{},"geometry":{"type":"LineString","coordinates":[[46.6339796,24.7380988],[46.6337362,24.7383063]]}},
{"type":"Feature","properties":{},"geometry":{"type":"LineString","coordinates":[[46.6313903,24.7389802],[46.6319881,24.7385127]]}},
{"type":"Feature","properties":{},"geometry":{"type":"LineString","coordinates":[[46.6326555,24.7391892],[46.6319881,24.7385127]]}},
{"type":"Feature","properties":{},"geometry":{"type":"LineString","coordinates":[[46.6311156,24.7376161],[46.6319881,24.7385127]]}},
{"type":"Feature","properties":{},"geometry":{"type":"LineString","coordinates":[[46.6326555,24.7391892],[46.633185,24.7387598]]}},
{"type":"Feature","properties":{},"geometry":{"type":"LineString","coordinates":[[46.630511,24.7381138],[46.6313903,24.7389802]]}},
{"type":"Feature","properties":{},"geometry":{"type":"LineString","coordinates":[[46.6326555,24.7391892],[46.6320929,24.7396419],[46.6313903,24.7389802]]}},
{"type":"Feature","properties":{},"geometry":{"type":"LineString","coordinates":[[46.6363065,24.7403767],[46.6364362,24.7404297]]}},
{"type":"Feature","properties":{},"geometry":{"type":"LineString","coordinates":[[46.6365326,24.7402276],[46.6365062,24.7402878],[46.6364362,24.7404297]]}},
{"type":"Feature","properties":{},"geometry":{"type":"LineString","coordinates":[[46.6379046,24.7416359],[46.6378357,24.7414416],[46.6377255,24.7412016],[46.6375462,24.7409823],[46.6374374,24.7409004],[46.6373178,24.7408239],[46.6372092,24.7407612],[46.6370862,24.7407007],[46.6364362,24.7404297]]}},
{"type":"Feature","properties":{},"geometry":{"type":"LineString","coordinates":[[46.6326887,24.7402523],[46.6329628,24.7403608]]}},
{"type":"Feature","properties":{},"geometry":{"type":"LineString","coordinates":[[46.6329378,24.7404673],[46.6329628,24.7403608]]}},
{"type":"Feature","properties":{},"geometry":{"type":"LineString","coordinates":[[46.6331099,24.7404023],[46.6329628,24.7403608]]}},
{"type":"Feature","properties":{},"geometry":{"type":"LineString","coordinates":[[46.6344401,24.7396503],[46.6343238,24.7396335],[46.6338862,24.7396721],[46.6336131,24.739771],[46.633419,24.7398866],[46.6332451,24.7400267],[46.6331113,24.7401703],[46.6330251,24.7402685],[46.6329628,24.7403608]]}},
{"type":"Feature","properties":{},"geometry":{"type":"LineString","coordinates":[[46.6326469,24.7403539],[46.6329378,24.7404673]]}},
{"type":"Feature","properties":{},"geometry":{"type":"LineString","coordinates":[[46.63307,24.740513],[46.6329378,24.7404673]]}},
{"type":"Feature","properties":{},"geometry":{"type":"LineString","coordinates":[[46.633,24.7413836],[46.6329306,24.7412306],[46.6328783,24.7408807],[46.6329378,24.7404673]]}},
{"type":"Feature","properties":{},"geometry":{"type":"LineString","coordinates":[[46.6381983,24.7415859],[46.6379046,24.7416359]]}},
{"type":"Feature","properties":{},"geometry":{"type":"LineString","coordinates":[[46.6379196,24.7417709],[46.6379046,24.7416359]]}},
{"type":"Feature","properties":{},"geometry":{"type":"LineString","coordinates":[[46.6377506,24.7416477],[46.6379046,24.7416359]]}},
{"type":"Feature","properties":{},"geometry":{"type":"LineString","coordinates":[[46.6374682,24.743466],[46.6372181,24.7429501]]}},
{"type":"Feature","properties":{},"geometry":{"type":"LineString","coordinates":[[46.6352444,24.7426356],[46.6361201,24.7429942],[46.6363375,24.7430445],[46.6365126,24.7430607],[46.6369364,24.7430132],[46.6372181,24.7429501]]}},
{"type":"Feature","properties":{},"geometry":{"type":"LineString","coordinates":[[46.6379196,24.7417709],[46.6378948,24.7421266],[46.6377717,24.7424128],[46.6376471,24.7426024],[46.6375193,24.7427233],[46.6372181,24.7429501]]}},
{"type":"Feature","properties":{},"geometry":{"type":"LineString","coordinates":[[46.6341893,24.7441195],[46.6345242,24.7444312]]}},
{"type":"Feature","properties":{},"geometry":{"type":"LineString","coordinates":[[46.6358252,24.7451774],[46.6350005,24.7448403],[46.634893,24.7447613],[46.6347942,24.7446861],[46.6345242,24.7444312]]}},
{"type":"Feature","properties":{},"geometry":{"type":"LineString","coordinates":[[46.6345868,24.7439501],[46.6345196,24.7441794],[46.6345051,24.7442386],[46.634502,24.7442931],[46.6345242,24.7444312]]}},
{"type":"Feature","properties":{},"geometry":{"type":"LineString","coordinates":[[46.636223,24.7455226],[46.6360058,24.7454384]]}},
{"type":"Feature","properties":{},"geometry":{"type":"LineString","coordinates":[[46.6334234,24.7435291],[46.6340849,24.7441718],[46.6348617,24.7449051],[46.635028,24.7450073],[46.6360058,24.7454384]]}},
{"type":"Feature","properties":{},"geometry":{"type":"LineString","coordinates":[[46.6335105,24.74664],[46.6345634,24.7457479],[46.6360058,24.7454384]]}},
{"type":"Feature","properties":{},"geometry":{"type":"LineString","coordinates":[[46.6385989,24.7465349],[46.6392063,24.7467854]]}},
{"type":"Feature","properties":{},"geometry":{"type":"LineString","coordinates":[[46.6397715,24.7470152],[46.6392063,24.7467854]]}},
{"type":"Feature","properties":{},"geometry":{"type":"LineString","coordinates":[[46.638896,24.7473972],[46.6392063,24.7467854]]}},
{"type":"Feature","properties":{},"geometry":{"type":"LineString","coordinates":[[46.6253756,24.7464175],[46.6261182,24.746985]]}},
{"type":"Feature","properties":{},"geometry":{"type":"LineString","coordinates":[[46.626771,24.7474784],[46.6261182,24.746985]]}},
{"type":"Feature","properties":{},"geometry":{"type":"LineString","coordinates":[[46.6257807,24.7476377],[46.6261182,24.746985]]}},
{"type":"Feature","properties":{},"geometry":{"type":"LineString","coordinates":[[46.6257807,24.7476377],[46.62523,24.7472446]]}},
{"type":"Feature","properties":{},"geometry":{"type":"LineString","coordinates":[[46.6261259,24.7487557],[46.626771,24.7474784]]}},
{"type":"Feature","properties":{},"geometry":{"type":"LineString","coordinates":[[46.6274089,24.7479638],[46.6271363,24.747757],[46.626771,24.7474784]]}},
{"type":"Feature","properties":{},"geometry":{"type":"LineString","coordinates":[[46.625382,24.7484342],[46.6257807,24.7476377]]}},
{"type":"Feature","properties":{},"geometry":{"type":"LineString","coordinates":[[46.6415768,24.7479856],[46.6418136,24.7475065]]}},
{"type":"Feature","properties":{},"geometry":{"type":"LineString","coordinates":[[46.6413921,24.7475672],[46.6414983,24.7475827],[46.6415889,24.7475912],[46.6416721,24.747587],[46.6418136,24.7475065]]}},
{"type":"Feature","properties":{},"geometry":{"type":"LineString","coordinates":[[46.641363,24.7476824],[46.6414763,24.7477631],[46.641545,24.747845],[46.6415768,24.7479856]]}},
{"type":"Feature","properties":{},"geometry":{"type":"LineString","coordinates":[[46.6279945,24.7484115],[46.6274089,24.7479638]]}},
{"type":"Feature","properties":{},"geometry":{"type":"LineString","coordinates":[[46.6283427,24.7486678],[46.6279945,24.7484115]]}},
{"type":"Feature","properties":{},"geometry":{"type":"LineString","coordinates":[[46.6255341,24.7485069],[46.625382,24.7484342]]}},
{"type":"Feature","properties":{},"geometry":{"type":"LineString","coordinates":[[46.6261259,24.7487557],[46.6255341,24.7485069]]}},
{"type":"Feature","properties":{},"geometry":{"type":"LineString","coordinates":[[46.6372467,24.745955],[46.6373553,24.7459989]]}},
{"type":"Feature","properties":{},"geometry":{"type":"LineString","coordinates":[[46.6385989,24.7465349],[46.6373553,24.7459989]]}},
{"type":"Feature","properties":{},"geometry":{"type":"LineString","coordinates":[[46.637057,24.7466219],[46.6373553,24.7459989]]}},
{"type":"Feature","properties":{},"geometry":{"type":"LineString","coordinates":[[46.6374159,24.7458878],[46.6373553,24.7459989]]}},
{"type":"Feature","properties":{},"geometry":{"type":"LineString","coordinates":[[46.6351293,24.7486369],[46.6357713,24.7482048]]}},
{"type":"Feature","properties":{},"geometry":{"type":"LineString","coordinates":[[46.637057,24.7466219],[46.6367697,24.7471258],[46.6364,24.747554],[46.6357713,24.7482048]]}},
{"type":"Feature","properties":{},"geometry":{"type":"LineString","coordinates":[[46.6367949,24.7486694],[46.636026,24.748355],[46.6357713,24.7482048]]}},
{"type":"Feature","properties":{},"geometry":{"type":"LineString","coordinates":[[46.6277763,24.7351333],[46.6292499,24.7339304]]}},
{"type":"Feature","properties":{},"geometry":{"type":"LineString","coordinates":[[46.6294313,24.7340742],[46.6292499,24.7339304]]}},
{"type":"Feature","properties":{},"geometry":{"type":"LineString","coordinates":[[46.6356304,24.7359366],[46.6350532,24.7356967]]}},
{"type":"Feature","properties":{},"geometry":{"type":"LineString","coordinates":[[46.6343479,24.734899],[46.6341995,24.7350981],[46.6341661,24.7351407],[46.6341592,24.7352062],[46.6341677,24.7352617],[46.6341965,24.7353186],[46.6343054,24.7353889],[46.6350532,24.7356967]]}},
{"type":"Feature","properties":{},"geometry":{"type":"LineString","coordinates":[[46.634425,24.7355673],[46.6346039,24.735599],[46.6348053,24.7356433],[46.6350532,24.7356967]]}},
{"type":"Feature","properties":{},"geometry":{"type":"LineString","coordinates":[[46.6377765,24.7372557],[46.6379142,24.7373155]]}},
{"type":"Feature","properties":{},"geometry":{"type":"LineString","coordinates":[[46.6393774,24.7379529],[46.6379142,24.7373155]]}},
{"type":"Feature","properties":{},"geometry":{"type":"LineString","coordinates":[[46.6378085,24.7375262],[46.6379142,24.7373155]]}},
{"type":"Feature","properties":{},"geometry":{"type":"LineString","coordinates":[[46.6376936,24.7468829],[46.637057,24.7466219]]}},
{"type":"Feature","properties":{},"geometry":{"type":"LineString","coordinates":[[46.6376936,24.7468829],[46.6383111,24.7471226]]}},
{"type":"Feature","properties":{},"geometry":{"type":"LineString","coordinates":[[46.6380463,24.7476874],[46.6383111,24.7471226]]}},
{"type":"Feature","properties":{},"geometry":{"type":"LineString","coordinates":[[46.6385989,24.7465349],[46.6383111,24.7471226]]}},
{"type":"Feature","properties":{},"geometry":{"type":"LineString","coordinates":[[46.6367949,24.7486694],[46.6376936,24.7468829]]}},
{"type":"Feature","properties":{},"geometry":{"type":"LineString","coordinates":[[46.6386277,24.747936],[46.6398119,24.7484558]]}},
{"type":"Feature","properties":{},"geometry":{"type":"LineString","coordinates":[[46.6403847,24.748686],[46.6398119,24.7484558]]}},
{"type":"Feature","properties":{},"geometry":{"type":"LineString","coordinates":[[46.6397715,24.7470152],[46.6409702,24.747521]]}},
{"type":"Feature","properties":{},"geometry":{"type":"LineString","coordinates":[[46.6410624,24.7475575],[46.6409702,24.747521]]}},
{"type":"Feature","properties":{},"geometry":{"type":"LineString","coordinates":[[46.6406664,24.7481221],[46.6409702,24.747521]]}},
{"type":"Feature","properties":{},"geometry":{"type":"LineString","coordinates":[[46.6406664,24.7481221],[46.6403847,24.748686]]}},
{"type":"Feature","properties":{},"geometry":{"type":"LineString","coordinates":[[46.6380463,24.7476874],[46.6386277,24.747936]]}},
{"type":"Feature","properties":{},"geometry":{"type":"LineString","coordinates":[[46.638896,24.7473972],[46.6386277,24.747936]]}},
{"type":"Feature","properties":{},"geometry":{"type":"LineString","coordinates":[[46.6293324,24.739062],[46.6301811,24.7383796]]}},
{"type":"Feature","properties":{},"geometry":{"type":"LineString","coordinates":[[46.6303845,24.7382128],[46.6301811,24.7383796]]}},
{"type":"Feature","properties":{},"geometry":{"type":"LineString","coordinates":[[46.6304083,24.7385362],[46.6302889,24.7384342],[46.6301811,24.7383796]]}},
{"type":"Feature","properties":{},"geometry":{"type":"LineString","coordinates":[[46.630511,24.7381138],[46.6303845,24.7382128]]}},
{"type":"Feature","properties":{},"geometry":{"type":"LineString","coordinates":[[46.63051,24.7384501],[46.6304201,24.7383386],[46.6303845,24.7382128]]}},
{"type":"Feature","properties":{},"geometry":{"type":"LineString","coordinates":[[46.630511,24.7381138],[46.6311156,24.7376161]]}},
{"type":"Feature","properties":{},"geometry":{"type":"LineString","coordinates":[[46.6288549,24.739442],[46.6280984,24.7401043],[46.6275409,24.7405374]]}},
{"type":"Feature","properties":{},"geometry":{"type":"LineString","coordinates":[[46.6293324,24.739062],[46.6288549,24.739442]]}},
{"type":"Feature","properties":{},"geometry":{"type":"LineString","coordinates":[[46.6292246,24.7394925],[46.6291644,24.7394357],[46.6291257,24.7394018],[46.6290612,24.7393836],[46.6289665,24.7393957],[46.6288549,24.739442]]}},
{"type":"Feature","properties":{},"geometry":{"type":"LineString","coordinates":[[46.6393774,24.7379529],[46.6402897,24.738336]]}},
{"type":"Feature","properties":{},"geometry":{"type":"LineString","coordinates":[[46.6405443,24.7384361],[46.6402897,24.738336]]}},
{"type":"Feature","properties":{},"geometry":{"type":"LineString","coordinates":[[46.6401569,24.7388016],[46.6402581,24.7386089],[46.6403121,24.7384866],[46.6402897,24.738336]]}},
{"type":"Feature","properties":{},"geometry":{"type":"LineString","coordinates":[[46.6377695,24.7417911],[46.6379196,24.7417709]]}},
{"type":"Feature","properties":{},"geometry":{"type":"LineString","coordinates":[[46.6382268,24.7417071],[46.6381768,24.7417173],[46.6379196,24.7417709]]}},
{"type":"Feature","properties":{},"geometry":{"type":"LineString","coordinates":[[46.6407088,24.7385033],[46.6405443,24.7384361]]}},
{"type":"Feature","properties":{},"geometry":{"type":"LineString","coordinates":[[46.6403044,24.7388026],[46.6403772,24.7386488],[46.6404298,24.7385351],[46.6404745,24.7384876],[46.6405443,24.7384361]]}},
{"type":"Feature","properties":{},"geometry":{"type":"LineString","coordinates":[[46.6365326,24.7402276],[46.6378053,24.7407591],[46.6379417,24.7407643],[46.6380212,24.7406878],[46.6385617,24.7395249],[46.6393774,24.7379529]]}},
{"type":"Feature","properties":{},"geometry":{"type":"LineString","coordinates":[[46.6359926,24.7365073],[46.6377765,24.7372557]]}},
{"type":"Feature","properties":{},"geometry":{"type":"LineString","coordinates":[[46.6376798,24.7374722],[46.6377765,24.7372557]]}},
{"type":"Feature","properties":{},"geometry":{"type":"LineString","coordinates":[[46.6364026,24.740118],[46.6363794,24.7402312],[46.6363065,24.7403767]]}},
{"type":"Feature","properties":{},"geometry":{"type":"LineString","coordinates":[[46.63471,24.7397086],[46.6358926,24.7402119],[46.6363065,24.7403767]]}},
{"type":"Feature","properties":{},"geometry":{"type":"LineString","coordinates":[[46.6365428,24.740167],[46.6365326,24.7402276]]}},
{"type":"Feature","properties":{},"geometry":{"type":"LineString","coordinates":[[46.6356275,24.7367845],[46.6359926,24.7365073]]}},
{"type":"Feature","properties":{},"geometry":{"type":"LineString","coordinates":[[46.6357795,24.7364096],[46.6359926,24.7365073]]}},
{"type":"Feature","properties":{},"geometry":{"type":"LineString","coordinates":[[46.6368856,24.7456445],[46.6358252,24.7451774]]}},
{"type":"Feature","properties":{},"geometry":{"type":"LineString","coordinates":[[46.6361657,24.7444897],[46.635934,24.7449703],[46.6358252,24.7451774]]}},
{"type":"Feature","properties":{},"geometry":{"type":"LineString","coordinates":[[46.6372343,24.7449364],[46.6361657,24.7444897]]}},
{"type":"Feature","properties":{},"geometry":{"type":"LineString","coordinates":[[46.6363665,24.7440815],[46.6362747,24.7442786],[46.6361657,24.7444897]]}},
{"type":"Feature","properties":{},"geometry":{"type":"LineString","coordinates":[[46.6368856,24.7456445],[46.6372343,24.7449364]]}},
{"type":"Feature","properties":{},"geometry":{"type":"LineString","coordinates":[[46.6374598,24.7443946],[46.6374811,24.7444591],[46.6372343,24.7449364]]}},
{"type":"Feature","properties":{},"geometry":{"type":"LineString","coordinates":[[46.638976,24.7442309],[46.6392223,24.7437282]]}},
{"type":"Feature","properties":{},"geometry":{"type":"LineString","coordinates":[[46.6403685,24.7441908],[46.6392223,24.7437282]]}},
{"type":"Feature","properties":{},"geometry":{"type":"LineString","coordinates":[[46.6383499,24.745467],[46.6380261,24.7453192],[46.6378856,24.7450327],[46.638658,24.7434993],[46.6392223,24.7437282]]}},
{"type":"Feature","properties":{},"geometry":{"type":"LineString","coordinates":[[46.6380234,24.7461304],[46.6374159,24.7458878]]}},
{"type":"Feature","properties":{},"geometry":{"type":"LineString","coordinates":[[46.637299,24.7458371],[46.6374159,24.7458878]]}},
{"type":"Feature","properties":{},"geometry":{"type":"LineString","coordinates":[[46.6400902,24.7447098],[46.6403685,24.7441908]]}},
{"type":"Feature","properties":{},"geometry":{"type":"LineString","coordinates":[[46.6410614,24.744485],[46.6403685,24.7441908]]}},
{"type":"Feature","properties":{},"geometry":{"type":"LineString","coordinates":[[46.638597,24.7463697],[46.6380234,24.7461304]]}},
{"type":"Feature","properties":{},"geometry":{"type":"LineString","coordinates":[[46.6383499,24.745467],[46.6380234,24.7461304]]}},
{"type":"Feature","properties":{},"geometry":{"type":"LineString","coordinates":[[46.6383499,24.745467],[46.638976,24.7442309]]}},
{"type":"Feature","properties":{},"geometry":{"type":"LineString","coordinates":[[46.6395616,24.7444859],[46.638976,24.7442309]]}},
{"type":"Feature","properties":{},"geometry":{"type":"LineString","coordinates":[[46.639463,24.7459394],[46.6400902,24.7447098]]}},
{"type":"Feature","properties":{},"geometry":{"type":"LineString","coordinates":[[46.6395616,24.7444859],[46.6400902,24.7447098]]}},
{"type":"Feature","properties":{},"geometry":{"type":"LineString","coordinates":[[46.6389353,24.7457124],[46.639463,24.7459394]]}},
{"type":"Feature","properties":{},"geometry":{"type":"LineString","coordinates":[[46.6401522,24.7462453],[46.639463,24.7459394]]}},
{"type":"Feature","properties":{},"geometry":{"type":"LineString","coordinates":[[46.6389353,24.7457124],[46.6395616,24.7444859]]}},
{"type":"Feature","properties":{},"geometry":{"type":"LineString","coordinates":[[46.6398391,24.7468906],[46.638597,24.7463697]]}},
{"type":"Feature","properties":{},"geometry":{"type":"LineString","coordinates":[[46.6389353,24.7457124],[46.638597,24.7463697]]}},
{"type":"Feature","properties":{},"geometry":{"type":"LineString","coordinates":[[46.6398391,24.7468906],[46.6401522,24.7462453]]}},
{"type":"Feature","properties":{},"geometry":{"type":"LineString","coordinates":[[46.6404494,24.745724],[46.6403844,24.7457781],[46.6401522,24.7462453]]}},
{"type":"Feature","properties":{},"geometry":{"type":"LineString","coordinates":[[46.6408889,24.7465539],[46.6411361,24.7460356]]}},
{"type":"Feature","properties":{},"geometry":{"type":"LineString","coordinates":[[46.6404494,24.745724],[46.6411361,24.7460356]]}},
{"type":"Feature","properties":{},"geometry":{"type":"LineString","coordinates":[[46.641115,24.7474472],[46.640554,24.7472044]]}},
{"type":"Feature","properties":{},"geometry":{"type":"LineString","coordinates":[[46.6398391,24.7468906],[46.640554,24.7472044]]}},
{"type":"Feature","properties":{},"geometry":{"type":"LineString","coordinates":[[46.6408889,24.7465539],[46.640554,24.7472044]]}},
{"type":"Feature","properties":{},"geometry":{"type":"LineString","coordinates":[[46.6404494,24.745724],[46.6410614,24.744485]]}},
{"type":"Feature","properties":{},"geometry":{"type":"LineString","coordinates":[[46.6397715,24.7470152],[46.6398391,24.7468906]]}},
{"type":"Feature","properties":{},"geometry":{"type":"LineString","coordinates":[[46.6293145,24.7394219],[46.6292574,24.7393672],[46.6292112,24.7392904],[46.6292212,24.7392296],[46.6292623,24.7391556],[46.6293324,24.739062]]}},
{"type":"Feature","properties":{},"geometry":{"type":"LineString","coordinates":[[46.6406664,24.7481221],[46.638896,24.7473972]]}},
{"type":"Feature","properties":{},"geometry":{"type":"LineString","coordinates":[[46.6366461,24.7457121],[46.6372467,24.745955]]}},
{"type":"Feature","properties":{},"geometry":{"type":"LineString","coordinates":[[46.637299,24.7458371],[46.6372467,24.745955]]}},
{"type":"Feature","properties":{},"geometry":{"type":"LineString","coordinates":[[46.6354099,24.7483065],[46.6356955,24.7480947],[46.6360266,24.747769],[46.6362816,24.7475182],[46.6365193,24.7472621],[46.6365762,24.7472007],[46.6366174,24.7471418],[46.636754,24.7469467],[46.6370242,24.7464301],[46.6372467,24.745955]]}},
{"type":"Feature","properties":{},"geometry":{"type":"LineString","coordinates":[[46.6353137,24.7336737],[46.6347049,24.7341767]]}},
{"type":"Feature","properties":{},"geometry":{"type":"LineString","coordinates":[[46.6349958,24.7344031],[46.6348659,24.73446],[46.6347988,24.7344941],[46.6347237,24.7344941],[46.634654,24.73446],[46.6346218,24.7343845],[46.6346379,24.7342968],[46.6347049,24.7341767]]}},
{"type":"Feature","properties":{},"geometry":{"type":"LineString","coordinates":[[46.6349958,24.7344031],[46.6343479,24.734899]]}},
{"type":"Feature","properties":{},"geometry":{"type":"LineString","coordinates":[[46.6338402,24.7353165],[46.6339499,24.7352276],[46.6343479,24.734899]]}},
{"type":"Feature","properties":{},"geometry":{"type":"LineString","coordinates":[[46.6338402,24.7353165],[46.6335782,24.7351776]]}},
{"type":"Feature","properties":{},"geometry":{"type":"LineString","coordinates":[[46.6334397,24.7352999],[46.6335782,24.7351776]]}},
{"type":"Feature","properties":{},"geometry":{"type":"LineString","coordinates":[[46.6331986,24.735015],[46.6333905,24.7350925],[46.6335782,24.7351776]]}},
{"type":"Feature","properties":{},"geometry":{"type":"LineString","coordinates":[[46.634425,24.7355673],[46.6340454,24.7353941],[46.6338402,24.7353165]]}},
{"type":"Feature","properties":{},"geometry":{"type":"LineString","coordinates":[[46.631421,24.7368765],[46.6320217,24.7363938],[46.6322871,24.7361872]]}},
{"type":"Feature","properties":{},"geometry":{"type":"LineString","coordinates":[[46.6325511,24.7364021],[46.6325947,24.7363646],[46.6326212,24.7363157],[46.6326329,24.7362622],[46.6326231,24.7362077],[46.6325927,24.73616],[46.6325462,24.7361254],[46.6324906,24.7361079],[46.6324449,24.7361069],[46.6323864,24.7361231],[46.6323389,24.7361562],[46.6322871,24.7361872]]}},
{"type":"Feature","properties":{},"geometry":{"type":"LineString","coordinates":[[46.6347703,24.7358812],[46.6351487,24.7360859],[46.6354375,24.7362346],[46.6357795,24.7364096]]}},
{"type":"Feature","properties":{},"geometry":{"type":"LineString","coordinates":[[46.6328769,24.735011],[46.6332853,24.7352313],[46.6334397,24.7352999]]}},
{"type":"Feature","properties":{},"geometry":{"type":"LineString","coordinates":[[46.6273465,24.7401968],[46.6277044,24.739972],[46.628729,24.739239]]}},
{"type":"Feature","properties":{},"geometry":{"type":"LineString","coordinates":[[46.631421,24.7368765],[46.6307535,24.7374274],[46.6295508,24.7384175],[46.6286686,24.7391211],[46.6283532,24.7393739],[46.6280009,24.7396563],[46.6276496,24.7399404],[46.6273465,24.7401968]]}},
{"type":"Feature","properties":{},"geometry":{"type":"LineString","coordinates":[[46.6259952,24.7412998],[46.6262231,24.741118],[46.6267532,24.7406893],[46.6270078,24.7404833],[46.6273465,24.7401968]]}},
{"type":"Feature","properties":{},"geometry":{"type":"LineString","coordinates":[[46.6259952,24.7412998],[46.6256224,24.7415973]]}},
{"type":"Feature","properties":{},"geometry":{"type":"LineString","coordinates":[[46.6250847,24.7419812],[46.6256224,24.7415973]]}},
{"type":"Feature","properties":{},"geometry":{"type":"LineString","coordinates":[[46.6253249,24.7415798],[46.6253695,24.741634],[46.6254148,24.7416555],[46.6254571,24.741654],[46.6256224,24.7415973]]}},
{"type":"Feature","properties":{},"geometry":{"type":"LineString","coordinates":[[46.6327922,24.7352366],[46.632841,24.7352789],[46.6328676,24.7353026],[46.63289,24.7353297],[46.6329042,24.7353528],[46.6329154,24.7353772],[46.6329154,24.7354308],[46.6328859,24.7354868],[46.6314898,24.7366184],[46.6314416,24.7366683],[46.6314257,24.7366937],[46.6314134,24.7367207],[46.631421,24.7368765]]}},
{"type":"Feature","properties":{},"geometry":{"type":"LineString","coordinates":[[46.6278845,24.7352381],[46.6277763,24.7351333]]}},
{"type":"Feature","properties":{},"geometry":{"type":"LineString","coordinates":[[46.6270459,24.7357348],[46.6277763,24.7351333]]}},
{"type":"Feature","properties":{},"geometry":{"type":"LineString","coordinates":[[46.6271523,24.7358449],[46.6273391,24.7356915],[46.6278845,24.7352381]]}},
{"type":"Feature","properties":{},"geometry":{"type":"LineString","coordinates":[[46.6294313,24.7340742],[46.6290168,24.7343138],[46.6286427,24.7346269],[46.6278845,24.7352381]]}},
{"type":"Feature","properties":{},"geometry":{"type":"LineString","coordinates":[[46.6334198,24.7467302],[46.6335105,24.74664]]}},
{"type":"Feature","properties":{},"geometry":{"type":"LineString","coordinates":[[46.6311053,24.7444116],[46.6332536,24.746402],[46.6335105,24.74664]]}},
{"type":"Feature","properties":{},"geometry":{"type":"LineString","coordinates":[[46.6354099,24.7483065],[46.6353861,24.748286],[46.6351451,24.7480778],[46.6335105,24.74664]]}},
{"type":"Feature","properties":{},"geometry":{"type":"LineString","coordinates":[[46.6334198,24.7467302],[46.6319333,24.7482087]]}},
{"type":"Feature","properties":{},"geometry":{"type":"LineString","coordinates":[[46.6293949,24.7459281],[46.6317879,24.7480781],[46.6319333,24.7482087]]}},
{"type":"Feature","properties":{},"geometry":{"type":"LineString","coordinates":[[46.6307639,24.7443214],[46.6307854,24.7443744],[46.6308237,24.7444189],[46.6308753,24.7444506],[46.630935,24.7444664],[46.6309972,24.7444648],[46.6310559,24.7444459],[46.6311053,24.7444116]]}},
{"type":"Feature","properties":{},"geometry":{"type":"LineString","coordinates":[[46.6310168,24.7441113],[46.6310699,24.7441335],[46.6311136,24.7441686],[46.6311443,24.7442137],[46.6311594,24.744265],[46.6311576,24.744318],[46.6311391,24.7443683],[46.6311053,24.7444116]]}},
{"type":"Feature","properties":{},"geometry":{"type":"LineString","coordinates":[[46.6290259,24.7457908],[46.6290046,24.7458496],[46.6290063,24.7459116],[46.6290309,24.7459694],[46.6290753,24.7460164],[46.6291346,24.7460472],[46.6292018,24.7460581],[46.6292691,24.7460479],[46.6293244,24.7460208],[46.6293426,24.7460035],[46.6293949,24.7459281]]}},
{"type":"Feature","properties":{},"geometry":{"type":"LineString","coordinates":[[46.6293918,24.7458154],[46.6294032,24.7458715],[46.6293949,24.7459281]]}},
{"type":"Feature","properties":{},"geometry":{"type":"LineString","coordinates":[[46.6265421,24.7448624],[46.6265595,24.7448806],[46.6267036,24.7450233],[46.6268595,24.7451368],[46.6270267,24.7452427],[46.6271825,24.7453408],[46.6273799,24.7454348],[46.6275502,24.7455007],[46.6277374,24.7455564],[46.6279359,24.7456024],[46.6281429,24.7456279],[46.6283167,24.7456472],[46.6285166,24.7456476]]}},
{"type":"Feature","properties":{},"geometry":{"type":"LineString","coordinates":[[46.6289142,24.7456069],[46.6287165,24.7456391],[46.6285166,24.7456476]]}},
{"type":"Feature","properties":{},"geometry":{"type":"LineString","coordinates":[[46.6289484,24.7457299],[46.6287854,24.7456747],[46.6285166,24.7456476]]}},
{"type":"Feature","properties":{},"geometry":{"type":"LineString","coordinates":[[46.6264487,24.744759],[46.6264344,24.7447421],[46.6263276,24.7445976],[46.6262129,24.7444227],[46.6261237,24.7442381],[46.6260516,24.744065],[46.6260038,24.7439143],[46.6259703,24.7437418],[46.6259343,24.7435155],[46.6259366,24.7432628]]}},
{"type":"Feature","properties":{},"geometry":{"type":"LineString","coordinates":[[46.626085,24.7431962],[46.6260446,24.743233],[46.6259933,24.743256],[46.6259366,24.7432628]]}},
{"type":"Feature","properties":{},"geometry":{"type":"LineString","coordinates":[[46.6261192,24.7431118],[46.6261063,24.7430471],[46.6260775,24.7430021],[46.6260343,24.742968],[46.6259805,24.7429482],[46.6259225,24.7429454],[46.6258667,24.74296],[46.6258192,24.7429903],[46.6257852,24.7430331],[46.6257685,24.7430836],[46.6257708,24.7431363],[46.625792,24.7431854],[46.6258296,24.7432255],[46.6258796,24.7432523],[46.6259366,24.7432628]]}},
{"type":"Feature","properties":{},"geometry":{"type":"LineString","coordinates":[[46.6299719,24.7422638],[46.6302547,24.7420423]]}},
{"type":"Feature","properties":{},"geometry":{"type":"LineString","coordinates":[[46.6305661,24.7424969],[46.6304553,24.7423083],[46.6302547,24.7420423]]}},
{"type":"Feature","properties":{},"geometry":{"type":"LineString","coordinates":[[46.6334234,24.7435291],[46.6332921,24.7435159],[46.6331682,24.7434243],[46.6329882,24.7432323],[46.6323701,24.7426114],[46.6320305,24.7422633],[46.6317752,24.742039],[46.6315983,24.741877],[46.6315392,24.7418389],[46.6314456,24.7417933],[46.631362,24.7417204],[46.6313284,24.7416804],[46.6312349,24.7415686],[46.6311079,24.7414502],[46.6310544,24.7414441],[46.6310029,24.7414833],[46.6307033,24.7417113],[46.6302547,24.7420423]]}},
{"type":"Feature","properties":{},"geometry":{"type":"LineString","coordinates":[[46.6290419,24.7455836],[46.629099,24.7455732],[46.6292838,24.7455214],[46.6294544,24.7454596],[46.6296484,24.7453748]]}},
{"type":"Feature","properties":{},"geometry":{"type":"LineString","coordinates":[[46.6307639,24.7443214],[46.6305302,24.7446589],[46.6304024,24.7448105],[46.6302699,24.7449455],[46.6301471,24.7450557],[46.629982,24.7451812],[46.6298092,24.7452933],[46.6296484,24.7453748]]}},
{"type":"Feature","properties":{},"geometry":{"type":"LineString","coordinates":[[46.6293918,24.7458154],[46.6294064,24.7456817],[46.6294267,24.7455792],[46.6294855,24.7455004],[46.6296484,24.7453748]]}},
{"type":"Feature","properties":{},"geometry":{"type":"LineString","coordinates":[[46.6290419,24.7455836],[46.6289142,24.7456069]]}},
{"type":"Feature","properties":{},"geometry":{"type":"LineString","coordinates":[[46.6288774,24.7454261],[46.6289142,24.7456069]]}},
{"type":"Feature","properties":{},"geometry":{"type":"LineString","coordinates":[[46.6289484,24.7457299],[46.6289142,24.7456069]]}},
{"type":"Feature","properties":{},"geometry":{"type":"LineString","coordinates":[[46.6307834,24.7442007],[46.6308251,24.7441517],[46.6308826,24.7441182],[46.630949,24.7441042],[46.6310168,24.7441113]]}},
{"type":"Feature","properties":{},"geometry":{"type":"LineString","coordinates":[[46.6307208,24.7430148],[46.6307752,24.743304],[46.6307867,24.7433816],[46.6308215,24.7434387],[46.6308673,24.7434636],[46.6309258,24.7434782],[46.6309619,24.7434878],[46.6309867,24.7435141],[46.6309956,24.7435548],[46.6309931,24.7436005],[46.6309772,24.7436761],[46.6309512,24.743838],[46.6309375,24.743969],[46.630963,24.7440415],[46.6310168,24.7441113]]}},
{"type":"Feature","properties":{},"geometry":{"type":"LineString","coordinates":[[46.6307692,24.7442316],[46.6307603,24.7442762],[46.6307639,24.7443214]]}},
{"type":"Feature","properties":{},"geometry":{"type":"LineString","coordinates":[[46.6307692,24.7442316],[46.6307834,24.7442007]]}},
{"type":"Feature","properties":{},"geometry":{"type":"LineString","coordinates":[[46.6307972,24.7441446],[46.6307834,24.7442007]]}},
{"type":"Feature","properties":{},"geometry":{"type":"LineString","coordinates":[[46.6305661,24.7424969],[46.6306138,24.7425781],[46.6306793,24.7427855],[46.6307208,24.7430148]]}},
{"type":"Feature","properties":{},"geometry":{"type":"LineString","coordinates":[[46.6307972,24.7441446],[46.6308572,24.7439051],[46.6308974,24.7437363],[46.6308949,24.7436776],[46.630884,24.7436241],[46.6307605,24.7434701],[46.6307341,24.7434208],[46.6307189,24.7433702],[46.6307208,24.7430148]]}},
{"type":"Feature","properties":{},"geometry":{"type":"LineString","coordinates":[[46.6261192,24.7431118],[46.6261103,24.7431495],[46.626085,24.7431962]]}},
{"type":"Feature","properties":{},"geometry":{"type":"LineString","coordinates":[[46.6267246,24.7444376],[46.6266626,24.7444842],[46.6265431,24.7445031],[46.6264496,24.744437],[46.6263145,24.744201],[46.6262314,24.7439651],[46.6261586,24.7436536],[46.626143,24.7434318],[46.626085,24.7431962]]}},
{"type":"Feature","properties":{},"geometry":{"type":"LineString","coordinates":[[46.6263377,24.7431347],[46.6261192,24.7431118]]}},
{"type":"Feature","properties":{},"geometry":{"type":"LineString","coordinates":[[46.6291528,24.7457025],[46.6291916,24.7456944],[46.6292594,24.7457015],[46.6293162,24.745726],[46.6293618,24.7457652],[46.6293918,24.7458154]]}},
{"type":"Feature","properties":{},"geometry":{"type":"LineString","coordinates":[[46.6289484,24.7457299],[46.6290259,24.7457908]]}},
{"type":"Feature","properties":{},"geometry":{"type":"LineString","coordinates":[[46.6291528,24.7457025],[46.6291252,24.7457083],[46.6290677,24.7457418],[46.6290259,24.7457908]]}},
{"type":"Feature","properties":{},"geometry":{"type":"LineString","coordinates":[[46.6283427,24.7486678],[46.6284357,24.748561]]}},
{"type":"Feature","properties":{},"geometry":{"type":"LineString","coordinates":[[46.6254661,24.7463145],[46.6272361,24.7476484],[46.6284357,24.748561]]}},
{"type":"Feature","properties":{},"geometry":{"type":"LineString","coordinates":[[46.633618,24.7419545],[46.6334537,24.7418656],[46.6331823,24.7416357],[46.6330191,24.7414132],[46.633,24.7413836]]}},
{"type":"Feature","properties":{},"geometry":{"type":"LineString","coordinates":[[46.633618,24.7419545],[46.6335538,24.7420374],[46.6335109,24.7420983],[46.6334841,24.7421031],[46.6334224,24.7420885],[46.6332856,24.742013],[46.6330925,24.7418547],[46.6329879,24.7417451],[46.6329181,24.7416525],[46.6328618,24.7415624],[46.6328443,24.7414896],[46.6328311,24.7414396],[46.6328521,24.7414313],[46.633,24.7413836]]}},
{"type":"Feature","properties":{},"geometry":{"type":"LineString","coordinates":[[46.6352444,24.7426356],[46.6342947,24.7422253],[46.6339121,24.7420709],[46.633618,24.7419545]]}},
{"type":"Feature","properties":{},"geometry":{"type":"LineString","coordinates":[[46.6331099,24.7404023],[46.63307,24.740513]]}},
{"type":"Feature","properties":{},"geometry":{"type":"LineString","coordinates":[[46.6352967,24.7425158],[46.6337296,24.7418648],[46.6335123,24.7417416],[46.6333225,24.7415703],[46.6331702,24.7413602],[46.6330576,24.7410922],[46.6330147,24.7408535],[46.6330522,24.7406196],[46.63307,24.740513]]}},
{"type":"Feature","properties":{},"geometry":{"type":"LineString","coordinates":[[46.6377506,24.7416477],[46.6377498,24.7416414],[46.6376998,24.7414336],[46.6376099,24.7412866],[46.637477,24.7411068],[46.637369,24.7410071],[46.6372415,24.7409145],[46.6367839,24.7407095],[46.6360653,24.7404152],[46.6349712,24.73996],[46.6347962,24.7398868],[46.6345522,24.7398111],[46.6344577,24.73979],[46.6343182,24.7397719],[46.6341573,24.7397694],[46.6339964,24.7397841],[46.6338641,24.7398136],[46.6336708,24.7398894],[46.6335088,24.7399938],[46.6333427,24.7401124],[46.6332233,24.7402307],[46.6331099,24.7404023]]}},
{"type":"Feature","properties":{},"geometry":{"type":"LineString","coordinates":[[46.6344401,24.7396503],[46.63471,24.7397086]]}},
{"type":"Feature","properties":{},"geometry":{"type":"LineString","coordinates":[[46.6343747,24.7377835],[46.6345,24.7378863],[46.6345556,24.7379692],[46.6345896,24.7380521],[46.6346037,24.7381061],[46.634605,24.7381425],[46.6346178,24.7385094],[46.6346651,24.7391812],[46.6346758,24.7394535],[46.6346824,24.739586],[46.63471,24.7397086]]}},
{"type":"Feature","properties":{},"geometry":{"type":"LineString","coordinates":[[46.6343148,24.7378316],[46.6343747,24.7377835]]}},
{"type":"Feature","properties":{},"geometry":{"type":"LineString","coordinates":[[46.6350993,24.7371914],[46.6349577,24.7373036],[46.6343747,24.7377835]]}},
{"type":"Feature","properties":{},"geometry":{"type":"LineString","coordinates":[[46.6346882,24.7437616],[46.6345868,24.7439501]]}},
{"type":"Feature","properties":{},"geometry":{"type":"LineString","coordinates":[[46.6341893,24.7441195],[46.6343298,24.7441351],[46.6344002,24.7441117],[46.6344644,24.7440836],[46.6345868,24.7439501]]}},
{"type":"Feature","properties":{},"geometry":{"type":"LineString","coordinates":[[46.6369376,24.7436099],[46.6374682,24.743466]]}},
{"type":"Feature","properties":{},"geometry":{"type":"LineString","coordinates":[[46.637471,24.7438461],[46.6375262,24.7436412],[46.6374682,24.743466]]}},
{"type":"Feature","properties":{},"geometry":{"type":"LineString","coordinates":[[46.6372973,24.7439737],[46.6373644,24.7439579],[46.637471,24.7438461]]}},
{"type":"Feature","properties":{},"geometry":{"type":"LineString","coordinates":[[46.6374598,24.7443946],[46.6375636,24.7442383],[46.6375315,24.7440905],[46.6377341,24.7440422],[46.6377062,24.7439725],[46.637471,24.7438461]]}},
{"type":"Feature","properties":{},"geometry":{"type":"LineString","coordinates":[[46.6357741,24.7426954],[46.6352967,24.7425158]]}},
{"type":"Feature","properties":{},"geometry":{"type":"LineString","coordinates":[[46.6352444,24.7426356],[46.6352967,24.7425158]]}},
{"type":"Feature","properties":{},"geometry":{"type":"LineString","coordinates":[[46.6347969,24.7435597],[46.6352444,24.7426356]]}},
{"type":"Feature","properties":{},"geometry":{"type":"LineString","coordinates":[[46.6356971,24.7438925],[46.6347969,24.7435597]]}},
{"type":"Feature","properties":{},"geometry":{"type":"LineString","coordinates":[[46.6346882,24.7437616],[46.6347969,24.7435597]]}},
{"type":"Feature","properties":{},"geometry":{"type":"LineString","coordinates":[[46.635997,24.7439942],[46.6363665,24.7440815]]}},
{"type":"Feature","properties":{},"geometry":{"type":"LineString","coordinates":[[46.6372973,24.7439737],[46.637038,24.7440349],[46.6367161,24.7440738],[46.6363665,24.7440815]]}},
{"type":"Feature","properties":{},"geometry":{"type":"LineString","coordinates":[[46.6361527,24.7458246],[46.6357927,24.7459397]]}},
{"type":"Feature","properties":{},"geometry":{"type":"LineString","coordinates":[[46.6356911,24.7460916],[46.6357416,24.7460429],[46.6357754,24.7459834],[46.6357927,24.7459397]]}},
{"type":"Feature","properties":{},"geometry":{"type":"LineString","coordinates":[[46.6357616,24.7457937],[46.6357849,24.7458541],[46.6357927,24.7459397]]}},
{"type":"Feature","properties":{},"geometry":{"type":"LineString","coordinates":[[46.6361307,24.7457038],[46.6357616,24.7457937]]}},
{"type":"Feature","properties":{},"geometry":{"type":"LineString","coordinates":[[46.6356264,24.7461265],[46.6355654,24.746142],[46.635502,24.746144],[46.63544,24.7461324],[46.6353827,24.7461078],[46.6353413,24.7460785],[46.635307,24.7460424],[46.6352811,24.7460009],[46.6352648,24.7459557],[46.6352585,24.7459083],[46.6352626,24.7458608],[46.6352769,24.7458149],[46.6352999,24.7457738],[46.6353311,24.7457374],[46.6353694,24.745707],[46.6354133,24.7456838],[46.6354614,24.7456686],[46.6355117,24.745662],[46.6355624,24.7456642],[46.6356118,24.7456751],[46.635658,24.7456944],[46.6356993,24.7457212],[46.6357343,24.7457548],[46.6357616,24.7457937]]}},
{"type":"Feature","properties":{},"geometry":{"type":"LineString","coordinates":[[46.6354153,24.7467412],[46.6355317,24.7468494]]}},
{"type":"Feature","properties":{},"geometry":{"type":"LineString","coordinates":[[46.6354153,24.7467412],[46.6350853,24.747031],[46.6350558,24.7470895],[46.6350639,24.7471358],[46.635139,24.7471942],[46.6355317,24.7468494]]}},
{"type":"Feature","properties":{},"geometry":{"type":"LineString","coordinates":[[46.6356911,24.7460916],[46.6359571,24.7464342],[46.635949,24.746483],[46.6355317,24.7468494]]}},
{"type":"Feature","properties":{},"geometry":{"type":"LineString","coordinates":[[46.6356264,24.7461265],[46.6356601,24.7461111],[46.6356911,24.7460916]]}},
{"type":"Feature","properties":{},"geometry":{"type":"LineString","coordinates":[[46.6356264,24.7461265],[46.635485,24.7464513],[46.6354448,24.7466413],[46.6354153,24.7467412]]}},
{"type":"Feature","properties":{},"geometry":{"type":"LineString","coordinates":[[46.6361307,24.7457038],[46.6361527,24.7458246]]}},
{"type":"Feature","properties":{},"geometry":{"type":"LineString","coordinates":[[46.6366461,24.7457121],[46.6361527,24.7458246]]}},
{"type":"Feature","properties":{},"geometry":{"type":"LineString","coordinates":[[46.636223,24.7455226],[46.6361888,24.7456779],[46.6361307,24.7457038]]}},
{"type":"Feature","properties":{},"geometry":{"type":"LineString","coordinates":[[46.6366461,24.7457121],[46.636223,24.7455226]]}},
{"type":"Feature","properties":{},"geometry":{"type":"LineString","coordinates":[[46.6293145,24.7394219],[46.6307279,24.7407736],[46.6341893,24.7441195]]}},
{"type":"Feature","properties":{},"geometry":{"type":"LineString","coordinates":[[46.6406562,24.7378077],[46.6408682,24.7373704]]}},
{"type":"Feature","properties":{},"geometry":{"type":"LineString","coordinates":[[46.6304407,24.7426083],[46.6305661,24.7424969]]}},
{"type":"Feature","properties":{},"geometry":{"type":"LineString","coordinates":[[46.6300631,24.743878],[46.6298846,24.7438131]]}},
{"type":"Feature","properties":{},"geometry":{"type":"LineString","coordinates":[[46.6296811,24.7437392],[46.6298846,24.7438131]]}},
{"type":"Feature","properties":{},"geometry":{"type":"LineString","coordinates":[[46.6299585,24.7434271],[46.6299585,24.7434869],[46.6299198,24.7436769],[46.6298846,24.7438131]]}},
{"type":"Feature","properties":{},"geometry":{"type":"LineString","coordinates":[[46.6301024,24.7428399],[46.630005,24.7429066],[46.6299585,24.7429628],[46.6299391,24.7430402],[46.6299585,24.7433146],[46.6299585,24.7434271]]}},
{"type":"Feature","properties":{},"geometry":{"type":"LineString","coordinates":[[46.6296811,24.7437392],[46.6297106,24.7435678],[46.6297416,24.7434799],[46.6299585,24.7434271]]}},
{"type":"Feature","properties":{},"geometry":{"type":"LineString","coordinates":[[46.6302793,24.7427188],[46.6301024,24.7428399]]}},
{"type":"Feature","properties":{},"geometry":{"type":"LineString","coordinates":[[46.6300631,24.743878],[46.6300867,24.743815],[46.6301091,24.7436846],[46.630145,24.7434891],[46.6301719,24.7432731],[46.6301405,24.7430246],[46.6301024,24.7428399]]}},
{"type":"Feature","properties":{},"geometry":{"type":"LineString","coordinates":[[46.6269749,24.7432014],[46.6267771,24.7431807]]}},
{"type":"Feature","properties":{},"geometry":{"type":"LineString","coordinates":[[46.6265548,24.7431574],[46.6267771,24.7431807]]}},
{"type":"Feature","properties":{},"geometry":{"type":"LineString","coordinates":[[46.6270486,24.7441942],[46.6269432,24.7440123],[46.6268653,24.7438377],[46.6267977,24.7436112],[46.6267614,24.7433847],[46.6267771,24.7431807]]}},
{"type":"Feature","properties":{},"geometry":{"type":"LineString","coordinates":[[46.6269549,24.7426755],[46.6269224,24.7427334],[46.6268445,24.7429458],[46.6267771,24.7431807]]}},
{"type":"Feature","properties":{},"geometry":{"type":"LineString","coordinates":[[46.626881,24.7443201],[46.6270486,24.7441942]]}},
{"type":"Feature","properties":{},"geometry":{"type":"LineString","coordinates":[[46.6272342,24.7440548],[46.6270486,24.7441942]]}},
{"type":"Feature","properties":{},"geometry":{"type":"LineString","coordinates":[[46.6272342,24.7440548],[46.6273433,24.7439604],[46.6273329,24.7438471],[46.6272238,24.7436159],[46.6271822,24.7434083],[46.6271448,24.7432192],[46.6269749,24.7432014]]}},
{"type":"Feature","properties":{},"geometry":{"type":"LineString","coordinates":[[46.6272342,24.7440548],[46.6271043,24.7438754],[46.6270316,24.7436489],[46.6269848,24.743413],[46.6269749,24.7432014]]}},
{"type":"Feature","properties":{},"geometry":{"type":"LineString","coordinates":[[46.6269549,24.7426755],[46.6270679,24.7427146],[46.6270835,24.7427523],[46.6270731,24.7428278],[46.6269749,24.7432014]]}},
{"type":"Feature","properties":{},"geometry":{"type":"LineString","coordinates":[[46.6269549,24.7426755],[46.6267223,24.7425953]]}},
{"type":"Feature","properties":{},"geometry":{"type":"LineString","coordinates":[[46.6263377,24.7431347],[46.6263665,24.7429269],[46.6264184,24.7427146],[46.6264964,24.7425777],[46.6265483,24.7425352],[46.6267223,24.7425953]]}},
{"type":"Feature","properties":{},"geometry":{"type":"LineString","coordinates":[[46.6265548,24.7431574],[46.6265951,24.7429741],[46.6266522,24.7427948],[46.6267223,24.7425953]]}},
{"type":"Feature","properties":{},"geometry":{"type":"LineString","coordinates":[[46.6307972,24.7441446],[46.6304538,24.7440199]]}},
{"type":"Feature","properties":{},"geometry":{"type":"LineString","coordinates":[[46.6302526,24.7439468],[46.6304538,24.7440199]]}},
{"type":"Feature","properties":{},"geometry":{"type":"LineString","coordinates":[[46.6304188,24.7441055],[46.6304538,24.7440199]]}},
{"type":"Feature","properties":{},"geometry":{"type":"LineString","coordinates":[[46.6304407,24.7426083],[46.6304731,24.7426554],[46.6305387,24.7428639],[46.6305832,24.743079],[46.6305768,24.7434731],[46.6305249,24.743779],[46.6304538,24.7440199]]}},
{"type":"Feature","properties":{},"geometry":{"type":"LineString","coordinates":[[46.6302793,24.7427188],[46.6304407,24.7426083]]}},
{"type":"Feature","properties":{},"geometry":{"type":"LineString","coordinates":[[46.6288038,24.7450642],[46.6288423,24.7452536]]}},
{"type":"Feature","properties":{},"geometry":{"type":"LineString","coordinates":[[46.6288774,24.7454261],[46.6288423,24.7452536]]}},
{"type":"Feature","properties":{},"geometry":{"type":"LineString","coordinates":[[46.6289332,24.7452341],[46.6288423,24.7452536]]}},
{"type":"Feature","properties":{},"geometry":{"type":"LineString","coordinates":[[46.6269038,24.744704],[46.6271826,24.7449026],[46.6275065,24.7450732],[46.6278044,24.745185],[46.6281283,24.7452615],[46.6285169,24.7453085],[46.6287242,24.7452791],[46.6288423,24.7452536]]}},
{"type":"Feature","properties":{},"geometry":{"type":"LineString","coordinates":[[46.6289702,24.7454042],[46.6289332,24.7452341]]}},
{"type":"Feature","properties":{},"geometry":{"type":"LineString","coordinates":[[46.6288934,24.7450513],[46.6289332,24.7452341]]}},
{"type":"Feature","properties":{},"geometry":{"type":"LineString","coordinates":[[46.6304188,24.7441055],[46.6303695,24.7442261],[46.6299549,24.7446967],[46.6297282,24.744885],[46.6294173,24.7450673],[46.6291064,24.7451967],[46.6289332,24.7452341]]}},
{"type":"Feature","properties":{},"geometry":{"type":"LineString","coordinates":[[46.6302148,24.7440321],[46.6304188,24.7441055]]}},
{"type":"Feature","properties":{},"geometry":{"type":"LineString","coordinates":[[46.6306177,24.7441771],[46.6304188,24.7441055]]}},
{"type":"Feature","properties":{},"geometry":{"type":"LineString","coordinates":[[46.6306177,24.7441771],[46.6307692,24.7442316]]}},
{"type":"Feature","properties":{},"geometry":{"type":"LineString","coordinates":[[46.6300302,24.7439657],[46.6296497,24.7438288]]}},
{"type":"Feature","properties":{},"geometry":{"type":"LineString","coordinates":[[46.6296811,24.7437392],[46.6296497,24.7438288]]}},
{"type":"Feature","properties":{},"geometry":{"type":"LineString","coordinates":[[46.6287655,24.7444634],[46.628848,24.7444437],[46.629092,24.7443523],[46.6293399,24.7441905],[46.6295297,24.7440005],[46.6296497,24.7438288]]}},
{"type":"Feature","properties":{},"geometry":{"type":"LineString","coordinates":[[46.6287655,24.7444634],[46.6286854,24.7444824]]}},
{"type":"Feature","properties":{},"geometry":{"type":"LineString","coordinates":[[46.6287635,24.7448664],[46.6286854,24.7444824]]}},
{"type":"Feature","properties":{},"geometry":{"type":"LineString","coordinates":[[46.6272717,24.7444308],[46.6275622,24.7442151],[46.6276358,24.7442116],[46.6277404,24.744289],[46.6280115,24.7444156],[46.6282012,24.7444578],[46.6284607,24.744493],[46.6286854,24.7444824]]}},
{"type":"Feature","properties":{},"geometry":{"type":"LineString","coordinates":[[46.6270982,24.7445597],[46.6269038,24.744704]]}},
{"type":"Feature","properties":{},"geometry":{"type":"LineString","coordinates":[[46.6288774,24.7454261],[46.6288519,24.7454321],[46.6285692,24.7454567],[46.628391,24.7454637],[46.6280502,24.7454286],[46.6277675,24.7453688],[46.6274654,24.7452703],[46.6271827,24.7451191],[46.6269503,24.7449784],[46.6268806,24.7448799],[46.626869,24.7447955],[46.6269038,24.744704]]}},
{"type":"Feature","properties":{},"geometry":{"type":"LineString","coordinates":[[46.6289702,24.7454042],[46.629061,24.7453828],[46.629274,24.7453195],[46.6295684,24.7451929],[46.6299092,24.7449784],[46.6301764,24.7447568],[46.6304553,24.7444437],[46.6306177,24.7441771]]}},
{"type":"Feature","properties":{},"geometry":{"type":"LineString","coordinates":[[46.6291528,24.7457025],[46.6290419,24.7455836]]}},
{"type":"Feature","properties":{},"geometry":{"type":"LineString","coordinates":[[46.6289702,24.7454042],[46.6289888,24.7454901],[46.6290419,24.7455836]]}},
{"type":"Feature","properties":{},"geometry":{"type":"LineString","coordinates":[[46.6289702,24.7454042],[46.6288774,24.7454261]]}},
{"type":"Feature","properties":{},"geometry":{"type":"LineString","coordinates":[[46.6288489,24.7448469],[46.6287655,24.7444634]]}},
{"type":"Feature","properties":{},"geometry":{"type":"LineString","coordinates":[[46.6265548,24.7431574],[46.6263377,24.7431347]]}},
{"type":"Feature","properties":{},"geometry":{"type":"LineString","coordinates":[[46.6267246,24.7444376],[46.6265951,24.7442577],[46.6264912,24.7440689],[46.6263821,24.7437339],[46.6263353,24.7433516],[46.6263377,24.7431347]]}},
{"type":"Feature","properties":{},"geometry":{"type":"LineString","coordinates":[[46.626881,24.7443201],[46.6267246,24.7444376]]}},
{"type":"Feature","properties":{},"geometry":{"type":"LineString","coordinates":[[46.626881,24.7443201],[46.6268081,24.7442058],[46.6267198,24.7440595],[46.6266263,24.7438188],[46.6265795,24.743564],[46.6265535,24.7433941],[46.6265548,24.7431574]]}},
{"type":"Feature","properties":{},"geometry":{"type":"LineString","coordinates":[[46.6288038,24.7450642],[46.6287635,24.7448664]]}},
{"type":"Feature","properties":{},"geometry":{"type":"LineString","coordinates":[[46.6288489,24.7448469],[46.6287635,24.7448664]]}},
{"type":"Feature","properties":{},"geometry":{"type":"LineString","coordinates":[[46.6272717,24.7444308],[46.6273861,24.744532],[46.6274938,24.7446013],[46.6277405,24.7447276],[46.6280097,24.7448213],[46.628382,24.7448824],[46.6285839,24.7448743],[46.6287635,24.7448664]]}},
{"type":"Feature","properties":{},"geometry":{"type":"LineString","coordinates":[[46.6270982,24.7445597],[46.6272717,24.7444308]]}},
{"type":"Feature","properties":{},"geometry":{"type":"LineString","coordinates":[[46.6288934,24.7450513],[46.6288489,24.7448469]]}},
{"type":"Feature","properties":{},"geometry":{"type":"LineString","coordinates":[[46.6300302,24.7439657],[46.6300104,24.7440187],[46.6299207,24.7441409],[46.6297054,24.7443976],[46.6294497,24.7446013],[46.6292433,24.7447194],[46.6290145,24.7448091],[46.6288489,24.7448469]]}},
{"type":"Feature","properties":{},"geometry":{"type":"LineString","coordinates":[[46.6302148,24.7440321],[46.6300302,24.7439657]]}},
{"type":"Feature","properties":{},"geometry":{"type":"LineString","coordinates":[[46.6300631,24.743878],[46.6300302,24.7439657]]}},
{"type":"Feature","properties":{},"geometry":{"type":"LineString","coordinates":[[46.6302526,24.7439468],[46.6300631,24.743878]]}},
{"type":"Feature","properties":{},"geometry":{"type":"LineString","coordinates":[[46.6288038,24.7450642],[46.6286242,24.7450902],[46.6283596,24.7451024],[46.6281353,24.7450861],[46.6278392,24.7450087],[46.6275611,24.7448865],[46.6273188,24.7447439],[46.6270982,24.7445597]]}},
{"type":"Feature","properties":{},"geometry":{"type":"LineString","coordinates":[[46.6302526,24.7439468],[46.630293,24.7438557],[46.6303513,24.7437213],[46.6303962,24.7435094],[46.6304052,24.7432772],[46.6303648,24.7430002],[46.6303155,24.7428291],[46.6302793,24.7427188]]}},
{"type":"Feature","properties":{},"geometry":{"type":"LineString","coordinates":[[46.6288934,24.7450513],[46.6288038,24.7450642]]}},
{"type":"Feature","properties":{},"geometry":{"type":"LineString","coordinates":[[46.6302148,24.7440321],[46.6301719,24.7441287],[46.6300642,24.7443406],[46.6299117,24.7444954],[46.6297547,24.7446502],[46.6295528,24.7447969],[46.6292568,24.7449639],[46.629019,24.7450331],[46.6288934,24.7450513]]}},
{"type":"Feature","properties":{},"geometry":{"type":"LineString","coordinates":[[46.6302526,24.7439468],[46.6302148,24.7440321]]}},
{"type":"Feature","properties":{},"geometry":{"type":"LineString","coordinates":[[46.6306372,24.7408264],[46.6334234,24.7435291]]}},
{"type":"Feature","properties":{},"geometry":{"type":"LineString","coordinates":[[46.6292246,24.7394925],[46.6306372,24.7408264]]}},
{"type":"Feature","properties":{},"geometry":{"type":"LineString","coordinates":[[46.6307864,24.7415121],[46.6309289,24.7414004],[46.6309883,24.7413538],[46.6309759,24.7413171],[46.6308454,24.7412014],[46.6307031,24.7410753],[46.6306466,24.7409663],[46.6306372,24.7408264]]}},
{"type":"Feature","properties":{},"geometry":{"type":"LineString","coordinates":[[46.6299719,24.7422638],[46.6296064,24.74255]]}},
{"type":"Feature","properties":{},"geometry":{"type":"LineString","coordinates":[[46.6298587,24.7428169],[46.6296064,24.74255]]}},
{"type":"Feature","properties":{},"geometry":{"type":"LineString","coordinates":[[46.6295517,24.7424685],[46.629215,24.7427266],[46.629284,24.7428025],[46.6296064,24.74255]]}},
{"type":"Feature","properties":{},"geometry":{"type":"LineString","coordinates":[[46.629704,24.7429362],[46.6298587,24.7428169]]}},
{"type":"Feature","properties":{},"geometry":{"type":"LineString","coordinates":[[46.6299296,24.7427678],[46.6298587,24.7428169]]}},
{"type":"Feature","properties":{},"geometry":{"type":"LineString","coordinates":[[46.6300847,24.7426603],[46.6301461,24.7426178],[46.6301678,24.7425901],[46.6301809,24.7425408],[46.6301613,24.7424895],[46.6300961,24.7424086],[46.6300223,24.7423218],[46.6299719,24.7422638]]}},
{"type":"Feature","properties":{},"geometry":{"type":"LineString","coordinates":[[46.6300847,24.7426603],[46.6299296,24.7427678]]}},
{"type":"Feature","properties":{},"geometry":{"type":"LineString","coordinates":[[46.6300847,24.7426603],[46.6299245,24.7424915],[46.6298724,24.7424579],[46.6298311,24.7424599],[46.6297703,24.7425053],[46.6297529,24.7425566],[46.6297703,24.7425961],[46.6299296,24.7427678]]}},
{"type":"Feature","properties":{},"geometry":{"type":"LineString","coordinates":[[46.629704,24.7429362],[46.6295702,24.7430393],[46.6294183,24.742892],[46.6293857,24.7428348],[46.6294074,24.7427776],[46.6294552,24.742746],[46.6295008,24.7427302],[46.6295334,24.742746],[46.629704,24.7429362]]}},
{"type":"Feature","properties":{},"geometry":{"type":"LineString","coordinates":[[46.6295517,24.7424685],[46.6299105,24.7421935]]}},
{"type":"Feature","properties":{},"geometry":{"type":"LineString","coordinates":[[46.6302295,24.7419488],[46.6302147,24.7419604],[46.6299105,24.7421935]]}},
{"type":"Feature","properties":{},"geometry":{"type":"LineString","coordinates":[[46.6295246,24.7420586],[46.6296894,24.7419449],[46.6299105,24.7421935]]}},
{"type":"Feature","properties":{},"geometry":{"type":"LineString","coordinates":[[46.6293003,24.7422134],[46.6291494,24.7423176]]}},
{"type":"Feature","properties":{},"geometry":{"type":"LineString","coordinates":[[46.6291494,24.7423176],[46.6289894,24.7424279],[46.62911,24.7425718],[46.6291571,24.7425917],[46.6292104,24.7426117],[46.6292575,24.7425889],[46.629314,24.7425376],[46.629292,24.7424949],[46.6291494,24.7423176]]}},
{"type":"Feature","properties":{},"geometry":{"type":"LineString","coordinates":[[46.6293658,24.7421683],[46.6293003,24.7422134]]}},
{"type":"Feature","properties":{},"geometry":{"type":"LineString","coordinates":[[46.6295517,24.7424685],[46.6293003,24.7422134]]}},
{"type":"Feature","properties":{},"geometry":{"type":"LineString","coordinates":[[46.6295246,24.7420586],[46.6293658,24.7421683]]}},
{"type":"Feature","properties":{},"geometry":{"type":"LineString","coordinates":[[46.6295246,24.7420586],[46.6296716,24.7422157],[46.6296653,24.7422584],[46.6296151,24.742304],[46.6295492,24.7423353],[46.6295085,24.7423182],[46.6293658,24.7421683]]}},
{"type":"Feature","properties":{},"geometry":{"type":"LineString","coordinates":[[46.6301531,24.7416412],[46.6301217,24.7416332],[46.6300372,24.7415803],[46.6299762,24.7415054],[46.6299454,24.7414165],[46.629948,24.7413233],[46.6299839,24.741236],[46.630049,24.741164],[46.6301364,24.7411152],[46.6302365,24.7410948],[46.6303385,24.7411051],[46.6304313,24.741145],[46.6305047,24.74121],[46.6305508,24.741293],[46.6305648,24.741385],[46.6305452,24.7414762],[46.6304941,24.7415566],[46.630417,24.7416177],[46.6303223,24.7416529],[46.6302202,24.7416582],[46.6301531,24.7416412]]}},
{"type":"Feature","properties":{},"geometry":{"type":"LineString","coordinates":[[46.6302295,24.7419488],[46.6301754,24.7419095],[46.630124,24.7418406],[46.6300942,24.7417693],[46.6301213,24.7417028],[46.6301531,24.7416412]]}},
{"type":"Feature","properties":{},"geometry":{"type":"LineString","coordinates":[[46.6307864,24.7415121],[46.6302295,24.7419488]]}},
{"type":"Feature","properties":{},"geometry":{"type":"LineString","coordinates":[[46.6294992,24.740136],[46.6296376,24.7402343],[46.6297634,24.7403257],[46.6299672,24.7404308],[46.6301988,24.7406023],[46.6304152,24.7408262],[46.6305284,24.7410022],[46.630609,24.7411394],[46.6306593,24.7412491],[46.6307247,24.7413999],[46.6307864,24.7415121]]}},
{"type":"Feature","properties":{},"geometry":{"type":"LineString","coordinates":[[46.6294413,24.7400621],[46.6294992,24.740136]]}},
{"type":"Feature","properties":{},"geometry":{"type":"LineString","coordinates":[[46.6293119,24.7402396],[46.6293397,24.7402369],[46.6293535,24.7402359],[46.6293679,24.7402341],[46.62938,24.7402299],[46.6293937,24.7402213],[46.6294272,24.7401982],[46.6294992,24.740136]]}},
{"type":"Feature","properties":{},"geometry":{"type":"LineString","coordinates":[[46.62534,24.7455727],[46.6253113,24.7455933]]}},
{"type":"Feature","properties":{},"geometry":{"type":"LineString","coordinates":[[46.6294413,24.7400621],[46.6294061,24.7400172],[46.6293331,24.739912],[46.6292677,24.7397978],[46.6291519,24.7397063],[46.629011,24.7396606],[46.6288625,24.7396789],[46.6286134,24.7398389],[46.6274029,24.7408354],[46.6272796,24.7409885],[46.6271865,24.7411759],[46.6270808,24.7413611],[46.626955,24.7414936],[46.626658,24.7416787],[46.6265423,24.7417267],[46.6264114,24.7417656],[46.6262806,24.7417953],[46.6261724,24.7418684],[46.6260063,24.7419804],[46.6256137,24.7422661],[46.6252595,24.742544],[46.6249584,24.7427393],[46.6246768,24.7429133],[46.6235623,24.7435597],[46.6231399,24.7438581],[46.6230421,24.7440072],[46.6230304,24.7441848],[46.6230773,24.744334],[46.6232181,24.7444476],[46.6241371,24.7451793],[46.6244343,24.7453995],[46.624669,24.7454847],[46.6247983,24.7454689],[46.6249411,24.7454477],[46.625116,24.7454821],[46.6252326,24.7455404],[46.6253113,24.7455933]]}},
{"type":"Feature","properties":{},"geometry":{"type":"LineString","coordinates":[[46.6265421,24.7448624],[46.6264927,24.7448107],[46.6264487,24.744759]]}},
{"type":"Feature","properties":{},"geometry":{"type":"LineString","coordinates":[[46.6265421,24.7448624],[46.6271879,24.7443615],[46.627112,24.7442729],[46.6264487,24.744759]]}},
{"type":"Feature","properties":{},"geometry":{"type":"LineString","coordinates":[[46.62534,24.7455727],[46.6258418,24.7452125],[46.6263618,24.7448362],[46.6264487,24.744759]]}},
{"type":"Feature","properties":{},"geometry":{"type":"LineString","coordinates":[[46.6254347,24.7456467],[46.6260883,24.7452027],[46.6265421,24.7448624]]}},
{"type":"Feature","properties":{},"geometry":{"type":"LineString","coordinates":[[46.6254661,24.7463145],[46.6252471,24.7461495]]}},
{"type":"Feature","properties":{},"geometry":{"type":"LineString","coordinates":[[46.6254347,24.7456467],[46.6254112,24.7456626],[46.6252029,24.7458033],[46.6251051,24.7458692],[46.6251241,24.7459357],[46.625181,24.7460242],[46.6252471,24.7461495]]}},
{"type":"Feature","properties":{},"geometry":{"type":"LineString","coordinates":[[46.6254347,24.7456467],[46.62534,24.7455727]]}},
{"type":"Feature","properties":{},"geometry":{"type":"LineString","coordinates":[[46.6290515,24.7375322],[46.6291499,24.7376143]]}},
{"type":"Feature","properties":{},"geometry":{"type":"LineString","coordinates":[[46.6303098,24.7352071],[46.630337,24.7353696],[46.630347,24.7355092],[46.6303533,24.7356767],[46.6303339,24.7358466],[46.6303036,24.7360071],[46.6301982,24.7363658],[46.630078,24.7365616],[46.6298945,24.7368116],[46.6297027,24.7370305],[46.6295728,24.7371716],[46.6291499,24.7376143]]}},
{"type":"Feature","properties":{},"geometry":{"type":"LineString","coordinates":[[46.6303098,24.7352071],[46.6303013,24.7351689]]}},
{"type":"Feature","properties":{},"geometry":{"type":"LineString","coordinates":[[46.6294313,24.7340742],[46.6294843,24.7340351],[46.6297427,24.7342719],[46.6298937,24.7344299],[46.6300385,24.7346085],[46.6301742,24.7348275],[46.6303013,24.7351689]]}},
{"type":"Feature","properties":{},"geometry":{"type":"LineString","coordinates":[[46.6309928,24.7348437],[46.630917,24.7348785],[46.6303013,24.7351689]]}},
{"type":"Feature","properties":{},"geometry":{"type":"LineString","coordinates":[[46.6395282,24.7425529],[46.6394579,24.7424713]]}},
{"type":"Feature","properties":{},"geometry":{"type":"LineString","coordinates":[[46.63957,24.7424263],[46.6394579,24.7424713]]}},
{"type":"Feature","properties":{},"geometry":{"type":"LineString","coordinates":[[46.6404101,24.739947],[46.6402925,24.7400301],[46.6400061,24.7405886],[46.6394737,24.7416593],[46.6393854,24.7418518],[46.6393422,24.7421086],[46.6393839,24.7423295],[46.6394579,24.7424713]]}},
{"type":"Feature","properties":{},"geometry":{"type":"LineString","coordinates":[[46.6415227,24.7402908],[46.6407333,24.7399628],[46.6405535,24.7399114],[46.6404101,24.739947]]}},
{"type":"Feature","properties":{},"geometry":{"type":"LineString","coordinates":[[46.6405923,24.7395337],[46.6405885,24.7395792],[46.6404101,24.739947]]}},
{"type":"Feature","properties":{},"geometry":{"type":"LineString","coordinates":[[46.63957,24.7424263],[46.6395915,24.742473],[46.6397652,24.7426361],[46.6399997,24.7427386],[46.640116,24.742751],[46.6402626,24.7427484],[46.6414391,24.7425724]]}},
{"type":"Feature","properties":{},"geometry":{"type":"LineString","coordinates":[[46.6397451,24.7418584],[46.6394753,24.7419727]]}},
{"type":"Feature","properties":{},"geometry":{"type":"LineString","coordinates":[[46.63957,24.7424263],[46.6394955,24.7422648],[46.6394637,24.7420791],[46.6394753,24.7419727]]}},
{"type":"Feature","properties":{},"geometry":{"type":"LineString","coordinates":[[46.6395993,24.7416733],[46.6394877,24.7419027],[46.6394753,24.7419727]]}},
{"type":"Feature","properties":{},"geometry":{"type":"LineString","coordinates":[[46.6415227,24.7402908],[46.6418378,24.7404225]]}},
{"type":"Feature","properties":{},"geometry":{"type":"LineString","coordinates":[[46.6392653,24.7361303],[46.6394909,24.7359363]]}},
{"type":"Feature","properties":{},"geometry":{"type":"LineString","coordinates":[[46.6388063,24.7365154],[46.6391563,24.7362143]]}},
{"type":"Feature","properties":{},"geometry":{"type":"LineString","coordinates":[[46.6391563,24.7362143],[46.63917,24.7362288],[46.6392094,24.7362396],[46.6392489,24.7362293],[46.639276,24.7362013],[46.6392821,24.7361643],[46.6392653,24.7361303]]}},
{"type":"Feature","properties":{},"geometry":{"type":"LineString","coordinates":[[46.6391563,24.7362143],[46.6391433,24.7362005],[46.6391377,24.7361635],[46.639155,24.7361296],[46.6391898,24.7361096],[46.6392309,24.7361099],[46.6392653,24.7361303]]}},
{"type":"Feature","properties":{},"geometry":{"type":"LineString","coordinates":[[46.638102,24.7358712],[46.6388063,24.7365154]]}},
{"type":"Feature","properties":{},"geometry":{"type":"LineString","coordinates":[[46.6377903,24.7356293],[46.6378239,24.735728],[46.6387399,24.7365843],[46.6387694,24.7365928],[46.6387935,24.736594],[46.638827,24.7365697],[46.6388337,24.7365538],[46.6388243,24.7365319],[46.6388063,24.7365154]]}},
{"type":"Feature","properties":{},"geometry":{"type":"LineString","coordinates":[[46.6383134,24.7356354],[46.6383804,24.7356208],[46.6385159,24.7355611],[46.6385937,24.7354954],[46.6386755,24.7353943],[46.6387278,24.7353041],[46.6387271,24.735249],[46.6387238,24.735186],[46.6386943,24.7350995],[46.6386661,24.735013],[46.638658,24.7349692],[46.6386607,24.734918],[46.6386741,24.7348461],[46.6390657,24.7341129],[46.6390792,24.7340568],[46.6390577,24.7339911],[46.6390201,24.733935],[46.6389531,24.7338717],[46.6388646,24.7337962],[46.6387171,24.733667]]}},
{"type":"Feature","properties":{},"geometry":{"type":"LineString","coordinates":[[46.6383134,24.7356354],[46.6382088,24.7356878],[46.6381578,24.7357268],[46.6381203,24.7357755],[46.638102,24.7358712]]}},
{"type":"Feature","properties":{},"geometry":{"type":"LineString","coordinates":[[46.6377903,24.7356293],[46.6378829,24.7356708],[46.638102,24.7358712]]}},
{"type":"Feature","properties":{},"geometry":{"type":"LineString","coordinates":[[46.6377013,24.7355366],[46.6378078,24.7355733],[46.6379178,24.7356038],[46.6380331,24.7356184],[46.6381095,24.7356208],[46.6382249,24.7356257],[46.6383134,24.7356354]]}},
{"type":"Feature","properties":{},"geometry":{"type":"LineString","coordinates":[[46.6377903,24.7356293],[46.6377013,24.7355366]]}},
{"type":"Feature","properties":{},"geometry":{"type":"LineString","coordinates":[[46.6375677,24.7353975],[46.6377013,24.7355366]]}},
{"type":"Feature","properties":{},"geometry":{"type":"LineString","coordinates":[[46.6371072,24.7357688],[46.6365928,24.7361836]]}},
{"type":"Feature","properties":{},"geometry":{"type":"LineString","coordinates":[[46.6368301,24.7362859],[46.6365928,24.7361836]]}},
{"type":"Feature","properties":{},"geometry":{"type":"LineString","coordinates":[[46.6360121,24.7356441],[46.6361086,24.7357402],[46.6361649,24.7358169],[46.6362481,24.7359339],[46.6363312,24.7360228],[46.6364358,24.7361032],[46.6365928,24.7361836]]}},
{"type":"Feature","properties":{},"geometry":{"type":"LineString","coordinates":[[46.6374481,24.735494],[46.6375677,24.7353975]]}},
{"type":"Feature","properties":{},"geometry":{"type":"LineString","coordinates":[[46.6369684,24.7348835],[46.6370849,24.7349521],[46.6372405,24.7350569],[46.6375677,24.7353975]]}},
{"type":"Feature","properties":{},"geometry":{"type":"LineString","coordinates":[[46.6359182,24.7339216],[46.6359711,24.7338872],[46.6359851,24.7338864],[46.6359993,24.7338893],[46.6368849,24.7348013]]}},
{"type":"Feature","properties":{},"geometry":{"type":"LineString","coordinates":[[46.6369684,24.7348835],[46.6369719,24.7348445],[46.6369495,24.734811],[46.6369097,24.734796],[46.6368849,24.7348013]]}},
{"type":"Feature","properties":{},"geometry":{"type":"LineString","coordinates":[[46.6368397,24.7348347],[46.6368678,24.734805],[46.6368849,24.7348013]]}},
{"type":"Feature","properties":{},"geometry":{"type":"LineString","coordinates":[[46.6368397,24.7348347],[46.6359182,24.7339216]]}},
{"type":"Feature","properties":{},"geometry":{"type":"LineString","coordinates":[[46.636077,24.7345107],[46.6357217,24.734139],[46.6357096,24.734108],[46.635713,24.7340861],[46.6357257,24.7340641],[46.6359182,24.7339216]]}},
{"type":"Feature","properties":{},"geometry":{"type":"LineString","coordinates":[[46.6368586,24.7349071],[46.6368984,24.7349222],[46.6369403,24.7349131],[46.6369684,24.7348835]]}},
{"type":"Feature","properties":{},"geometry":{"type":"LineString","coordinates":[[46.6368586,24.7349071],[46.6368362,24.7348737],[46.6368397,24.7348347]]}},
{"type":"Feature","properties":{},"geometry":{"type":"LineString","coordinates":[[46.6365954,24.7350532],[46.6367577,24.7349643],[46.6368586,24.7349071]]}},
{"type":"Feature","properties":{},"geometry":{"type":"LineString","coordinates":[[46.6358916,24.7360504],[46.6356304,24.7359366]]}},
{"type":"Feature","properties":{},"geometry":{"type":"LineString","coordinates":[[46.6359356,24.7357158],[46.6358508,24.7357624],[46.6357894,24.7358309],[46.6356304,24.7359366]]}},
{"type":"Feature","properties":{},"geometry":{"type":"LineString","coordinates":[[46.6359356,24.7357158],[46.6359292,24.735788],[46.6359128,24.7358522],[46.6358934,24.7359661],[46.6358916,24.7360504]]}},
{"type":"Feature","properties":{},"geometry":{"type":"LineString","coordinates":[[46.6361892,24.7346282],[46.6365954,24.7350532]]}},
{"type":"Feature","properties":{},"geometry":{"type":"LineString","coordinates":[[46.6360121,24.7356441],[46.6362749,24.7353979],[46.6365954,24.7350532]]}},
{"type":"Feature","properties":{},"geometry":{"type":"LineString","coordinates":[[46.6360121,24.7356441],[46.6359356,24.7357158]]}},
{"type":"Feature","properties":{},"geometry":{"type":"LineString","coordinates":[[46.6255226,24.7401128],[46.6254577,24.7399319]]}},
{"type":"Feature","properties":{},"geometry":{"type":"LineString","coordinates":[[46.6252068,24.7398834],[46.625431,24.7398771],[46.6254577,24.7399319]]}},
{"type":"Feature","properties":{},"geometry":{"type":"LineString","coordinates":[[46.6254871,24.7403492],[46.6254209,24.7401873]]}},
{"type":"Feature","properties":{},"geometry":{"type":"LineString","coordinates":[[46.6255226,24.7401128],[46.6254209,24.7401873]]}},
{"type":"Feature","properties":{},"geometry":{"type":"LineString","coordinates":[[46.6256079,24.7403097],[46.6255226,24.7401128]]}},
{"type":"Feature","properties":{},"geometry":{"type":"LineString","coordinates":[[46.6254871,24.7403492],[46.6255644,24.7405196]]}},
{"type":"Feature","properties":{},"geometry":{"type":"LineString","coordinates":[[46.6256672,24.7404467],[46.6255644,24.7405196]]}},
{"type":"Feature","properties":{},"geometry":{"type":"LineString","coordinates":[[46.6251162,24.7408429],[46.6255644,24.7405196]]}},
{"type":"Feature","properties":{},"geometry":{"type":"LineString","coordinates":[[46.6256079,24.7403097],[46.6256672,24.7404467]]}},
{"type":"Feature","properties":{},"geometry":{"type":"LineString","coordinates":[[46.625713,24.7406183],[46.6256672,24.7404467]]}},
{"type":"Feature","properties":{},"geometry":{"type":"LineString","coordinates":[[46.6251492,24.7408994],[46.6251162,24.7408429]]}},
{"type":"Feature","properties":{},"geometry":{"type":"LineString","coordinates":[[46.6257772,24.7407904],[46.625713,24.7406183]]}},
{"type":"Feature","properties":{},"geometry":{"type":"LineString","coordinates":[[46.625218,24.7410039],[46.625713,24.7406183]]}},
{"type":"Feature","properties":{},"geometry":{"type":"LineString","coordinates":[[46.6253105,24.7411503],[46.625218,24.7410039]]}},
{"type":"Feature","properties":{},"geometry":{"type":"LineString","coordinates":[[46.6251492,24.7408994],[46.625218,24.7410039]]}},
{"type":"Feature","properties":{},"geometry":{"type":"LineString","coordinates":[[46.6258395,24.7409524],[46.6257772,24.7407904]]}},
{"type":"Feature","properties":{},"geometry":{"type":"LineString","coordinates":[[46.6253105,24.7411503],[46.6257772,24.7407904]]}},
{"type":"Feature","properties":{},"geometry":{"type":"LineString","coordinates":[[46.6254039,24.741298],[46.6253105,24.7411503]]}},
{"type":"Feature","properties":{},"geometry":{"type":"LineString","coordinates":[[46.6257244,24.7410459],[46.6258395,24.7409524]]}},
{"type":"Feature","properties":{},"geometry":{"type":"LineString","coordinates":[[46.6259952,24.7412998],[46.6259022,24.74114],[46.6258395,24.7409524]]}},
{"type":"Feature","properties":{},"geometry":{"type":"LineString","coordinates":[[46.6254039,24.741298],[46.6257244,24.7410459]]}},
{"type":"Feature","properties":{},"geometry":{"type":"LineString","coordinates":[[46.6254039,24.741298],[46.6254696,24.7414101],[46.6254938,24.7414296],[46.6255246,24.7414332],[46.6257647,24.7412371],[46.6257901,24.7412104],[46.6257848,24.741158],[46.6257244,24.7410459]]}},
{"type":"Feature","properties":{},"geometry":{"type":"LineString","coordinates":[[46.641115,24.7474472],[46.6413921,24.7475672]]}},
{"type":"Feature","properties":{},"geometry":{"type":"LineString","coordinates":[[46.641363,24.7476824],[46.6414672,24.7476977],[46.64151,24.7476871],[46.6415197,24.7476483],[46.6413921,24.7475672]]}},
{"type":"Feature","properties":{},"geometry":{"type":"LineString","coordinates":[[46.6410624,24.7475575],[46.641363,24.7476824]]}},
{"type":"Feature","properties":{},"geometry":{"type":"LineString","coordinates":[[46.6253249,24.7415798],[46.6252705,24.7415232],[46.6251812,24.7414289]]}},
{"type":"Feature","properties":{},"geometry":{"type":"LineString","coordinates":[[46.6290515,24.7375322],[46.6295845,24.7369644],[46.6299365,24.7365332],[46.6300583,24.7363201],[46.6301187,24.7361592],[46.6301859,24.735983],[46.63021,24.7358162],[46.6302139,24.7356337],[46.6302083,24.7354908],[46.6301867,24.7353326],[46.6301159,24.7350594],[46.6300303,24.7348528],[46.6299094,24.7346619],[46.6297424,24.7344507],[46.6295971,24.7343114],[46.6295542,24.7342882],[46.6295162,24.7342588],[46.6294843,24.7342239],[46.6294593,24.7341846],[46.6294419,24.734142],[46.6294342,24.7341084],[46.6294313,24.7340742]]}},
{"type":"Feature","properties":{},"geometry":{"type":"LineString","coordinates":[[46.6309783,24.7348872],[46.6309264,24.7349163],[46.6303098,24.7352071]]}},
{"type":"Feature","properties":{},"geometry":{"type":"LineString","coordinates":[[46.6326887,24.7402523],[46.6323314,24.7400974]]}},
{"type":"Feature","properties":{},"geometry":{"type":"LineString","coordinates":[[46.6320728,24.7399915],[46.6323314,24.7400974]]}},
{"type":"Feature","properties":{},"geometry":{"type":"LineString","coordinates":[[46.6324245,24.7397413],[46.6323246,24.7398784],[46.6323124,24.7399487],[46.6323088,24.740017],[46.6323314,24.7400974]]}},
{"type":"Feature","properties":{},"geometry":{"type":"LineString","coordinates":[[46.6315129,24.7394578],[46.6319843,24.739924],[46.6320728,24.7399915]]}},
{"type":"Feature","properties":{},"geometry":{"type":"LineString","coordinates":[[46.6324245,24.7397413],[46.6322645,24.7398492],[46.6320728,24.7399915]]}},
{"type":"Feature","properties":{},"geometry":{"type":"LineString","coordinates":[[46.634531,24.7384898],[46.6340856,24.7385768],[46.6335881,24.738769],[46.6332723,24.7389806],[46.6324245,24.7397413]]}},
{"type":"Feature","properties":{},"geometry":{"type":"LineString","coordinates":[[46.6314167,24.7395438],[46.6318244,24.7399596],[46.6319088,24.7400345],[46.6320964,24.7401175],[46.6326469,24.7403539]]}},
{"type":"Feature","properties":{},"geometry":{"type":"LineString","coordinates":[[46.6326887,24.7402523],[46.6326961,24.7402816],[46.6326893,24.7403123],[46.6326699,24.7403379],[46.6326469,24.7403539]]}},
{"type":"Feature","properties":{},"geometry":{"type":"LineString","coordinates":[[46.6306724,24.7388004],[46.6313063,24.7394355]]}},
{"type":"Feature","properties":{},"geometry":{"type":"LineString","coordinates":[[46.6314167,24.7395438],[46.6313063,24.7394355]]}},
{"type":"Feature","properties":{},"geometry":{"type":"LineString","coordinates":[[46.6314033,24.7393559],[46.6313868,24.7393852],[46.6313653,24.7394085],[46.6313363,24.7394236],[46.6313063,24.7394355]]}},
{"type":"Feature","properties":{},"geometry":{"type":"LineString","coordinates":[[46.6315129,24.7394578],[46.6314033,24.7393559]]}},
{"type":"Feature","properties":{},"geometry":{"type":"LineString","coordinates":[[46.6307746,24.7387193],[46.6314033,24.7393559]]}},
{"type":"Feature","properties":{},"geometry":{"type":"LineString","coordinates":[[46.6304083,24.7385362],[46.6306724,24.7388004]]}},
{"type":"Feature","properties":{},"geometry":{"type":"LineString","coordinates":[[46.6307746,24.7387193],[46.6307434,24.7387179],[46.6307075,24.7387379],[46.6306826,24.7387659],[46.6306724,24.7388004]]}},
{"type":"Feature","properties":{},"geometry":{"type":"LineString","coordinates":[[46.63051,24.7384501],[46.6307746,24.7387193]]}},
{"type":"Feature","properties":{},"geometry":{"type":"LineString","coordinates":[[46.63051,24.7384501],[46.6304727,24.7384472],[46.6304301,24.7384688],[46.6304116,24.7385021],[46.6304083,24.7385362]]}},
{"type":"Feature","properties":{},"geometry":{"type":"LineString","coordinates":[[46.6320216,24.7347086],[46.6318777,24.734611]]}},
{"type":"Feature","properties":{},"geometry":{"type":"LineString","coordinates":[[46.6316836,24.7350349],[46.6318777,24.734611]]}},
{"type":"Feature","properties":{},"geometry":{"type":"LineString","coordinates":[[46.6317121,24.7345768],[46.631777,24.7345524],[46.6318156,24.7345697],[46.6318777,24.734611]]}},
{"type":"Feature","properties":{},"geometry":{"type":"LineString","coordinates":[[46.6318505,24.7351015],[46.6316836,24.7350349]]}},
{"type":"Feature","properties":{},"geometry":{"type":"LineString","coordinates":[[46.6315273,24.734961],[46.6316836,24.7350349]]}},
{"type":"Feature","properties":{},"geometry":{"type":"LineString","coordinates":[[46.6317121,24.7345768],[46.6315273,24.734961]]}},
{"type":"Feature","properties":{},"geometry":{"type":"LineString","coordinates":[[46.6313602,24.7348917],[46.6315273,24.734961]]}},
{"type":"Feature","properties":{},"geometry":{"type":"LineString","coordinates":[[46.6317121,24.7345768],[46.6314428,24.7346828]]}},
{"type":"Feature","properties":{},"geometry":{"type":"LineString","coordinates":[[46.6311176,24.7347941],[46.6314428,24.7346828]]}},
{"type":"Feature","properties":{},"geometry":{"type":"LineString","coordinates":[[46.6313602,24.7348917],[46.6314428,24.7346828]]}},
{"type":"Feature","properties":{},"geometry":{"type":"LineString","coordinates":[[46.6311176,24.7347941],[46.6313602,24.7348917]]}},
{"type":"Feature","properties":{},"geometry":{"type":"LineString","coordinates":[[46.6320216,24.7347086],[46.6318505,24.7351015]]}},
{"type":"Feature","properties":{},"geometry":{"type":"LineString","coordinates":[[46.631789,24.7352332],[46.6318505,24.7351015]]}},
{"type":"Feature","properties":{},"geometry":{"type":"LineString","coordinates":[[46.6310815,24.7348332],[46.6311176,24.7347941]]}},
{"type":"Feature","properties":{},"geometry":{"type":"LineString","coordinates":[[46.6321765,24.7348005],[46.6320216,24.7347086]]}},
{"type":"Feature","properties":{},"geometry":{"type":"LineString","coordinates":[[46.6315717,24.7351399],[46.631789,24.7352332]]}},
{"type":"Feature","properties":{},"geometry":{"type":"LineString","coordinates":[[46.631947,24.7353056],[46.631789,24.7352332]]}},
{"type":"Feature","properties":{},"geometry":{"type":"LineString","coordinates":[[46.6339796,24.7380988],[46.6341681,24.7379435]]}},
{"type":"Feature","properties":{},"geometry":{"type":"LineString","coordinates":[[46.6339796,24.7380988],[46.6335,24.7376016],[46.6335329,24.7375689],[46.6335774,24.7375477],[46.6339638,24.7379257],[46.6339907,24.7379395],[46.6340372,24.7379471],[46.6341681,24.7379435]]}},
{"type":"Feature","properties":{},"geometry":{"type":"LineString","coordinates":[[46.6343148,24.7378316],[46.6341681,24.7379435]]}},
{"type":"Feature","properties":{},"geometry":{"type":"LineString","coordinates":[[46.6322586,24.7354485],[46.6324112,24.7355185],[46.6324561,24.7355246],[46.6325051,24.7355075],[46.6327922,24.7352366]]}},
{"type":"Feature","properties":{},"geometry":{"type":"LineString","coordinates":[[46.6324779,24.7350022],[46.6327527,24.7351686],[46.6327969,24.7351903],[46.6327922,24.7352366]]}},
{"type":"Feature","properties":{},"geometry":{"type":"LineString","coordinates":[[46.6309928,24.7348437],[46.6309837,24.7348568],[46.6309787,24.7348717],[46.6309783,24.7348872]]}},
{"type":"Feature","properties":{},"geometry":{"type":"LineString","coordinates":[[46.6310237,24.7349366],[46.6310068,24.7349294],[46.6309928,24.7349181],[46.630983,24.7349036],[46.6309783,24.7348872]]}},
{"type":"Feature","properties":{},"geometry":{"type":"LineString","coordinates":[[46.6309118,24.7350398],[46.6310237,24.7349366]]}},
{"type":"Feature","properties":{},"geometry":{"type":"LineString","coordinates":[[46.631088,24.7349209],[46.6310744,24.7349308],[46.6310583,24.7349369],[46.631041,24.7349389],[46.6310237,24.7349366]]}},
{"type":"Feature","properties":{},"geometry":{"type":"LineString","coordinates":[[46.6315717,24.7351399],[46.631088,24.7349209]]}},
{"type":"Feature","properties":{},"geometry":{"type":"LineString","coordinates":[[46.6310815,24.7348332],[46.6310973,24.7348523],[46.6311043,24.7348696],[46.6311051,24.734888],[46.6310995,24.7349057],[46.631088,24.7349209]]}},
{"type":"Feature","properties":{},"geometry":{"type":"LineString","coordinates":[[46.6309928,24.7348437],[46.6310083,24.7348315],[46.6310272,24.7348245],[46.6310476,24.7348232],[46.6310674,24.7348278],[46.6310815,24.7348332]]}},
{"type":"Feature","properties":{},"geometry":{"type":"LineString","coordinates":[[46.6323275,24.7349088],[46.6321765,24.7348005]]}},
{"type":"Feature","properties":{},"geometry":{"type":"LineString","coordinates":[[46.631947,24.7353056],[46.6321765,24.7348005]]}},
{"type":"Feature","properties":{},"geometry":{"type":"LineString","coordinates":[[46.6321028,24.7353771],[46.631947,24.7353056]]}},
{"type":"Feature","properties":{},"geometry":{"type":"LineString","coordinates":[[46.6324779,24.7350022],[46.6323275,24.7349088]]}},
{"type":"Feature","properties":{},"geometry":{"type":"LineString","coordinates":[[46.6321028,24.7353771],[46.6323275,24.7349088]]}},
{"type":"Feature","properties":{},"geometry":{"type":"LineString","coordinates":[[46.6322586,24.7354485],[46.6321028,24.7353771]]}},
{"type":"Feature","properties":{},"geometry":{"type":"LineString","coordinates":[[46.6322586,24.7354485],[46.6324779,24.7350022]]}},
{"type":"Feature","properties":{},"geometry":{"type":"LineString","coordinates":[[46.6372919,24.7356199],[46.637584,24.7359135]]}},
{"type":"Feature","properties":{},"geometry":{"type":"LineString","coordinates":[[46.637404,24.736063],[46.637584,24.7359135]]}},
{"type":"Feature","properties":{},"geometry":{"type":"LineString","coordinates":[[46.6374481,24.735494],[46.6377193,24.7357499],[46.6377253,24.7357758],[46.6377193,24.7358011],[46.637584,24.7359135]]}},
{"type":"Feature","properties":{},"geometry":{"type":"LineString","coordinates":[[46.6371072,24.7357688],[46.6372919,24.7356199]]}},
{"type":"Feature","properties":{},"geometry":{"type":"LineString","coordinates":[[46.6374481,24.735494],[46.6372919,24.7356199]]}},
{"type":"Feature","properties":{},"geometry":{"type":"LineString","coordinates":[[46.637262,24.7359253],[46.637404,24.736063]]}},
{"type":"Feature","properties":{},"geometry":{"type":"LineString","coordinates":[[46.6368301,24.7362859],[46.6369709,24.7363517],[46.6370192,24.7363553],[46.6370648,24.7363419],[46.6371064,24.7363102],[46.637404,24.736063]]}},
{"type":"Feature","properties":{},"geometry":{"type":"LineString","coordinates":[[46.6377695,24.7417911],[46.6377775,24.7418516],[46.6377661,24.7420602],[46.637698,24.7422599],[46.6376304,24.7423961],[46.6375415,24.7425275],[46.6374354,24.7426382],[46.6373067,24.742723],[46.6371757,24.7427997],[46.6370093,24.742866],[46.6368223,24.7429196],[46.6365885,24.7429282],[46.63636,24.742902],[46.636196,24.7428739],[46.6360924,24.7428289]]}},
{"type":"Feature","properties":{},"geometry":{"type":"LineString","coordinates":[[46.6357741,24.7426954],[46.6359007,24.7427487],[46.6360924,24.7428289]]}},
{"type":"Feature","properties":{},"geometry":{"type":"LineString","coordinates":[[46.6357741,24.7426954],[46.6358806,24.7426208],[46.6359262,24.742611],[46.6359866,24.7426232],[46.6360845,24.7426598],[46.6361059,24.7426853],[46.6361113,24.7427255],[46.6360924,24.7428289]]}},
{"type":"Feature","properties":{},"geometry":{"type":"LineString","coordinates":[[46.6361892,24.7346282],[46.6360255,24.7347682]]}},
{"type":"Feature","properties":{},"geometry":{"type":"LineString","coordinates":[[46.636077,24.7345107],[46.6361892,24.7346282]]}},
{"type":"Feature","properties":{},"geometry":{"type":"LineString","coordinates":[[46.636077,24.7345107],[46.6359101,24.7346488]]}},
{"type":"Feature","properties":{},"geometry":{"type":"LineString","coordinates":[[46.640925,24.7382097],[46.6408446,24.7381744]]}},
{"type":"Feature","properties":{},"geometry":{"type":"LineString","coordinates":[[46.6406873,24.7381035],[46.6408446,24.7381744]]}},
{"type":"Feature","properties":{},"geometry":{"type":"LineString","coordinates":[[46.6408052,24.7378657],[46.640844,24.7377889],[46.6408665,24.7377795],[46.640895,24.7377792],[46.6409741,24.7378096],[46.6409872,24.7378258],[46.6409902,24.7378474],[46.6408446,24.7381744]]}},
{"type":"Feature","properties":{},"geometry":{"type":"LineString","coordinates":[[46.6408052,24.7378657],[46.6406873,24.7381035]]}},
{"type":"Feature","properties":{},"geometry":{"type":"LineString","coordinates":[[46.6406562,24.7378077],[46.6408052,24.7378657]]}},
{"type":"Feature","properties":{},"geometry":{"type":"LineString","coordinates":[[46.637262,24.7359253],[46.6371072,24.7357688]]}},
{"type":"Feature","properties":{},"geometry":{"type":"LineString","coordinates":[[46.6368301,24.7362859],[46.637262,24.7359253]]}},
{"type":"Feature","properties":{},"geometry":{"type":"LineString","coordinates":[[46.6372421,24.7387494],[46.6370922,24.7390643]]}},
{"type":"Feature","properties":{},"geometry":{"type":"LineString","coordinates":[[46.6365428,24.740167],[46.6365514,24.7401159],[46.6370922,24.7390643]]}},
{"type":"Feature","properties":{},"geometry":{"type":"LineString","coordinates":[[46.6373488,24.7385317],[46.6374058,24.7386318],[46.6374856,24.7388992],[46.6373529,24.7389603],[46.6372811,24.7389887],[46.6370922,24.7390643]]}},
{"type":"Feature","properties":{},"geometry":{"type":"LineString","coordinates":[[46.6372421,24.7387494],[46.6373488,24.7385317]]}},
{"type":"Feature","properties":{},"geometry":{"type":"LineString","coordinates":[[46.6378085,24.7375262],[46.6373488,24.7385317]]}},
{"type":"Feature","properties":{},"geometry":{"type":"LineString","coordinates":[[46.6374099,24.7380076],[46.6373515,24.7381285]]}},
{"type":"Feature","properties":{},"geometry":{"type":"LineString","coordinates":[[46.6370826,24.7386858],[46.6372011,24.7384462],[46.6373515,24.7381285]]}},
{"type":"Feature","properties":{},"geometry":{"type":"LineString","coordinates":[[46.6369259,24.7376872],[46.6372641,24.737869],[46.6373553,24.7377174],[46.6366669,24.7373652],[46.6367689,24.7372199],[46.6374241,24.7375813],[46.6375291,24.7374458],[46.636833,24.737062],[46.6364528,24.7376164],[46.6372307,24.7380532],[46.6373515,24.7381285]]}},
{"type":"Feature","properties":{},"geometry":{"type":"LineString","coordinates":[[46.6376798,24.7374722],[46.6374099,24.7380076]]}},
{"type":"Feature","properties":{},"geometry":{"type":"LineString","coordinates":[[46.6368744,24.7377609],[46.6372946,24.7379908],[46.6374099,24.7380076]]}},
{"type":"Feature","properties":{},"geometry":{"type":"LineString","coordinates":[[46.6307526,24.7351003],[46.6308449,24.7351665]]}},
{"type":"Feature","properties":{},"geometry":{"type":"LineString","coordinates":[[46.6307526,24.7351003],[46.6305591,24.7351738],[46.630535,24.7352055],[46.6305242,24.7352383],[46.6305886,24.735499],[46.6306235,24.7355173],[46.6306651,24.7355051],[46.6308449,24.7351665]]}},
{"type":"Feature","properties":{},"geometry":{"type":"LineString","coordinates":[[46.6309118,24.7350398],[46.6308449,24.7351665]]}},
{"type":"Feature","properties":{},"geometry":{"type":"LineString","coordinates":[[46.6309118,24.7350398],[46.6307526,24.7351003]]}},
{"type":"Feature","properties":{},"geometry":{"type":"LineString","coordinates":[[46.6350993,24.7371914],[46.6352292,24.7370903]]}},
{"type":"Feature","properties":{},"geometry":{"type":"LineString","coordinates":[[46.6350993,24.7371914],[46.6354355,24.737506],[46.6355473,24.7374191],[46.6352292,24.7370903]]}},
{"type":"Feature","properties":{},"geometry":{"type":"LineString","coordinates":[[46.6356275,24.7367845],[46.6352292,24.7370903]]}},
{"type":"Feature","properties":{},"geometry":{"type":"LineString","coordinates":[[46.6358912,24.737047],[46.6357639,24.7369224]]}},
{"type":"Feature","properties":{},"geometry":{"type":"LineString","coordinates":[[46.6358912,24.737047],[46.6362259,24.7367799],[46.6360991,24.7366722],[46.6357639,24.7369224]]}},
{"type":"Feature","properties":{},"geometry":{"type":"LineString","coordinates":[[46.6358912,24.737047],[46.6356168,24.7372693],[46.6354877,24.737146],[46.6357639,24.7369224]]}},
{"type":"Feature","properties":{},"geometry":{"type":"LineString","coordinates":[[46.6356275,24.7367845],[46.6357639,24.7369224]]}},
{"type":"Feature","properties":{},"geometry":{"type":"LineString","coordinates":[[46.641466,24.7433523],[46.6416949,24.7428729]]}},
{"type":"Feature","properties":{},"geometry":{"type":"LineString","coordinates":[[46.641745,24.742783],[46.6416949,24.7428729]]}},
{"type":"Feature","properties":{},"geometry":{"type":"LineString","coordinates":[[46.6411447,24.7439884],[46.641466,24.7433523]]}},
{"type":"Feature","properties":{},"geometry":{"type":"LineString","coordinates":[[46.6404193,24.7436921],[46.6406965,24.7431214],[46.6407394,24.7430946],[46.6408065,24.74308],[46.641466,24.7433523]]}},
{"type":"Feature","properties":{},"geometry":{"type":"LineString","coordinates":[[46.6404193,24.7436921],[46.6411447,24.7439884]]}},
{"type":"Feature","properties":{},"geometry":{"type":"LineString","coordinates":[[46.6401969,24.7428651],[46.6397764,24.743681],[46.6397692,24.7437236],[46.6397848,24.7437637],[46.6402044,24.7439494],[46.6402549,24.7439432],[46.6403086,24.7439205],[46.6404193,24.7436921]]}},
{"type":"Feature","properties":{},"geometry":{"type":"LineString","coordinates":[[46.6400658,24.7428593],[46.6401969,24.7428651]]}},
{"type":"Feature","properties":{},"geometry":{"type":"LineString","coordinates":[[46.641745,24.742783],[46.6416634,24.742749],[46.6414987,24.7426971],[46.6413972,24.7426892],[46.6412957,24.7426938],[46.6401969,24.7428651]]}},
{"type":"Feature","properties":{},"geometry":{"type":"LineString","coordinates":[[46.6356971,24.7438925],[46.6356772,24.7440124],[46.6356559,24.7441525],[46.6354371,24.744585]]}},
{"type":"Feature","properties":{},"geometry":{"type":"LineString","coordinates":[[46.635997,24.7439942],[46.6359517,24.7439837],[46.6356971,24.7438925]]}},
{"type":"Feature","properties":{},"geometry":{"type":"LineString","coordinates":[[46.6293119,24.7402396],[46.6293075,24.7402088],[46.6293095,24.7401936],[46.6293193,24.7401763],[46.6293394,24.7401501],[46.6293796,24.7401111],[46.6294413,24.7400621]]}},
{"type":"Feature","properties":{},"geometry":{"type":"LineString","coordinates":[[46.6291161,24.7403931],[46.6294031,24.7406939],[46.6295975,24.740918],[46.6296592,24.7409948],[46.6297249,24.7411007],[46.6297625,24.7411957],[46.6297813,24.7413151],[46.6297813,24.7414881],[46.6297625,24.7415989]]}},
{"type":"Feature","properties":{},"geometry":{"type":"LineString","coordinates":[[46.6291161,24.7403931],[46.6289699,24.7405076],[46.6287687,24.7406598]]}},
{"type":"Feature","properties":{},"geometry":{"type":"LineString","coordinates":[[46.6293119,24.7402396],[46.6291161,24.7403931]]}},
{"type":"Feature","properties":{},"geometry":{"type":"LineString","coordinates":[[46.6385302,24.7432374],[46.6384006,24.743516],[46.6383831,24.7435245],[46.6383617,24.743527],[46.6381752,24.7434441],[46.6381672,24.743432],[46.6381659,24.7434113],[46.6382825,24.7431695],[46.6383067,24.7431567],[46.6383322,24.7431579],[46.6385302,24.7432374]]}},
{"type":"Feature","properties":{},"geometry":{"type":"LineString","coordinates":[[46.6399828,24.7430361],[46.6396934,24.7436524],[46.6396637,24.7436725],[46.6396248,24.7436767],[46.6385302,24.7432374]]}},
{"type":"Feature","properties":{},"geometry":{"type":"LineString","coordinates":[[46.6399828,24.7430361],[46.6400658,24.7428593]]}},
{"type":"Feature","properties":{},"geometry":{"type":"LineString","coordinates":[[46.6395282,24.7425529],[46.6396244,24.7426629],[46.6397524,24.7427541],[46.6399085,24.7428252],[46.6400658,24.7428593]]}},
{"type":"Feature","properties":{},"geometry":{"type":"LineString","coordinates":[[46.6334198,24.7467302],[46.6333446,24.7466998],[46.6332829,24.7466998],[46.6332078,24.7466998],[46.6331179,24.7466961],[46.6327713,24.7470079],[46.6327317,24.7470176],[46.6320652,24.7470225],[46.632041,24.7470323],[46.6320209,24.7470627],[46.6320115,24.7471017],[46.6320115,24.7471455],[46.6320531,24.7472016]]}},
{"type":"Feature","properties":{},"geometry":{"type":"LineString","coordinates":[[46.6415743,24.7386038],[46.63859,24.7373389]]}},
{"type":"Feature","properties":{},"geometry":{"type":"LineString","coordinates":[[46.634425,24.7355673],[46.6346332,24.7356561],[46.63859,24.7373389]]}},
{"type":"Feature","properties":{},"geometry":{"type":"LineString","coordinates":[[46.6256079,24.7403097],[46.6256581,24.7402471],[46.6258542,24.7401686],[46.6263457,24.7400233],[46.6267017,24.7399073],[46.6271636,24.7397175],[46.627588,24.739502],[46.6278808,24.7393426],[46.6282304,24.7390895],[46.6282496,24.7390746],[46.6284646,24.7389038],[46.6286587,24.7387449],[46.6288302,24.7386161],[46.6290448,24.7384469],[46.6291462,24.7383473],[46.6293133,24.7382129],[46.6294927,24.738067],[46.6296881,24.7378911],[46.629826,24.7377694],[46.6298526,24.737746],[46.630055,24.7375357],[46.6302343,24.7373175],[46.6305721,24.7370904],[46.6305958,24.7370551],[46.6306491,24.7368431],[46.6307388,24.7366653],[46.6307582,24.7366301],[46.6310084,24.7361702],[46.6315401,24.7351838],[46.6315525,24.7351599],[46.6315717,24.7351399]]}},
{"type":"Feature","properties":{},"geometry":{"type":"LineString","coordinates":[[46.6253249,24.7415798],[46.6253199,24.7415104],[46.6252798,24.7414476],[46.6252811,24.7413184],[46.625169,24.741176],[46.6251474,24.7411202],[46.6251423,24.7410376],[46.6251492,24.7408994]]}},
{"type":"Feature","properties":{},"geometry":{"type":"LineString","coordinates":[[46.641115,24.7474472],[46.6410624,24.7475575]]}},
{"type":"Feature","properties":{},"geometry":{"type":"LineString","coordinates":[[46.6415743,24.7386038],[46.6414487,24.7384968],[46.6411214,24.7383456],[46.640925,24.7382097]]}},
{"type":"Feature","properties":{},"geometry":{"type":"LineString","coordinates":[[46.6315129,24.7394578],[46.6314705,24.7394611],[46.6314423,24.7394768],[46.6314202,24.739503],[46.6314167,24.7395438]]}},
{"type":"Feature","properties":{},"geometry":{"type":"LineString","coordinates":[[46.6343148,24.7378316],[46.6344344,24.7379362],[46.6344823,24.7380072],[46.6345003,24.738069],[46.634531,24.7384898]]}},
{"type":"Feature","properties":{},"geometry":{"type":"LineString","coordinates":[[46.6344401,24.7396503],[46.6345275,24.7395874],[46.6346036,24.7395095],[46.634531,24.7384898]]}},
{"type":"Feature","properties":{},"geometry":{"type":"LineString","coordinates":[[46.6381983,24.7415859],[46.6382268,24.7417071]]}},
{"type":"Feature","properties":{},"geometry":{"type":"LineString","coordinates":[[46.6402824,24.7388491],[46.6400526,24.739315],[46.6391821,24.7410969],[46.6389954,24.7413462],[46.6388179,24.741499],[46.6385852,24.7416172],[46.6382268,24.7417071]]}},
{"type":"Feature","properties":{},"geometry":{"type":"LineString","coordinates":[[46.6401569,24.7388016],[46.6400421,24.7390204],[46.639747,24.7396184],[46.6396021,24.7399233],[46.63922,24.7406847],[46.6390488,24.7410435],[46.6389575,24.741188],[46.6388819,24.7412689],[46.6388048,24.7413456],[46.6385045,24.7415096],[46.6383524,24.7415522],[46.6381983,24.7415859]]}},
{"type":"Feature","properties":{},"geometry":{"type":"LineString","coordinates":[[46.6376798,24.7374722],[46.6378085,24.7375262]]}},
{"type":"Feature","properties":{},"geometry":{"type":"LineString","coordinates":[[46.6372421,24.7387494],[46.6370826,24.7386858]]}},
{"type":"Feature","properties":{},"geometry":{"type":"LineString","coordinates":[[46.6364026,24.740118],[46.6364136,24.7400642],[46.636802,24.7392532],[46.6370826,24.7386858]]}},
{"type":"Feature","properties":{},"geometry":{"type":"LineString","coordinates":[[46.6365428,24.740167],[46.6364026,24.740118]]}},
{"type":"Feature","properties":{},"geometry":{"type":"LineString","coordinates":[[46.6369259,24.7376872],[46.6368744,24.7377609]]}},
{"type":"Feature","properties":{},"geometry":{"type":"LineString","coordinates":[[46.6369259,24.7376872],[46.6365865,24.7375048],[46.6365347,24.737575],[46.6368744,24.7377609]]}},
{"type":"Feature","properties":{},"geometry":{"type":"LineString","coordinates":[[46.6402824,24.7388491],[46.6401569,24.7388016]]}},
{"type":"Feature","properties":{},"geometry":{"type":"LineString","coordinates":[[46.6402824,24.7388491],[46.6403044,24.7388026]]}},
{"type":"Feature","properties":{},"geometry":{"type":"LineString","coordinates":[[46.6408473,24.7390502],[46.6404293,24.7388754],[46.6403044,24.7388026]]}},
{"type":"Feature","properties":{},"geometry":{"type":"LineString","coordinates":[[46.6416698,24.7399944],[46.6415227,24.7402908]]}},
{"type":"Feature","properties":{},"geometry":{"type":"LineString","coordinates":[[46.6405923,24.7395337],[46.6408473,24.7390502]]}},
{"type":"Feature","properties":{},"geometry":{"type":"LineString","coordinates":[[46.6416698,24.7399944],[46.6419111,24.7395118],[46.6408473,24.7390502]]}},
{"type":"Feature","properties":{},"geometry":{"type":"LineString","coordinates":[[46.6416698,24.7399944],[46.6405923,24.7395337]]}},
{"type":"Feature","properties":{},"geometry":{"type":"LineString","coordinates":[[46.6397451,24.7418584],[46.6396732,24.7418333],[46.639619,24.7417841],[46.6395978,24.7417367],[46.6395993,24.7416733]]}},
{"type":"Feature","properties":{},"geometry":{"type":"LineString","coordinates":[[46.6358046,24.7441995],[46.635868,24.7440657],[46.635997,24.7439942]]}},
{"type":"Feature","properties":{},"geometry":{"type":"LineString","coordinates":[[46.637299,24.7458371],[46.6369662,24.74568],[46.6368856,24.7456445]]}},
{"type":"Feature","properties":{},"geometry":{"type":"LineString","coordinates":[[46.6374598,24.7443946],[46.6374039,24.7442254],[46.6372973,24.7439737]]}},
{"type":"Feature","properties":{},"geometry":{"type":"LineString","coordinates":[[46.6348667,24.7439725],[46.6349191,24.7438699],[46.6346882,24.7437616]]}},
{"type":"Feature","properties":{},"geometry":{"type":"LineString","coordinates":[[46.6399828,24.7430361],[46.6396849,24.7429331],[46.6395205,24.7428057],[46.6393766,24.7426649],[46.6395282,24.7425529]]}},
{"type":"Feature","properties":{},"geometry":{"type":"LineString","coordinates":[[46.6293145,24.7394219],[46.6292266,24.7393765],[46.6292099,24.7393839],[46.6291949,24.7393945],[46.6291859,24.739408],[46.6291797,24.7394189],[46.6292246,24.7394925]]}},
{"type":"Feature","properties":{},"geometry":{"type":"LineString","coordinates":[[46.6271523,24.7358449],[46.6270459,24.7357348]]}},
{"type":"Feature","properties":{},"geometry":{"type":"LineString","coordinates":[[46.6377695,24.7417911],[46.6377506,24.7416477]]}},
{"type":"Feature","properties":{},"geometry":{"type":"LineString","coordinates":[[46.6254661,24.7463145],[46.6253756,24.7464175]]}}
]
}
