segment_index,road_segment_id,name,highway,length_m,madina_flow,flow_distance_km,protected_local_street,major_road
0,0,,tertiary,118.13971219626413,0.0,0.0,False,False
1,1,,tertiary,350.357647979241,0.0,0.0,False,False
2,2,,tertiary,942.4770613409681,0.0,0.0,False,False
3,3,,primary,545.8839444420239,0.0,0.0,False,True
4,4,,primary,43.85329420924481,0.0,0.0,False,True
5,5,,primary,561.1333617959982,0.0,0.0,False,True
6,6,,primary,212.47653019267383,0.0,0.0,False,True
7,7,,primary,344.1646674574658,0.0,0.0,False,True
8,8,,primary,37.463290123742055,0.0,0.0,False,True
9,9,,primary,1097.60845224457,0.0,0.0,False,True
10,10,,primary,627.8431962057281,0.0,0.0,False,True
11,11,,secondary,1042.1753243410476,0.6282474952963251,0.6547440371768983,False,True
12,12,,secondary,1025.6321889594235,0.0,0.0,False,True
13,13,,secondary,6.2448748264230165,0.6282474952963251,0.003923326968139333,False,True
14,14,,secondary,5.774423612104901,0.6282474952963251,0.0036277671710848616,False,True
15,15,,secondary,135.90065286009366,0.0,0.0,False,True
16,16,,secondary,24.380039036420072,0.0,0.0,False,True
17,17,,secondary,430.17075257037493,0.0,0.0,False,True
18,18,,secondary,99.07992401063603,0.0,0.0,False,True
19,19,,secondary,243.95152475787728,0.0,0.0,False,True
20,20,,secondary,642.9523009204835,0.0,0.0,False,True
21,21,,secondary,189.51168248686275,0.0,0.0,False,True
22,22,,secondary,943.7615511710738,0.0,0.0,False,True
23,23,,secondary,89.48024389244242,0.0,0.0,False,True
24,24,,secondary,537.0857888287152,0.0,0.0,False,True
25,25,,secondary,145.77944237054075,0.0,0.0,False,True
26,26,,secondary,102.39145888458553,0.0,0.0,False,True
27,27,,secondary,166.24768634522945,0.0,0.0,False,True
28,28,,secondary,230.29778274575895,0.0,0.0,False,True
29,29,,secondary,401.7729939628373,0.0,0.0,False,True
30,30,,secondary,384.9163277989154,0.0,0.0,False,True
31,31,,secondary,96.97611321538679,0.0,0.0,False,True
32,32,طريق السودة,primary,1518.5467014235799,0.0,0.0,False,True
33,33,طريق السودة,primary,66.16460063981691,0.0,0.0,False,True
34,34,طريق السودة,primary,731.2241589705901,0.0,0.0,False,True
35,35,طريق السودة,primary,47.46653254452406,0.0,0.0,False,True
36,36,طريق السودة,primary,2315.032212280098,0.0,0.0,False,True
37,37,طريق السودة,primary,88.6042262766964,0.0,0.0,False,True
38,38,طريق السودة,primary,227.53651364783087,0.0,0.0,False,True
39,39,طريق السودة,primary,219.44342401771308,0.0,0.0,False,True
40,40,طريق السودة,primary,57.07339200386134,0.0,0.0,False,True
41,41,طريق السودة,primary,125.7922230511549,0.0,0.0,False,True
42,42,طريق السودة,primary,54.895750717973,0.0,0.0,False,True
43,43,طريق السودة,primary,22.05041726379366,0.0,0.0,False,True
44,44,طريق السودة,primary,353.9339694036971,0.0,0.0,False,True
45,45,طريق السودة,primary,68.08175712834921,0.0,0.0,False,True
46,46,طريق السودة,primary,67.99643025120625,0.0,0.0,False,True
47,47,طريق السودة,primary,1083.439680847514,0.0,0.0,False,True
48,48,طريق السودة,primary,276.8224946553467,0.0,0.0,False,True
49,49,طريق السودة,primary,150.4900042190622,0.0,0.0,False,True
50,50,طريق السودة,primary,608.9043494692273,0.0,0.0,False,True
51,51,طريق السودة,primary,50.60855723193517,0.0,0.0,False,True
52,52,طريق السودة,primary,78.30070556460637,0.0,0.0,False,True
53,53,طريق السودة,primary,197.03541119204985,0.0,0.0,False,True
54,54,طريق السودة,primary,432.0952660507902,0.0,0.0,False,True
55,55,طريق السودة,primary,259.66161867852077,0.0,0.0,False,True
56,56,طريق السودة,primary,70.63862616168086,0.0,0.0,False,True
57,57,طريق السودة,primary,91.40790976853336,0.0,0.0,False,True
58,58,طريق السودة,primary,73.45696749659089,0.0,0.0,False,True
59,59,طريق السودة,primary,164.20239331047597,0.0,0.0,False,True
60,60,طريق السودة,primary,512.7239978191332,0.0,0.0,False,True
61,61,طريق السودة,primary,46.96085987703338,0.0,0.0,False,True
62,62,,primary,306.5338026763542,0.6282474952963251,0.19257909375507745,False,True
63,63,,primary,1052.1423750075144,0.6282474952963251,0.6610058117935976,False,True
64,64,,primary,864.2723265962848,0.6282474952963251,0.5429769244380432,False,True
65,65,,primary,968.3031207979972,0.6282474952963251,0.6083340103289566,False,True
66,66,,primary,455.90279166494685,0.6282474952963251,0.2864197869621051,False,True
67,67,,primary,2027.672205934814,0.6282474952963251,1.273879984660521,False,True
68,68,,primary,611.684414344592,0.6282474952963251,0.3842892012237894,False,True
69,69,,primary,449.67574629023295,0.6282474952963251,0.2825076613023446,False,True
70,70,,primary,277.7641453606815,0.6282474952963251,0.1745046286059725,False,True
71,71,,primary,74.02855971996979,0.6282474952963251,0.04650825722446544,False,True
72,72,,primary,254.00381881538254,0.6282474952963251,0.15957726296646563,False,True
73,73,,primary,29.119934057636474,0.6282474952963251,0.018294525634904267,False,True
74,74,,primary,239.00194087241977,0.6282474952963251,0.1501523707240581,False,True
75,75,,primary,349.51107255622816,0.6282474952963251,0.21957945591178246,False,True
76,76,,primary,9.130754435960135,0.6282474952963251,0.005736373604557764,False,True
77,77,,primary,343.17354411375385,0.6282474952963251,0.2155979195414288,False,True
78,78,,primary,152.1046474008984,0.6282474952963251,0.09555936375254509,False,True
79,79,,primary,111.63766810525794,0.6282474952963251,0.07013608536785074,False,True
80,80,,primary,86.14092807557147,0.6282474952963251,0.05411782230597866,False,True
81,81,,primary,333.63215062336906,0.6282474952963251,0.20960356297945787,False,True
82,82,,primary,40.47510099530035,0.6282474952963251,0.02542838082216324,False,True
83,83,,primary,19.97596513024714,0.6282474952963251,0.012549850059204493,False,True
84,84,,primary,226.2686118347101,0.6282474952963251,0.14215268864933303,False,True
85,85,,primary,266.94579246236833,0.6282474952963251,0.1677080254943755,False,True
86,86,,primary,19.640452165006177,0.6282474952963251,0.012339064879152416,False,True
87,129,,unclassified,515.2849395955456,0.6282474952963251,0.32372647266481963,False,False
88,225,,primary,348.48833222958166,0.0,0.0,False,True
89,226,,primary,386.32220099774065,0.0,0.0,False,True
90,227,,primary,734.4945035531788,0.6282474952963251,0.4614443321662023,False,True
91,228,,primary,13.71305852794741,0.0,0.0,False,True
92,229,,primary,19.13792543070671,0.0,0.0,False,True
93,230,,primary,39.55673818954813,0.0,0.0,False,True
94,231,,primary,29.828146833742466,0.6282474952963251,0.018739458537629712,False,True
95,232,,primary,42.171206258786775,0.6282474952963251,0.0264939547057075,False,True
96,233,,primary,14.725030566908588,0.6282474952963251,0.009250963571822146,False,True
97,234,,primary,8.395928036662717,0.0,0.0,False,True
98,357,طريق السودة,primary,249.78289002153437,0.6282474952963251,0.15692547502390639,False,True
99,358,طريق السودة,primary,1246.0149290182583,0.6282474952963251,0.782805758257549,False,True
100,359,طريق السودة,primary,54.4983688395038,0.6282474952963251,0.03423846372115355,False,True
101,360,طريق السودة,primary,354.40463133596637,0.6282474952963251,0.22265382195823835,False,True
102,361,طريق السودة,primary,260.3172760348955,0.6282474952963251,0.16354367665128516,False,True
103,372,,tertiary,37.78268546261855,0.0,0.0,False,False
104,373,,tertiary,36.87765404308101,0.0,0.0,False,False
105,374,,tertiary,64.53525517671083,0.0,0.0,False,False
106,375,,tertiary,79.9115663157942,0.0,0.0,False,False
107,376,,tertiary,41.740780410671384,0.0,0.0,False,False
108,377,,tertiary,38.44817089783902,0.0,0.0,False,False
109,378,,tertiary,54.61189830440526,0.0,0.0,False,False
110,379,,tertiary,60.76156594873956,0.0,0.0,False,False
111,380,,tertiary,62.19899430602912,0.0,0.0,False,False
112,462,طريق الامام عبد الرحمن بن فيصل بن تركي,tertiary,173.37004092475726,0.0,0.0,False,False
113,476,طريق الملك عبدالعزيز,trunk,268.6321972565004,0.0,0.0,False,True
114,477,طريق الملك عبدالعزيز,trunk,15.008436578947931,0.34213822207493566,0.005134959807245675,False,True
115,478,طريق الملك عبدالعزيز,trunk,109.70029695199717,0.34213822207493566,0.0375326645602488,False,True
116,479,طريق الملك عبدالعزيز,trunk,43.39452644930809,0.34213822207493566,0.01484692612715004,False,True
117,480,طريق الملك عبدالعزيز,trunk,151.76639427275063,0.34213822207493566,0.05192508430720259,False,True
118,481,طريق الملك عبدالعزيز,trunk,385.2564324004003,0.34213822207493566,0.13181095082440558,False,True
119,482,,secondary_link,106.38000509158758,0.0,0.0,False,False
120,483,,secondary_link,131.65871644508536,0.0,0.0,False,False
121,484,,secondary_link,23.573339897665253,0.0,0.0,False,False
122,485,,secondary_link,26.02605756540379,0.0,0.0,False,False
123,486,,tertiary,128.71645346876684,0.0,0.0,False,False
124,487,,tertiary,70.49793365900264,0.0,0.0,False,False
125,488,,tertiary,50.28513042292616,0.0,0.0,False,False
126,632,طريق الملك عبدالعزيز,trunk,124.76181870762399,0.0,0.0,False,True
127,633,طريق الملك عبدالعزيز,trunk,95.05721425417809,0.0,0.0,False,True
128,634,طريق الملك عبدالعزيز,trunk,244.54760065521535,0.0,0.0,False,True
129,635,طريق الملك عبدالعزيز,trunk,82.67902456258602,0.0,0.0,False,True
130,636,طريق الملك عبدالعزيز,trunk,31.548291107841024,0.0,0.0,False,True
131,637,طريق الملك عبدالعزيز,trunk,49.91945358710004,0.0,0.0,False,True
132,638,طريق الملك عبدالعزيز,trunk,63.61416026162765,0.0,0.0,False,True
133,639,طريق الملك عبدالعزيز,trunk,22.964893783212883,0.0,0.0,False,True
134,640,طريق الملك عبدالعزيز,trunk,96.45310532916639,0.0,0.0,False,True
135,641,طريق الملك عبدالعزيز,trunk,95.74688936345693,0.0,0.0,False,True
136,642,طريق الملك عبدالعزيز,trunk,32.44998069003551,0.0,0.0,False,True
137,643,طريق الملك عبدالعزيز,trunk,11.41789356115865,0.0,0.0,False,True
138,644,طريق الملك عبدالعزيز,trunk,111.39576530704878,0.0,0.0,False,True
139,645,طريق الملك عبدالعزيز,trunk,8.370112436155269,0.0,0.0,False,True
140,646,طريق الملك عبدالعزيز,trunk,41.993011631186285,0.0,0.0,False,True
141,647,طريق الملك عبدالعزيز,trunk,70.53776775693228,0.0,0.0,False,True
142,648,طريق الملك عبدالعزيز,trunk,131.34080082820256,0.0,0.0,False,True
143,649,طريق الملك عبدالعزيز,trunk,50.84971743927091,0.0,0.0,False,True
144,650,طريق الملك عبدالعزيز,trunk,15.136336468413505,0.0,0.0,False,True
145,651,طريق الملك عبدالعزيز,trunk,329.2067645175983,0.0,0.0,False,True
146,652,طريق الملك عبدالعزيز,trunk,36.65800828207279,0.0,0.0,False,True
147,653,طريق الملك عبدالعزيز,trunk,163.15034203270744,0.0,0.0,False,True
148,654,طريق الملك عبدالعزيز,trunk,63.537458408473626,0.0,0.0,False,True
149,655,طريق الملك عبدالعزيز,trunk,111.96671736969098,0.0,0.0,False,True
150,656,طريق الملك عبدالعزيز,trunk,358.647823271028,0.0,0.0,False,True
151,657,طريق الملك عبدالعزيز,trunk,169.27432048942995,0.0,0.0,False,True
152,658,طريق الملك عبدالعزيز,trunk,548.9645389815499,0.0,0.0,False,True
153,659,,primary,152.33252776828317,0.0,0.0,False,True
154,660,,primary,183.67114682578222,0.0,0.0,False,True
155,661,,primary,120.53219613590973,0.0,0.0,False,True
156,662,,primary,152.20344491501814,0.0,0.0,False,True
157,663,,primary,110.64436144322865,0.0,0.0,False,True
158,664,,primary,11.235006689287143,0.0,0.0,False,True
159,665,,primary,91.26747883074113,0.0,0.0,False,True
160,666,,primary,206.13245995399262,0.0,0.0,False,True
161,667,,primary,253.07376626258576,0.0,0.0,False,True
162,668,,primary,80.06550516148107,0.0,0.0,False,True
163,669,,primary,31.072557326543095,0.0,0.0,False,True
164,670,,primary,7.5197015399132265,0.0,0.0,False,True
165,671,,primary,35.99352544987226,0.0,0.0,False,True
166,672,,primary,265.51830686762463,0.0,0.0,False,True
167,673,,primary,11.049443814546569,0.0,0.0,False,True
168,674,,primary,143.3209417427488,0.0,0.0,False,True
169,718,طريق الملك عبدالعزيز,trunk,107.03088861399199,0.0,0.0,False,True
170,719,طريق الملك عبدالعزيز,trunk,384.84315542756593,0.0,0.0,False,True
171,720,طريق الملك عبدالعزيز,trunk,151.29748588558272,0.0,0.0,False,True
172,721,طريق الملك عبدالعزيز,trunk,171.38988628279066,0.0,0.0,False,True
173,722,طريق الملك عبدالعزيز,trunk,7.888115320305111,0.0,0.0,False,True
174,723,طريق الملك عبدالعزيز,trunk,261.9568304671798,0.0,0.0,False,True
175,724,طريق الملك عبدالعزيز,trunk,475.8030326074064,0.34213822207493566,0.16279040363416067,False,True
176,725,طريق الملك عبدالعزيز,trunk,431.8717385016611,0.34213822207493566,0.14775982877536986,False,True
177,726,طريق الملك عبدالعزيز,trunk,346.1875490031597,0.34213822207493566,0.11844399252042072,False,True
178,727,طريق الملك عبدالعزيز,trunk,180.29926532768735,0.34213822207493566,0.06168727008063204,False,True
179,728,طريق الملك عبدالعزيز,trunk,49.573204241449744,0.34213822207493566,0.016960887961727275,False,True
180,729,طريق الملك عبدالعزيز,trunk,52.657263904666394,0.34213822207493566,0.018016062651673246,False,True
181,730,طريق الملك عبدالعزيز,trunk,426.34789266748913,0.34213822207493566,0.14586990998265023,False,True
182,731,طريق الملك عبدالعزيز,trunk,176.39931380942448,0.34213822207493566,0.06035294760199514,False,True
183,732,طريق الملك عبدالعزيز,trunk,30.817675755968125,0.34213822207493566,0.010543904791628783,False,True
184,733,طريق الملك عبدالعزيز,trunk,23.97978186936595,0.34213822207493566,0.008204399934529644,False,True
185,734,طريق الملك عبدالعزيز,trunk,133.83324363848513,0.34213822207493566,0.04578946803299299,False,True
186,735,طريق الملك عبدالعزيز,trunk,52.56472399247461,0.34213822207493566,0.017984401210644978,False,True
187,736,طريق الملك عبدالعزيز,trunk,24.085706781697198,0.34213822207493566,0.0082406408957081,False,True
188,737,طريق الملك عبدالعزيز,trunk,106.45315251025188,0.34213822207493566,0.036421692334129556,False,True
189,738,طريق الملك عبدالعزيز,trunk,67.35638476450661,0.34213822207493566,0.02304519372872358,False,True
190,739,طريق الملك عبدالعزيز,trunk,105.42844068544497,0.34213822207493566,0.03607109925225095,False,True
191,740,طريق الملك عبدالعزيز,trunk,282.4476171104106,0.34213822207493566,0.09663612554745805,False,True
192,741,طريق الملك عبدالعزيز,trunk,51.5925133041189,0.34213822207493566,0.017651770774248707,False,True
193,742,طريق الملك عبدالعزيز,trunk,138.4613344250293,0.34213822207493566,0.04737291478630261,False,True
194,743,طريق الملك عبدالعزيز,trunk,106.1359281982368,0.34213822207493566,0.03631315777201777,False,True
195,744,,trunk_link,208.26380568209598,0.0,0.0,False,False
196,745,,trunk_link,49.69063562002956,0.0,0.0,False,False
197,746,,trunk_link,173.8554736045642,0.0,0.0,False,False
198,747,,trunk_link,113.74845151835446,0.0,0.0,False,False
199,748,,trunk_link,32.06678468535826,0.0,0.0,False,False
200,749,,trunk_link,7.1182566020106774,0.0,0.0,False,False
201,750,,trunk_link,18.322767188556817,0.0,0.0,False,False
202,751,,trunk_link,38.40025349025152,0.0,0.0,False,False
203,752,,trunk_link,16.51556420581632,0.0,0.0,False,False
204,753,,trunk_link,16.543840238974028,0.0,0.0,False,False
205,754,,trunk_link,16.505943194730612,0.0,0.0,False,False
206,755,,trunk_link,38.00318146542861,0.0,0.0,False,False
207,756,,trunk_link,14.220246840153365,0.0,0.0,False,False
208,757,,trunk_link,31.99835409711621,0.0,0.0,False,False
209,758,,trunk_link,115.83830591597894,0.0,0.0,False,False
210,759,,trunk_link,276.0764640415478,0.0,0.0,False,False
211,760,,trunk_link,73.86104175687387,0.0,0.0,False,False
212,761,,trunk_link,11.19211723858755,0.0,0.0,False,False
213,762,,trunk_link,201.71259298591514,0.0,0.0,False,False
214,763,,trunk_link,101.32790044588282,0.0,0.0,False,False
215,764,,trunk_link,28.188678738552827,0.0,0.0,False,False
216,765,,trunk_link,14.64106807658133,0.0,0.0,False,False
217,766,,trunk_link,16.7544785203597,0.0,0.0,False,False
218,767,,trunk_link,28.711443680413407,0.0,0.0,False,False
219,768,,trunk_link,98.61019609505763,0.0,0.0,False,False
220,769,,trunk_link,160.62188204142086,0.0,0.0,False,False
221,770,,trunk_link,189.14253280544165,0.0,0.0,False,False
222,771,طريق الامام عبد الرحمن بن فيصل بن تركي,tertiary,32.70859130268144,0.0,0.0,False,False
223,772,طريق الامام عبد الرحمن بن فيصل بن تركي,tertiary,79.27734019112981,0.0,0.0,False,False
224,773,طريق الامام عبد الرحمن بن فيصل بن تركي,tertiary,72.34300184972459,0.0,0.0,False,False
225,774,طريق الامام عبد الرحمن بن فيصل بن تركي,tertiary,4.452522260232624,0.0,0.0,False,False
226,775,طريق الامام عبد الرحمن بن فيصل بن تركي,tertiary,21.07043252865784,0.0,0.0,False,False
227,776,طريق الامام عبد الرحمن بن فيصل بن تركي,tertiary,169.15713649829183,0.0,0.0,False,False
228,777,طريق الامام عبد الرحمن بن فيصل بن تركي,tertiary,184.56164809637352,0.0,0.0,False,False
229,778,طريق الامام عبد الرحمن بن فيصل بن تركي,tertiary,53.1516367721319,0.0,0.0,False,False
230,779,طريق الامام عبد الرحمن بن فيصل بن تركي,tertiary,26.96565072724673,0.0,0.0,False,False
231,780,طريق الامام عبد الرحمن بن فيصل بن تركي,tertiary,101.12856955002255,0.0,0.0,False,False
232,781,طريق الامام عبد الرحمن بن فيصل بن تركي,tertiary,42.29137645463856,0.0,0.0,False,False
233,782,,trunk,132.0662380898363,0.0,0.0,False,True
234,783,,trunk,134.9404845608547,0.0,0.0,False,True
235,784,,trunk,117.02647869072968,0.0,0.0,False,True
236,785,,trunk,46.624454893953235,0.0,0.0,False,True
237,786,,trunk,215.76709826910178,0.0,0.0,False,True
238,787,,trunk,74.68893446676799,0.0,0.0,False,True
239,788,,trunk,162.6513448633366,0.0,0.0,False,True
240,789,,trunk,312.69794405716874,0.0,0.0,False,True
241,794,,trunk_link,43.78426662774139,0.0,0.0,False,False
242,795,,trunk_link,46.1077022008535,0.0,0.0,False,False
243,842,,secondary_link,21.111273974737937,0.34213822207493566,0.0072229737434536985,False,False
244,843,,secondary_link,82.54626483303848,0.34213822207493566,0.02824223228890257,False,False
245,844,,secondary_link,184.60472425347763,0.34213822207493566,0.06316033214271859,False,False
246,933,,primary,9.999270247142872,0.0,0.0,False,True
247,934,,primary,141.1441858529755,0.0,0.0,False,True
248,935,,primary,1106.346005527835,0.0,0.0,False,True
249,936,,primary,329.8587781321877,0.0,0.0,False,True
250,937,,primary,554.333165248118,0.0,0.0,False,True
251,938,,primary,78.5812794435343,0.0,0.0,False,True
252,939,,primary,72.26852366630368,0.0,0.0,False,True
253,940,,primary,33.633252349978925,0.0,0.0,False,True
254,941,,primary,550.9464460167158,0.0,0.0,False,True
255,942,,primary,1232.1799457867266,0.0,0.0,False,True
256,943,,primary,561.5695748588182,0.0,0.0,False,True
257,967,,tertiary,257.77879253374306,0.0,0.0,False,False
258,968,,tertiary,285.6862880934354,0.0,0.0,False,False
259,984,,tertiary,148.31047249135366,0.0,0.0,False,False
260,985,,tertiary,69.30030458603873,0.0,0.0,False,False
261,986,,tertiary,5.416818820221189,0.0,0.0,False,False
262,987,,tertiary,145.14086621216322,0.0,0.0,False,False
263,988,,tertiary,62.82928627372693,0.0,0.0,False,False
264,989,,tertiary,39.68386622811546,0.0,0.0,False,False
265,990,,tertiary,26.11409123441543,0.0,0.0,False,False
266,991,,tertiary,18.30657332669932,0.0,0.0,False,False
267,992,,tertiary,85.83888487349924,0.0,0.0,False,False
268,993,,tertiary,58.325666682849146,0.0,0.0,False,False
269,994,,tertiary,53.40652127964565,0.0,0.0,False,False
270,995,,tertiary,62.483156663985156,0.0,0.0,False,False
271,996,,tertiary,178.63839906051868,0.0,0.0,False,False
272,997,,tertiary,39.299431482328266,0.0,0.0,False,False
273,998,,tertiary,23.740212933857585,0.0,0.0,False,False
274,999,,tertiary,216.83242879826298,0.0,0.0,False,False
275,1008,,tertiary,40.14870555688392,0.0,0.0,False,False
276,1009,,tertiary,31.296420378863715,0.0,0.0,False,False
277,1010,,tertiary,230.16509389904544,0.0,0.0,False,False
278,1011,,tertiary,241.21983142729903,0.0,0.0,False,False
279,1055,,tertiary,39.17397196823141,0.0,0.0,False,False
280,1056,,tertiary,37.82601201685067,0.0,0.0,False,False
281,1057,,tertiary,217.59118119755252,0.0,0.0,False,False
282,1058,,tertiary,78.59422182090984,0.0,0.0,False,False
283,1059,,tertiary,52.43234199676663,0.0,0.0,False,False
284,1060,,tertiary,62.98103930981727,0.0,0.0,False,False
285,1061,,tertiary,84.59926024649005,0.0,0.0,False,False
286,1062,,tertiary,224.32829927013663,0.0,0.0,False,False
287,1063,,tertiary,89.32526415823126,0.0,0.0,False,False
288,1064,,tertiary,60.810081936657255,0.0,0.0,False,False
289,1065,,tertiary,13.554300436966143,0.0,0.0,False,False
290,1066,,tertiary,68.24547482281874,0.0,0.0,False,False
291,1067,,tertiary,554.9835867706956,0.0,0.0,False,False
292,1068,,tertiary,527.3796823056963,0.0,0.0,False,False
293,1069,,tertiary,68.99363203927304,0.0,0.0,False,False
294,1070,,tertiary,24.56742913586966,0.0,0.0,False,False
295,1082,طريق الملك عبدالعزيز,trunk,165.97634244676857,0.0,0.0,False,True
296,1083,,trunk,122.68072134166891,0.0,0.0,False,True
297,1084,,trunk_link,70.15101026415984,0.0,0.0,False,False
298,1085,,trunk_link,85.90659086614946,0.0,0.0,False,False
299,1086,,trunk_link,192.04748841171224,0.0,0.0,False,False
300,1087,,trunk_link,59.26662800935405,0.0,0.0,False,False
301,1088,,trunk_link,159.9107193211005,0.0,0.0,False,False
302,1089,,trunk_link,108.98757129505721,0.0,0.0,False,False
303,1090,,trunk_link,35.93576618534925,0.0,0.0,False,False
304,1091,,trunk_link,162.59023248036294,0.0,0.0,False,False
305,1092,,trunk_link,104.84143982539007,0.0,0.0,False,False
306,1093,,trunk_link,40.81449875092657,0.0,0.0,False,False
307,1094,,trunk_link,124.95977775975682,0.0,0.0,False,False
308,1095,طريق الملك عبدالله,trunk,944.0471714005785,0.34213822207493566,0.32299462077786595,False,True
309,1096,طريق الملك عبدالله,trunk,1250.444700800956,0.34213822207493566,0.42782492673506395,False,True
310,1097,طريق الملك عبدالله,trunk,238.76436904362907,0.34213822207493566,0.08169041671943106,False,True
311,1098,طريق الملك عبدالله,trunk,31.900158021411944,0.34213822207493566,0.01091426334935538,False,True
312,1099,طريق الملك عبدالله,trunk,193.04932139003856,0.34213822207493566,0.06604955159316064,False,True
313,1100,طريق الملك عبدالله,trunk,802.1713776942266,0.34213822207493566,0.27445348896370436,False,True
314,1101,طريق الملك عبدالله,trunk,22.94110522609472,0.34213822207493566,0.007849028954490063,False,True
315,1102,طريق الملك عبدالله,trunk,92.79673813171591,0.34213822207493566,0.03174931099873867,False,True
316,1103,طريق الملك عبدالله,trunk,546.5078386997648,0.34213822207493566,0.18698122028275324,False,True
317,1104,طريق الملك عبدالله,trunk,649.1277203391351,0.34213822207493566,0.22209140413638773,False,True
318,1105,طريق الملك عبدالله,trunk,606.8387236581744,0.34213822207493566,0.207622721998631,False,True
319,1106,طريق الملك عبدالله,trunk,31.53111217800074,0.34213822207493566,0.010787998660626526,False,True
320,1107,طريق الملك عبدالله,trunk,222.85562260104265,0.34213822207493566,0.07624742649612358,False,True
321,1108,طريق الملك عبدالله,trunk,261.92614244768635,0.34213822207493566,0.08961494469199775,False,True
322,1109,طريق الملك عبدالله,trunk,100.60937726866094,0.34213822207493566,0.0344223134627661,False,True
323,1110,طريق الملك عبدالله,trunk,99.87429419008775,0.34213822207493566,0.0341708134451857,False,True
324,1111,طريق الملك عبدالله,trunk,560.8036344741398,0.34213822207493566,0.19187235843214429,False,True
325,1112,طريق الملك عبدالله,trunk,132.30152395799982,0.34213822207493566,0.04526540818479457,False,True
326,1113,طريق الملك عبدالله,trunk,11.210901360441797,0.34213822207493566,0.003835677859319034,False,True
327,1114,طريق الملك عبدالله,trunk,1597.501139598097,0.34213822207493566,0.5465661996647765,False,True
328,1115,طريق الملك عبدالله,trunk,3191.5177136562093,0.34213822207493566,1.091940196270999,False,True
329,1116,طريق الملك عبدالله,trunk,822.6234201865549,0.34213822207493566,0.2814509144198306,False,True
330,1117,طريق الملك عبدالله,trunk,101.33792148451361,0.34213822207493566,0.03467157628548091,False,True
331,1118,طريق الملك عبدالله,trunk,968.4281537807343,0.34213822207493566,0.3313362867418528,False,True
332,1119,طريق الملك عبدالله,trunk,1368.9060382581274,0.34213822207493566,0.46835507811727956,False,True
333,1120,طريق الملك عبدالله,trunk,694.5390533914805,0.34213822207493566,0.23762835688896994,False,True
334,1121,طريق الملك عبدالله,trunk,799.7740844860565,0.34213822207493566,0.2736332833276688,False,True
335,1122,,tertiary,22.2409924132844,0.0,0.0,False,False
336,1123,,tertiary,90.98644825529331,0.0,0.0,False,False
337,1124,,tertiary,47.43972367096593,0.0,0.0,False,False
338,1125,,tertiary,131.50985832017636,0.0,0.0,False,False
339,1126,,tertiary,142.81409310703287,0.0,0.0,False,False
340,1127,,tertiary,176.13902503435696,0.0,0.0,False,False
341,1128,,tertiary,554.090645133821,0.0,0.0,False,False
342,1129,,tertiary,55.1550003117279,0.0,0.0,False,False
343,1130,,tertiary,14.589988091073318,0.0,0.0,False,False
344,1131,,tertiary,42.024829658770706,0.0,0.0,False,False
345,1132,,tertiary,65.77742354845506,0.0,0.0,False,False
346,1133,,tertiary,63.62132630865557,0.0,0.0,False,False
347,1134,,tertiary,60.7127713856815,0.0,0.0,False,False
348,1135,,tertiary,60.19790082665362,0.0,0.0,False,False
349,1136,,tertiary,60.69451019131647,0.0,0.0,False,False
350,1137,,tertiary,85.73929703180144,0.0,0.0,False,False
351,1138,,tertiary,9.942857165330459,0.0,0.0,False,False
352,1139,,tertiary,85.34680455072545,0.0,0.0,False,False
353,1140,,tertiary,354.6131923316108,0.0,0.0,False,False
354,1141,,tertiary,30.058498299900645,0.0,0.0,False,False
355,1142,,tertiary,35.58784689266656,0.0,0.0,False,False
356,1156,,secondary_link,73.93058763224802,0.0,0.0,False,False
357,1169,,tertiary,16.275117820371936,0.0,0.0,False,False
358,1292,,tertiary,210.9444671160365,0.0,0.0,False,False
359,1293,,tertiary,27.559275462996702,0.0,0.0,False,False
360,1294,,tertiary,264.2524868480108,0.0,0.0,False,False
361,1301,,tertiary,42.62727050933041,0.0,0.0,False,False
362,1302,,tertiary,315.8891879138404,0.0,0.0,False,False
363,1303,,tertiary,93.98746839836278,0.0,0.0,False,False
364,1304,,tertiary,35.08351993165481,0.0,0.0,False,False
365,1305,,tertiary,19.890314742717727,0.0,0.0,False,False
366,1306,,tertiary,92.37594047382404,0.0,0.0,False,False
367,1307,,tertiary,33.471892396439614,0.0,0.0,False,False
368,1308,,tertiary,118.68678659264341,0.0,0.0,False,False
369,1309,,tertiary,32.23274861807754,0.0,0.0,False,False
370,1310,,tertiary,353.44233643010614,0.0,0.0,False,False
371,1312,,trunk,730.1739348549899,0.0,0.0,False,True
372,1313,,trunk,37.81380735076932,0.0,0.0,False,True
373,1314,,trunk,246.8988651409932,0.0,0.0,False,True
374,1336,طريق الملك عبدالله,trunk,753.0296590994216,0.0,0.0,False,True
375,1337,طريق الملك عبدالله,trunk,851.310896299088,0.0,0.0,False,True
376,1338,طريق الملك عبدالله,trunk,1241.2971280709419,0.0,0.0,False,True
377,1339,طريق الملك عبدالله,trunk,1037.3119175098534,0.0,0.0,False,True
378,1340,طريق الملك عبدالله,trunk,117.19985646391265,0.0,0.0,False,True
379,1341,طريق الملك عبدالله,trunk,86.71702545706638,0.0,0.0,False,True
380,1342,طريق الملك عبدالله,trunk,839.6019600150638,0.0,0.0,False,True
381,1343,طريق الملك عبدالله,trunk,2973.0802487063197,0.0,0.0,False,True
382,1344,طريق الملك عبدالله,trunk,75.00817599185702,0.0,0.0,False,True
383,1345,طريق الملك عبدالله,trunk,1582.057747596322,0.0,0.0,False,True
384,1346,طريق الملك عبدالله,trunk,453.27484396916645,0.0,0.0,False,True
385,1347,طريق الملك عبدالله,trunk,438.9295942276319,0.0,0.0,False,True
386,1348,طريق الملك عبدالله,trunk,38.16617578594604,0.0,0.0,False,True
387,1349,طريق الملك عبدالله,trunk,105.29166531976576,0.0,0.0,False,True
388,1350,طريق الملك عبدالله,trunk,118.79037273123566,0.0,0.0,False,True
389,1351,طريق الملك عبدالله,trunk,237.1325306343802,0.0,0.0,False,True
390,1352,طريق الملك عبدالله,trunk,30.891965448135156,0.0,0.0,False,True
391,1353,طريق الملك عبدالله,trunk,143.54883083667448,0.0,0.0,False,True
392,1354,طريق الملك عبدالله,trunk,119.76567920211691,0.0,0.0,False,True
393,1355,طريق الملك عبدالله,trunk,993.2341852547208,0.0,0.0,False,True
394,1356,طريق الملك عبدالله,trunk,196.91253002965496,0.0,0.0,False,True
395,1357,طريق الملك عبدالله,trunk,337.74846442467333,0.0,0.0,False,True
396,1358,طريق الملك عبدالله,trunk,198.60722313682206,0.0,0.0,False,True
397,1359,طريق الملك عبدالله,trunk,822.2414182229941,0.0,0.0,False,True
398,1360,طريق الملك عبدالله,trunk,1213.0277832999734,0.0,0.0,False,True
399,1361,طريق الملك عبدالله,trunk,172.59695127309146,0.0,0.0,False,True
400,1362,طريق الملك عبدالله,trunk,1161.7915623203155,0.0,0.0,False,True
401,1375,,primary,260.2749282936206,0.0,0.0,False,True
402,1376,,primary,411.0133317887146,0.0,0.0,False,True
403,1377,,primary,265.80405427833904,0.0,0.0,False,True
404,1378,,primary,412.69602894657714,0.0,0.0,False,True
405,1379,,secondary_link,6.0354185136174765,0.0,0.0,False,False
406,1380,,secondary_link,182.9673407216068,0.0,0.0,False,False
407,1381,,secondary,6.772295041239695,0.34213822207493566,0.0023170609847766523,False,True
408,1382,,secondary,29.94887150327711,0.0,0.0,False,True
409,1383,,secondary,6.708203288283453,0.0,0.0,False,True
410,1384,,secondary,50.53216433597082,0.0,0.0,False,True
411,1385,,secondary,54.57305574689566,0.34213822207493566,0.01867152826643923,False,True
412,1386,,secondary,50.713637017095415,0.34213822207493566,0.01735107360398267,False,True
413,1387,,secondary,17.49356010098682,0.34213822207493566,0.005985215550712662,False,True
414,1388,,secondary,55.907660744601884,0.34213822207493566,0.019128147647526763,False,True
415,1389,,secondary,51.92330328025301,0.34213822207493566,0.01776494666856344,False,True
416,1390,,secondary_link,56.81923064829137,0.0,0.0,False,False
417,1391,,secondary_link,85.72984859914435,0.0,0.0,False,False
418,1392,,secondary_link,57.18766809552077,0.0,0.0,False,False
419,1393,,secondary_link,71.13820148198276,0.0,0.0,False,False
420,1394,,secondary_link,49.21293180323692,0.0,0.0,False,False
421,1395,,secondary_link,62.72284789412906,0.0,0.0,False,False
422,1396,طريق الملك عبدالعزيز,trunk,160.16497740402235,0.0,0.0,False,True
423,1397,,secondary,34.34278889205807,0.0,0.0,False,True
424,1398,,secondary,81.89259737009968,0.0,0.0,False,True
425,1399,,secondary,79.64086834399443,0.0,0.0,False,True
426,1428,,trunk,27.8269326338786,0.0,0.0,False,True
427,1429,,secondary_link,37.6221801570902,0.0,0.0,False,False
428,1430,,secondary,82.43398589535924,0.34213822207493566,0.028203817372788535,False,True
429,1431,,secondary,43.876285582697044,0.0,0.0,False,True
430,1432,,secondary,31.836758710996858,0.0,0.0,False,True
431,1433,,secondary,101.0957535657715,0.0,0.0,False,True
432,1434,,secondary,152.39434106995677,0.0,0.0,False,True
433,1435,,secondary,276.4123730840044,0.0,0.0,False,True
434,1436,,secondary,19.009358390114603,0.0,0.0,False,True
435,1437,,secondary,13.346050386550887,0.0,0.0,False,True
436,1438,,secondary_link,100.6458110700857,0.0,0.0,False,False
437,1656,,primary,59.80251073159794,0.0,0.0,False,True
438,1657,,primary,56.482720810002924,0.0,0.0,False,True
439,1662,,trunk_link,483.9610141899035,0.0,0.0,False,False
440,1663,,trunk_link,35.8102623429884,0.0,0.0,False,False
441,1664,,trunk_link,41.766840309335464,0.0,0.0,False,False
442,1665,,trunk_link,2.669905855608196,0.0,0.0,False,False
443,1666,,trunk_link,25.298442089713266,0.0,0.0,False,False
444,1667,,trunk_link,60.24058530861089,0.0,0.0,False,False
445,1668,,trunk_link,16.47949671766887,0.0,0.0,False,False
446,1669,,trunk_link,56.732496339907854,0.0,0.0,False,False
447,1670,,trunk_link,99.4525114834566,0.0,0.0,False,False
448,1671,,trunk_link,333.62854762547954,0.0,0.0,False,False
449,1672,,trunk_link,217.70589284362,0.0,0.0,False,False
450,1739,,trunk_link,178.81436424070185,0.0,0.0,False,False
451,1740,,trunk_link,368.13251545771385,0.0,0.0,False,False
452,1741,,trunk_link,222.98271309516042,0.0,0.0,False,False
453,1742,,trunk_link,55.2742198708863,0.0,0.0,False,False
454,1775,,trunk_link,189.45941509924586,0.0,0.0,False,False
455,1776,,trunk_link,72.66955771520092,0.0,0.0,False,False
456,1777,,trunk_link,104.02581826314486,0.0,0.0,False,False
457,1778,,primary,72.07983105408327,0.0,0.0,False,True
458,1779,,primary,70.98519571037714,0.0,0.0,False,True
459,1780,,primary,67.36562365092698,0.0,0.0,False,True
460,1781,,primary,70.01867462061803,0.0,0.0,False,True
461,1782,,trunk_link,70.14914592988788,0.0,0.0,False,False
462,1783,,trunk_link,91.60284799152669,0.0,0.0,False,False
463,1784,,trunk_link,87.0038766331628,0.0,0.0,False,False
464,1785,,trunk_link,87.82696075903326,0.0,0.0,False,False
465,1786,,trunk_link,134.41816749115742,0.0,0.0,False,False
466,1787,,trunk_link,478.74916018568257,0.0,0.0,False,False
467,1788,,trunk_link,84.58651055834491,0.0,0.0,False,False
468,1789,,trunk_link,49.500422926495645,0.0,0.0,False,False
469,1790,,trunk_link,127.0295598120818,0.0,0.0,False,False
470,1791,,trunk_link,386.21603584750613,0.0,0.0,False,False
471,1794,,trunk,100.47395709089542,0.0,0.0,False,True
472,1795,,secondary,102.64133387755015,0.34213822207493566,0.03511752348426487,False,True
473,1798,,secondary,98.68302319500728,0.34213822207493566,0.03376323410491942,False,True
474,1799,,secondary,37.25519610866044,0.34213822207493566,0.012746426559670145,False,True
475,1800,,trunk_link,75.1058794509066,0.0,0.0,False,False
476,1801,,trunk_link,79.04682086730577,0.0,0.0,False,False
477,1802,,trunk_link,793.6454753696805,0.0,0.0,False,False
478,1803,,trunk_link,72.2198807576519,0.0,0.0,False,False
479,1804,,trunk_link,57.865427812200686,0.0,0.0,False,False
480,1805,,trunk_link,760.2065093781072,0.0,0.0,False,False
481,1807,,trunk_link,60.20747918255189,0.0,0.0,False,False
482,1808,,trunk_link,463.72620499993985,0.0,0.0,False,False
483,1809,,trunk_link,59.18002284044081,0.0,0.0,False,False
484,1810,,trunk_link,268.17387667964425,0.0,0.0,False,False
485,1811,طريق الملك عبدالله,trunk,162.4772358880707,0.34213822207493566,0.055589672614394445,False,True
486,1812,طريق الملك عبدالله,trunk,782.9585988104133,0.34213822207493566,0.26788006295527766,False,True
487,1813,طريق الملك عبدالله,trunk,129.87280482893388,0.34213822207493566,0.04443445054005656,False,True
488,1814,طريق الملك عبدالله,trunk,1504.2025246262247,0.34213822207493566,0.5146451774162462,False,True
489,1815,طريق الملك عبدالله,trunk,129.03521772263613,0.34213822207493566,0.04414787997667496,False,True
490,1816,طريق الملك عبدالله,trunk,28.97719423665947,0.34213822207493566,0.009914205716850743,False,True
491,1817,طريق الملك عبدالله,trunk,146.4919149640338,0.34213822207493566,0.05012048333414719,False,True
492,1818,طريق الملك عبدالله,trunk,196.61726502626317,0.34213822207493566,0.06727028148532212,False,True
493,1819,طريق الملك عبدالله,trunk,242.8935591673449,0.34213822207493566,0.08310317048696858,False,True
494,1820,طريق الملك عبدالله,trunk,345.9208851325924,0.34213822207493566,0.1183527566178532,False,True
495,1821,طريق الملك عبدالله,trunk,74.31630306494165,0.34213822207493566,0.02542644780182123,False,True
496,1822,طريق الملك عبدالله,trunk,71.09797240214193,0.34213822207493566,0.024325333870801685,False,True
497,1823,طريق الملك عبدالله,trunk,24.845075128809576,0.34213822207493566,0.008500449831889112,False,True
498,1824,طريق الملك عبدالله,trunk,121.86464077276302,0.34213822207493566,0.041694551527793854,False,True
499,1825,طريق الملك عبدالله,trunk,320.82420910012513,0.34213822207493566,0.10976622450011421,False,True
500,1826,طريق الملك عبدالله,trunk,332.7569944308725,0.34213822207493566,0.11384888645757799,False,True
501,1827,طريق الملك عبدالله,trunk,95.08831019371186,0.34213822207493566,0.03253334538978656,False,True
502,1828,طريق الملك عبدالله,trunk,31.38599851609794,0.34213822207493566,0.010738349730344317,False,True
503,1829,طريق الملك عبدالله,trunk,134.3893605961053,0.34213822207493566,0.04597973690013888,False,True
504,1830,طريق الملك عبدالله,trunk,28.031001053387566,0.34213822207493566,0.009590476863386672,False,True
505,1831,طريق الملك عبدالله,trunk,122.97628101406917,0.34213822207493566,0.04207488614354129,False,True
506,1832,طريق الملك عبدالله,trunk,12.65632965961845,0.34213822207493566,0.004330214127736131,False,True
507,1833,طريق الملك عبدالله,trunk,243.03466545621097,0.34213822207493566,0.0831514483417648,False,True
508,1834,طريق الملك عبدالله,trunk,273.12504752969653,0.34213822207493566,0.09344651816594267,False,True
509,1835,طريق الملك عبدالله,trunk,161.88755013168344,0.0,0.0,False,True
510,1836,طريق الملك عبدالله,trunk,82.78449293961928,0.0,0.0,False,True
511,1837,طريق الملك عبدالله,trunk,83.19525257825211,0.0,0.0,False,True
512,1838,طريق الملك عبدالله,trunk,106.48310237627732,0.0,0.0,False,True
513,1839,طريق الملك عبدالله,trunk,36.71606209858591,0.0,0.0,False,True
514,1840,طريق الملك عبدالله,trunk,249.87738293810418,0.0,0.0,False,True
515,1841,طريق الملك عبدالله,trunk,252.12692368951917,0.0,0.0,False,True
516,1842,طريق الملك عبدالله,trunk,247.3446650353111,0.0,0.0,False,True
517,1843,طريق الملك عبدالله,trunk,174.00302279697993,0.0,0.0,False,True
518,1844,طريق الملك عبدالله,trunk,116.2910326395222,0.0,0.0,False,True
519,1845,طريق الملك عبدالله,trunk,77.21332977098314,0.0,0.0,False,True
520,1846,طريق الملك عبدالله,trunk,63.0067234059765,0.0,0.0,False,True
521,1847,طريق الملك عبدالله,trunk,81.4234149225582,0.0,0.0,False,True
522,1848,طريق الملك عبدالله,trunk,174.40745503616515,0.0,0.0,False,True
523,1849,طريق الملك عبدالله,trunk,51.70573694827247,0.0,0.0,False,True
524,1850,طريق الملك عبدالله,trunk,227.96593116756102,0.0,0.0,False,True
525,1851,طريق الملك عبدالله,trunk,241.29721694946693,0.0,0.0,False,True
526,1852,طريق الملك عبدالله,trunk,1095.9342442833195,0.0,0.0,False,True
527,1853,طريق الملك عبدالله,trunk,30.619752680577463,0.0,0.0,False,True
528,1854,طريق الملك عبدالله,trunk,394.2894425526056,0.0,0.0,False,True
529,1855,طريق الملك عبدالله,trunk,96.31316622476768,0.0,0.0,False,True
530,1856,طريق الملك عبدالله,trunk,14.596024925586361,0.0,0.0,False,True
531,1857,طريق الملك عبدالله,trunk,744.1410568078253,0.0,0.0,False,True
532,1858,طريق الملك عبدالله,trunk,770.5889434771747,0.0,0.0,False,True
533,1870,طريق الملك فيصل,trunk,35.7124045153931,0.0,0.0,False,True
534,1871,طريق الملك فيصل,trunk,143.4051740516408,0.0,0.0,False,True
535,1872,طريق الملك فيصل,trunk,57.8040071588354,0.0,0.0,False,True
536,1873,طريق الملك فيصل,trunk,16.489494190157753,0.0,0.0,False,True
537,1874,طريق الملك فيصل,trunk,30.33606611200209,0.0,0.0,False,True
538,1875,طريق الملك فيصل,trunk,108.23084103437917,0.0,0.0,False,True
539,1876,طريق الملك فيصل,trunk,106.95987461264612,0.0,0.0,False,True
540,1877,طريق الملك فيصل,trunk,284.15143787508646,0.0,0.0,False,True
541,1878,طريق الملك فيصل,trunk,14.273865197929766,0.0,0.0,False,True
542,1879,طريق الملك فيصل,trunk,431.8019075044298,0.0,0.0,False,True
543,1880,طريق الملك فيصل,trunk,106.92823712667547,0.0,0.0,False,True
544,1881,طريق الملك فيصل,trunk,217.18793093334955,0.0,0.0,False,True
545,1882,طريق الملك فيصل,trunk,61.66362389810487,0.0,0.0,False,True
546,1883,طريق الملك فيصل,trunk,308.18278520421364,0.0,0.0,False,True
547,1884,طريق الملك فيصل,trunk,58.77379093372939,0.0,0.0,False,True
548,1885,طريق الملك فيصل,trunk,281.0469627339432,0.0,0.0,False,True
549,1886,طريق الملك فيصل,trunk,11.650683813362907,0.0,0.0,False,True
550,1887,طريق الملك فيصل,trunk,247.9079357373756,0.0,0.0,False,True
551,1888,طريق الملك فيصل,trunk,146.94976197768966,0.0,0.0,False,True
552,1889,طريق الملك فيصل,trunk,858.8978010566278,0.0,0.0,False,True
553,1890,طريق الملك فيصل,trunk,76.96011545149501,0.0,0.0,False,True
554,1891,طريق الملك فيصل,trunk,138.8923567890083,0.0,0.0,False,True
555,1892,طريق الملك فيصل,trunk,245.75136428383811,0.0,0.0,False,True
556,1893,طريق السودة,primary,14.413479994975065,0.0,0.0,False,True
557,1894,طريق السودة,primary,95.25464458706618,0.6282474952963251,0.05984349187716597,False,True
558,1895,طريق السودة,primary,384.2384524805157,0.6282474952963251,0.24139684536742,False,True
559,1896,طريق السودة,primary,232.0791923584382,0.6282474952963251,0.14580317130958284,False,True
560,1897,طريق السودة,primary,92.1994807774134,0.6282474952963251,0.05792409286603164,False,True
561,1898,طريق السودة,primary,22.54479768641193,0.6282474952963251,0.01416371267845068,False,True
562,1899,طريق السودة,primary,388.1594901566218,0.6282474952963251,0.24386022746639618,False,True
563,1900,طريق السودة,primary,531.4435002507903,0.6282474952963251,0.33387804792407094,False,True
564,1901,طريق السودة,primary,132.61874921686822,0.6282474952963251,0.08331739702482893,False,True
565,1902,طريق السودة,primary,356.5511168544043,0.6282474952963251,0.22400234610888684,False,True
566,1903,طريق السودة,primary,343.1461993266158,0.6282474952963251,0.21558074024739987,False,True
567,1904,طريق السودة,primary,163.04463653031226,0.6282474952963251,0.10243238452166838,False,True
568,1905,طريق السودة,primary,32.38109696175972,0.6282474952963251,0.020343343061172983,False,True
569,1906,طريق السودة,primary,22.675422297458173,0.6282474952963251,0.014245777263164538,False,True
570,1907,طريق السودة,primary,89.47672196131766,0.6282474952963251,0.05621352645952351,False,True
571,1908,طريق السودة,primary,63.98236808645949,0.6282474952963251,0.0401967624934457,False,True
572,1909,طريق السودة,primary,166.57563399305334,0.6282474952963251,0.10465072483353315,False,True
573,1910,طريق السودة,primary,49.977035988765834,0.6282474952963251,0.03139794768227643,False,True
574,1911,طريق السودة,primary,857.3819576578155,0.6282474952963251,0.5386480674107824,False,True
575,1912,طريق السودة,primary,76.37454047041828,0.6282474952963251,0.0479821137549481,False,True
576,1913,طريق السودة,primary,46.6270112459124,0.6282474952963251,0.029293303028398048,False,True
577,1914,طريق السودة,primary,384.4348220873164,0.6282474952963251,0.24152021408104485,False,True
578,1915,طريق السودة,primary,24.470362981730588,0.6282474952963251,0.015373444252264156,False,True
579,1916,طريق السودة,primary,68.40707308804951,0.6282474952963251,0.04297657232811975,False,True
580,1917,طريق السودة,primary,165.4842307601328,0.6282474952963251,0.1039650534860925,False,True
581,1918,طريق السودة,primary,290.363039890517,0.6282474952963251,0.1824198525378442,False,True
582,1919,طريق السودة,primary,1005.0007081111605,0.6282474952963251,0.6313891776418696,False,True
583,1920,طريق السودة,primary,36.267395316652845,0.6282474952963251,0.02278490026860882,False,True
584,1921,طريق السودة,primary,790.6574978517666,0.6282474952963251,0.4967285926626319,False,True
585,1922,طريق السودة,primary,327.99999361392105,0.6282474952963251,0.2060651744451565,False,True
586,1923,طريق السودة,primary,863.4404710659333,0.6282474952963251,0.5424543132846515,False,True
587,1954,عمر بن الخطاب,tertiary,247.0424774260139,0.0,0.0,False,False
588,1955,عمر بن الخطاب,tertiary,107.44440868390741,0.0,0.0,False,False
589,2041,,tertiary,113.60074916048877,0.0,0.0,False,False
590,2042,,tertiary,101.08366349747098,0.0,0.0,False,False
591,2043,,tertiary,43.946530199443096,0.0,0.0,False,False
592,2044,,tertiary,11.290824852806567,0.0,0.0,False,False
593,2065,,tertiary,96.79995539298392,0.0,0.0,False,False
594,2066,,tertiary,138.12101020046555,0.0,0.0,False,False
595,2067,,tertiary,51.67316094099258,0.0,0.0,False,False
596,2068,,tertiary,26.015002396931866,0.0,0.0,False,False
597,2069,,tertiary,23.844408178513923,0.0,0.0,False,False
598,2070,,tertiary,15.604719240438364,0.0,0.0,False,False
599,2071,,tertiary,63.59681307909514,0.0,0.0,False,False
600,2072,,tertiary,22.918730588253155,0.0,0.0,False,False
601,2073,,tertiary,67.10882122378331,0.0,0.0,False,False
602,2074,,tertiary,3.2838610309749696,0.0,0.0,False,False
603,2075,,tertiary,45.31442030148421,0.0,0.0,False,False
604,2076,,tertiary,27.107028308047944,0.0,0.0,False,False
605,2077,,tertiary,17.008526419494938,0.0,0.0,False,False
606,2078,,tertiary,36.88418701569796,0.0,0.0,False,False
607,2079,,tertiary,10.563242509363779,0.0,0.0,False,False
608,2080,,tertiary,75.57491885705045,0.0,0.0,False,False
609,2081,,tertiary,47.712901936248244,0.0,0.0,False,False
610,2082,,tertiary,20.978176485503045,0.0,0.0,False,False
611,2083,,tertiary,85.17613307251506,0.0,0.0,False,False
612,2086,,tertiary,110.4233524387721,0.0,0.0,False,False
613,2087,,tertiary,33.479063730228894,0.0,0.0,False,False
614,2088,,tertiary,31.95829822161118,0.0,0.0,False,False
615,2089,,tertiary,55.304192941353485,0.0,0.0,False,False
616,2090,,tertiary,20.599389330123685,0.0,0.0,False,False
617,2091,,tertiary,27.736486048967176,0.0,0.0,False,False
618,2092,,tertiary,12.951880149604841,0.0,0.0,False,False
619,2093,,tertiary,13.498326438743065,0.0,0.0,False,False
620,2094,,tertiary,18.30206679245407,0.0,0.0,False,False
621,2095,,tertiary,32.37880726543385,0.0,0.0,False,False
622,2111,,tertiary,7.094303137844868,0.0,0.0,False,False
623,2112,,tertiary,56.981925141464885,0.0,0.0,False,False
624,2113,,tertiary,49.015354081153795,0.0,0.0,False,False
625,2114,,tertiary,26.019310984193726,0.0,0.0,False,False
626,2115,,tertiary,2.429011008100492,0.0,0.0,False,False
627,2163,,tertiary,57.043740681238404,0.0,0.0,False,False
628,2164,,tertiary,6.89374058260105,0.0,0.0,False,False
629,2165,,tertiary,28.547668712471303,0.0,0.0,False,False
630,2166,,tertiary,83.48599638382167,0.0,0.0,False,False
631,2167,,tertiary,50.49920703868961,0.0,0.0,False,False
632,2178,,tertiary,60.69579984670183,0.0,0.0,False,False
633,2179,,tertiary,55.56151021868418,0.0,0.0,False,False
634,2180,,tertiary,11.332721571473819,0.0,0.0,False,False
635,2181,,tertiary,29.994800011847452,0.0,0.0,False,False
636,2182,,tertiary,4.308963605869806,0.0,0.0,False,False
637,2183,,tertiary,18.731627712168304,0.0,0.0,False,False
638,2184,,tertiary,48.13976372206985,0.0,0.0,False,False
639,2185,,tertiary,70.0347100043131,0.0,0.0,False,False
640,2186,,tertiary,29.901960680096863,0.0,0.0,False,False
641,2187,,tertiary,116.59316282484261,0.0,0.0,False,False
642,2188,,tertiary,149.96778231292458,0.0,0.0,False,False
643,2189,,tertiary,61.32998648876571,0.0,0.0,False,False
644,2190,,tertiary,99.22622627691435,0.0,0.0,False,False
645,2191,,tertiary,28.68393581377118,0.0,0.0,False,False
646,2192,,tertiary,97.45478133343295,0.0,0.0,False,False
647,2193,,tertiary,103.52636482128543,0.0,0.0,False,False
648,2194,,tertiary,20.204479939036343,0.0,0.0,False,False
649,2195,,tertiary,64.77716532140488,0.0,0.0,False,False
650,2196,,tertiary,20.342516109735584,0.0,0.0,False,False
651,2197,,tertiary,105.16194736657503,0.0,0.0,False,False
652,2198,,tertiary,98.96678287151005,0.0,0.0,False,False
653,2199,,tertiary,275.8197898714014,0.0,0.0,False,False
654,2229,,tertiary,39.8677774617658,0.0,0.0,False,False
655,2230,,tertiary,75.81568308522506,0.0,0.0,False,False
656,2231,,tertiary,36.95875044678146,0.0,0.0,False,False
657,2232,,tertiary,41.738909973443626,0.0,0.0,False,False
658,2233,,tertiary,2.776180235492007,0.0,0.0,False,False
659,2235,,tertiary,23.477774034484757,0.0,0.0,False,False
660,2236,,tertiary,160.5652536332416,0.0,0.0,False,False
661,2237,,tertiary,119.41863474807096,0.0,0.0,False,False
662,2238,,tertiary,6.14153667947964,0.0,0.0,False,False
663,2239,,tertiary,88.51629018054126,0.0,0.0,False,False
664,2240,,tertiary,27.626673483026398,0.0,0.0,False,False
665,2241,,tertiary,29.396000413315804,0.0,0.0,False,False
666,2242,,tertiary,17.334705190350306,0.0,0.0,False,False
667,2243,,tertiary,344.56944331332744,0.0,0.0,False,False
668,2244,,tertiary,117.93045889197609,0.0,0.0,False,False
669,2245,,tertiary,33.87119034322618,0.0,0.0,False,False
670,2246,,tertiary,8.461183089750273,0.0,0.0,False,False
671,2247,,tertiary,19.394895528661706,0.0,0.0,False,False
672,2248,,tertiary,9.912893111528687,0.0,0.0,False,False
673,2290,,tertiary,82.3267081443858,0.28610927322138935,0.023554434633899658,False,False
674,2291,,tertiary,40.34959305427443,0.28610927322138935,0.011544392743537276,False,False
675,2292,,tertiary,51.9797835563912,0.28610927322138935,0.01487189809552421,False,False
676,2293,,tertiary,58.44944005676945,0.28610927322138935,0.01672292681483947,False,False
677,2294,,tertiary,86.36448173887537,0.28610927322138935,0.024709679102451584,False,False
678,2295,,tertiary,20.772045611897706,0.28610927322138935,0.005943074873341603,False,False
679,2296,,tertiary,55.59369663618998,0.28610927322138935,0.015905872140270713,False,False
680,2297,,tertiary,51.74490151264276,0.28610927322138935,0.01480469616469459,False,False
681,2298,,tertiary,32.14626116989825,0.28610927322138935,0.009197343420104559,False,False
682,2299,,tertiary,15.96408479089704,0.28610927322138935,0.004567472697168187,False,False
683,2300,,tertiary,47.11549030757367,0.28610927322138935,0.013480178689369317,False,False
684,2301,,tertiary,64.49775906871656,0.28610927322138935,0.01845340697155877,False,False
685,2302,,tertiary,32.50726670621473,0.28610927322138935,0.009300630451728964,False,False
686,2303,,tertiary,83.36760448087611,0.28610927322138935,0.023852244728231706,False,False
687,2304,,tertiary,22.961994926281463,0.28610927322138935,0.006569639680071619,False,False
688,2305,,tertiary,84.8508493922644,0.28610927322138935,0.02427661485183833,False,False
689,2306,,tertiary,25.508061616558855,0.28610927322138935,0.007298092970400072,False,False
690,2307,,tertiary,30.107124861084205,0.28610927322138935,0.008613927612790425,False,False
691,2308,,tertiary,75.27028275233657,0.28610927322138935,0.021535525893439496,False,False
692,2309,,tertiary,6.86622525923343,0.28610927322138935,0.0019644907186936226,False,False
693,2310,,tertiary,37.08972917487968,0.28610927322138935,0.010611715458202985,False,False
694,2311,,tertiary,57.881376895596645,0.28610927322138935,0.01656039867665247,False,False
695,2312,,tertiary,27.874334028929646,0.28610927322138935,0.007975105450547302,False,False
696,2316,,tertiary,233.61560381754222,0.0,0.0,False,False
697,2317,,tertiary,68.56169196595117,0.0,0.0,False,False
698,2318,,tertiary,53.414566682714046,0.0,0.0,False,False
699,2319,,tertiary,110.03126963558168,0.0,0.0,False,False
700,2320,,tertiary,66.5502591080649,0.0,0.0,False,False
701,2321,,tertiary,28.24808607435596,0.0,0.0,False,False
702,2322,,tertiary,107.0470943641067,0.0,0.0,False,False
703,2323,,tertiary,132.15274753493568,0.0,0.0,False,False
704,2324,طريق الملك فيصل,tertiary,20.255039710351383,0.0,0.0,False,False
705,2325,طريق الملك فيصل,tertiary,76.68127252558338,0.0,0.0,False,False
706,2326,طريق الملك فيصل,tertiary,50.56894929787991,0.0,0.0,False,False
707,2327,طريق الملك فيصل,tertiary,58.78606362141873,0.0,0.0,False,False
708,2328,طريق الملك فيصل,tertiary,59.92782234756811,0.0,0.0,False,False
709,2329,طريق الملك فيصل,tertiary,25.062593901428414,0.0,0.0,False,False
710,2330,طريق الملك فيصل,tertiary,107.78697548341987,0.0,0.0,False,False
711,2331,طريق الملك فيصل,tertiary,42.637980241476335,0.0,0.0,False,False
712,2332,طريق الملك فيصل,tertiary,56.529061775934906,0.0,0.0,False,False
713,2333,طريق الملك فيصل,tertiary,101.33075370514865,0.0,0.0,False,False
714,2334,طريق الملك فيصل,tertiary,85.75802947435228,0.0,0.0,False,False
715,2335,,tertiary,135.30895302587612,0.0,0.0,False,False
716,2336,,tertiary,35.160545455732205,0.0,0.0,False,False
717,2337,,tertiary,262.4318639763435,0.0,0.0,False,False
718,2338,,tertiary,31.742779811019673,0.0,0.0,False,False
719,2339,,tertiary,68.78422675013223,0.0,0.0,False,False
720,2355,طريق الملك عبدالعزيز,trunk,47.24732715306627,0.0,0.0,False,True
721,2356,طريق الملك عبدالعزيز,trunk,45.65882224394275,0.0,0.0,False,True
722,2357,طريق الملك عبدالعزيز,trunk,54.585764568281334,0.0,0.0,False,True
723,2358,طريق الملك عبدالعزيز,trunk,214.10912655024697,0.0,0.0,False,True
724,2359,طريق الملك عبدالعزيز,trunk,64.9304999330748,0.0,0.0,False,True
725,2360,طريق الملك عبدالعزيز,trunk,357.0049164637629,0.0,0.0,False,True
726,2361,طريق الملك عبدالعزيز,trunk,103.17338054924205,0.0,0.0,False,True
727,2362,طريق الملك عبدالعزيز,trunk,192.98833260833058,0.0,0.0,False,True
728,2363,طريق الملك عبدالعزيز,trunk,32.474789394644795,0.0,0.0,False,True
729,2364,طريق الملك عبدالعزيز,trunk,221.47064914630178,0.0,0.0,False,True
730,2365,طريق الملك عبدالعزيز,trunk,34.11557074374876,0.0,0.0,False,True
731,2366,طريق الملك عبدالعزيز,trunk,69.88525036318471,0.0,0.0,False,True
732,2367,طريق الملك عبدالعزيز,trunk,123.16935776389083,0.0,0.0,False,True
733,2368,طريق الملك عبدالعزيز,trunk,64.82981817257584,0.0,0.0,False,True
734,2369,طريق الملك عبدالعزيز,trunk,84.69832417273825,0.0,0.0,False,True
735,2370,طريق الملك عبدالعزيز,trunk,44.376802856209466,0.0,0.0,False,True
736,2371,طريق الملك عبدالعزيز,trunk,35.408825941840966,0.0,0.0,False,True
737,2372,طريق الملك عبدالعزيز,trunk,23.33576119135043,0.0,0.0,False,True
738,2373,طريق الملك عبدالعزيز,trunk,11.01288143223908,0.0,0.0,False,True
739,2374,طريق الملك عبدالعزيز,trunk,30.9917802076304,0.0,0.0,False,True
740,2375,طريق الملك عبدالعزيز,trunk,82.28325150802205,0.0,0.0,False,True
741,2376,طريق الملك عبدالعزيز,trunk,178.1392791752328,0.0,0.0,False,True
742,2377,طريق الملك عبدالعزيز,trunk,9.985479555054713,0.0,0.0,False,True
743,2378,طريق الملك عبدالعزيز,trunk,208.64938620053343,0.0,0.0,False,True
744,2379,طريق الملك عبدالعزيز,trunk,53.878722554100634,0.0,0.0,False,True
745,2414,,tertiary,67.13089722611896,0.0,0.0,False,False
746,2415,,tertiary,26.996326310952742,0.0,0.0,False,False
747,2416,,tertiary,46.25768276961018,0.0,0.0,False,False
748,2417,,tertiary,189.98214102057693,0.0,0.0,False,False
749,2418,,tertiary,157.27426828276094,0.0,0.0,False,False
750,2419,,tertiary,29.46172445212345,0.0,0.0,False,False
751,2721,,tertiary,194.37806757144776,0.0,0.0,False,False
752,2722,,tertiary,15.20403840697834,0.0,0.0,False,False
753,2723,,tertiary,123.76444138103227,0.0,0.0,False,False
754,2855,,tertiary,55.22529983098771,0.0,0.0,False,False
755,2856,,tertiary,40.87833749556403,0.0,0.0,False,False
756,2857,,tertiary,73.97472979388738,0.0,0.0,False,False
757,2858,,tertiary,43.178480930527,0.0,0.0,False,False
758,2859,,tertiary,47.38718146877872,0.0,0.0,False,False
759,2860,,tertiary,6.05240493958669,0.0,0.0,False,False
760,2861,,tertiary,10.827834477946983,0.0,0.0,False,False
761,2862,,tertiary,63.161039630352896,0.0,0.0,False,False
762,2863,,tertiary,13.545171714466745,0.0,0.0,False,False
763,2864,,tertiary,82.21252833166002,0.0,0.0,False,False
764,2865,,tertiary,13.321690548068016,0.0,0.0,False,False
765,2866,,tertiary,8.963171019117098,0.0,0.0,False,False
766,2867,,tertiary,127.95033771609984,0.0,0.0,False,False
767,2868,,tertiary,42.997551021185885,0.0,0.0,False,False
768,2869,,tertiary,127.70798154929253,0.0,0.0,False,False
769,2870,,tertiary,42.96284315665885,0.0,0.0,False,False
770,2916,,secondary,120.47575065147898,0.0,0.0,False,True
771,2917,,secondary,306.10207946652736,0.0,0.0,False,True
772,2918,,secondary,76.25543898824021,0.0,0.0,False,True
773,2919,,secondary,34.41462723647744,0.0,0.0,False,True
774,2920,,secondary,188.03568987559984,0.0,0.0,False,True
775,2921,,secondary,209.9199101899103,0.0,0.0,False,True
776,2922,,secondary,212.46773814339326,0.0,0.0,False,True
777,2926,,primary,10.894879144342735,0.0,0.0,False,True
778,2927,,primary,260.3603099321428,0.0,0.0,False,True
779,2928,,primary,52.33507698878368,0.0,0.0,False,True
780,2929,,primary,163.14920713434492,0.0,0.0,False,True
781,2930,,primary,88.36233420363847,0.0,0.0,False,True
782,2931,,primary,46.07770768082882,0.0,0.0,False,True
783,2932,,primary,65.66462198314645,0.0,0.0,False,True
784,2933,,primary,73.06611084192981,0.0,0.0,False,True
785,2962,,tertiary,70.59327158936905,0.0,0.0,False,False
786,2963,,tertiary,47.27517944389981,0.0,0.0,False,False
787,2964,,tertiary,149.65612307674593,0.0,0.0,False,False
788,2965,,tertiary,28.549793954928987,0.0,0.0,False,False
789,2966,,tertiary,35.69146818011917,0.0,0.0,False,False
790,2967,,tertiary,42.28019503549885,0.0,0.0,False,False
791,2968,,tertiary,28.42092401334279,0.0,0.0,False,False
792,2969,,tertiary,77.65757867703472,0.0,0.0,False,False
793,2970,,tertiary,66.35121276038278,0.0,0.0,False,False
794,2971,,tertiary,42.609497110046895,0.0,0.0,False,False
795,2972,,tertiary,53.85024931917403,0.0,0.0,False,False
796,2973,,tertiary,22.244990837945604,0.0,0.0,False,False
797,2974,,tertiary,123.51565318695882,0.0,0.0,False,False
798,2975,طريق الملك خالد,tertiary,86.81583091695632,0.0,0.0,False,False
799,2976,,tertiary,53.26929035367761,0.0,0.0,False,False
800,2977,الرياض,tertiary,73.82725572554406,0.0,0.0,False,False
801,2978,الرياض,tertiary,60.501886658865,0.0,0.0,False,False
802,2979,الرياض,tertiary,27.280089866304415,0.0,0.0,False,False
803,2980,الرياض,tertiary,47.864778619303166,0.0,0.0,False,False
804,2981,الرياض,tertiary,40.240037175900035,0.0,0.0,False,False
805,2982,الرياض,tertiary,8.683403046745314,0.0,0.0,False,False
806,2983,الرياض,tertiary,28.056567987748966,0.0,0.0,False,False
807,2984,الرياض,tertiary,31.005351802116362,0.0,0.0,False,False
808,2985,الرياض,tertiary,28.1517184634004,0.0,0.0,False,False
809,2986,الرياض,tertiary,17.022857788647038,0.0,0.0,False,False
810,2987,الرياض,tertiary,42.003099445890996,0.0,0.0,False,False
811,2988,الرياض,tertiary,13.813112179252096,0.0,0.0,False,False
812,2989,الرياض,tertiary,13.158647141078932,0.0,0.0,False,False
813,2990,الرياض,tertiary,33.08467525842833,0.0,0.0,False,False
814,2991,الرياض,tertiary,105.09602612345226,0.0,0.0,False,False
815,2992,الرياض,tertiary,52.09118917220802,0.0,0.0,False,False
816,3008,,tertiary,353.71379537680644,0.0,0.0,False,False
817,3030,,tertiary,83.80844253857612,0.0,0.0,False,False
818,3031,,tertiary,57.58147457584486,0.0,0.0,False,False
819,3032,,tertiary,153.32773975089907,0.0,0.0,False,False
820,3033,,tertiary,110.63511997538525,0.0,0.0,False,False
821,3046,,tertiary,41.60123885593778,0.0,0.0,False,False
822,3047,,tertiary,12.392858731537967,0.0,0.0,False,False
823,3048,,tertiary,14.763613383526177,0.0,0.0,False,False
824,3049,,tertiary,63.909627073549004,0.0,0.0,False,False
825,3050,,tertiary,29.695904024524946,0.0,0.0,False,False
826,3051,,tertiary,82.88575165876304,0.0,0.0,False,False
827,3052,,tertiary,39.82295310711193,0.0,0.0,False,False
828,3053,,tertiary,74.13949275326418,0.0,0.0,False,False
829,3054,,tertiary,32.283194762479745,0.0,0.0,False,False
830,3055,,tertiary,8.6502701582271,0.0,0.0,False,False
831,3056,,tertiary,37.310106572554425,0.0,0.0,False,False
832,3057,,tertiary,44.89196158038377,0.0,0.0,False,False
833,3058,,tertiary,78.05500302413839,0.0,0.0,False,False
834,3059,,tertiary,23.772003996275757,0.0,0.0,False,False
835,3060,,tertiary,59.21170533080202,0.0,0.0,False,False
836,3061,,tertiary,13.009840601485699,0.0,0.0,False,False
837,3062,,tertiary,54.330914655332414,0.0,0.0,False,False
838,3063,,tertiary,51.79555868877819,0.0,0.0,False,False
839,3064,,tertiary,39.385258815236845,0.0,0.0,False,False
840,3065,,tertiary,123.59812208808225,0.0,0.0,False,False
841,3066,,tertiary,39.49394382902382,0.0,0.0,False,False
842,3067,,tertiary,35.094942459143844,0.0,0.0,False,False
843,3068,,tertiary,20.57848182196699,0.0,0.0,False,False
844,3069,,tertiary,80.21539403249945,0.0,0.0,False,False
845,3070,,tertiary,74.79594676904813,0.0,0.0,False,False
846,3071,,tertiary,56.196418449725,0.0,0.0,False,False
847,3072,,tertiary,70.05095738040536,0.0,0.0,False,False
848,3073,,tertiary,9.504099925436478,0.0,0.0,False,False
849,3074,,tertiary,61.67119130616423,0.0,0.0,False,False
850,3075,,tertiary,61.87399422341609,0.0,0.0,False,False
851,3076,,tertiary,102.18867920426504,0.0,0.0,False,False
852,3077,,tertiary,4.4216583393064885,0.0,0.0,False,False
853,3078,,tertiary,41.221973894525824,0.0,0.0,False,False
854,3087,,primary,72.20742976680103,0.0,0.0,False,True
855,3088,,primary,47.00420379852014,0.0,0.0,False,True
856,3089,,tertiary,87.61622975588469,0.0,0.0,False,False
857,3090,,tertiary,46.98829612797284,0.0,0.0,False,False
858,3091,,tertiary,47.1409666820099,0.0,0.0,False,False
859,3092,,tertiary,18.95662458263642,0.0,0.0,False,False
860,3093,,tertiary,111.5115813849471,0.0,0.0,False,False
861,3094,,tertiary,47.400439798119734,0.0,0.0,False,False
862,3095,,tertiary,54.383577563946005,0.0,0.0,False,False
863,3096,,tertiary,64.68513156342283,0.0,0.0,False,False
864,3097,,tertiary,40.11896966835545,0.0,0.0,False,False
865,3098,,tertiary,52.11244283308368,0.0,0.0,False,False
866,3099,,tertiary,10.618808187232187,0.0,0.0,False,False
867,3100,,tertiary,18.85750880921002,0.0,0.0,False,False
868,3101,,tertiary,133.15858397157797,0.0,0.0,False,False
869,3286,,tertiary,71.74802058408108,0.0,0.0,False,False
870,3287,,tertiary,32.68129450094643,0.0,0.0,False,False
871,3391,,primary,250.63360326441938,0.0,0.0,False,True
872,3392,,primary,237.0688748345242,0.0,0.0,False,True
873,3393,,primary,77.46574220317864,0.0,0.0,False,True
874,3394,,primary,37.77819963971523,0.0,0.0,False,True
875,3395,,primary,99.14017317658191,0.0,0.0,False,True
876,3561,عمر بن الخطاب,tertiary,29.854585078784048,0.0,0.0,False,False
877,3562,عمر بن الخطاب,tertiary,76.3289999063795,0.0,0.0,False,False
878,3563,عمر بن الخطاب,tertiary,82.54854376410671,0.0,0.0,False,False
879,3564,عمر بن الخطاب,tertiary,45.66610664721263,0.0,0.0,False,False
880,3565,عمر بن الخطاب,tertiary,87.25654497432924,0.0,0.0,False,False
881,3566,عمر بن الخطاب,tertiary,68.56822827030764,0.0,0.0,False,False
882,3567,عمر بن الخطاب,tertiary,84.28234084260794,0.0,0.0,False,False
883,3568,,tertiary,11.646479508466646,0.0,0.0,False,False
884,3569,,tertiary,47.48635764621023,0.0,0.0,False,False
885,3570,,tertiary,84.11637194921883,0.0,0.0,False,False
886,3571,,tertiary,164.33656700644204,0.0,0.0,False,False
887,3572,,tertiary,70.28660218318288,0.0,0.0,False,False
888,3573,,tertiary,10.029268485041724,0.0,0.0,False,False
889,3574,,tertiary,55.64434374494526,0.0,0.0,False,False
890,3575,,tertiary,98.2178985830454,0.0,0.0,False,False
891,3576,,tertiary,7.93510512138219,0.0,0.0,False,False
892,3577,,tertiary,39.421876034018105,0.0,0.0,False,False
893,3578,,tertiary,15.106913432263168,0.0,0.0,False,False
894,3579,,tertiary,30.429646669905992,0.0,0.0,False,False
895,3580,,tertiary,16.14028962110812,0.0,0.0,False,False
896,3581,,tertiary,35.299306001237284,0.0,0.0,False,False
897,3582,,tertiary,54.31145775380692,0.0,0.0,False,False
898,3583,,tertiary,8.548425710659519,0.0,0.0,False,False
899,3584,,tertiary,43.00648403537682,0.0,0.0,False,False
900,3585,,tertiary,12.328787931750778,0.0,0.0,False,False
901,3586,,tertiary,50.94022703450545,0.0,0.0,False,False
902,3587,,tertiary,29.29314507181362,0.0,0.0,False,False
903,3588,,tertiary,25.677463846060995,0.0,0.0,False,False
904,3589,,tertiary,27.90535528034821,0.0,0.0,False,False
905,3590,طريق الملك فيصل,tertiary,7.77106081851396,0.0,0.0,False,False
906,3591,طريق الملك فيصل,tertiary,42.285276599470485,0.0,0.0,False,False
907,3592,طريق الملك فيصل,tertiary,25.251733363973024,0.0,0.0,False,False
908,3593,طريق الملك فيصل,tertiary,27.336838588212817,0.0,0.0,False,False
909,3594,طريق الملك فيصل,tertiary,131.92915741514625,0.0,0.0,False,False
910,3595,طريق الملك فيصل,tertiary,100.90444735682019,0.0,0.0,False,False
911,3596,طريق الملك فيصل,tertiary,68.36193930844067,0.0,0.0,False,False
912,3597,طريق الملك فيصل,tertiary,61.260716582842655,0.0,0.0,False,False
913,3598,طريق الملك فيصل,tertiary,30.375825655402195,0.0,0.0,False,False
914,3599,,tertiary,61.66497343940412,0.0,0.0,False,False
915,3600,طريق الملك فيصل,primary,123.5336734091245,0.28610927322138935,0.03534412951745308,False,True
916,3601,طريق الملك فيصل,primary,46.51338559237697,0.28610927322138935,0.013307910946901216,False,True
917,3602,طريق الملك فيصل,primary,52.62282277273506,0.28610927322138935,0.015055877578365205,False,True
918,3603,طريق الملك فيصل,primary,25.83775211737717,0.28610927322138935,0.007392420479977196,False,True
919,3604,طريق الملك فيصل,primary,70.93266841719073,0.28610927322138935,0.020294494208496237,False,True
920,3605,طريق الملك فيصل,primary,111.39843053900475,0.28610927322138935,0.031872123999518075,False,True
921,3606,طريق الملك فيصل,primary,109.30736787861346,0.28610927322138935,0.03127385158149314,False,True
922,3607,طريق الملك فيصل,primary,20.29836734216026,0.28610927322138935,0.005807551127846257,False,True
923,3608,طريق الملك فيصل,primary,183.77920626357098,0.28610927322138935,0.0525809351372741,False,True
924,3609,طريق الملك فيصل,primary,24.62364902438563,0.28610927322138935,0.007045054326425546,False,True
925,3610,طريق الملك فيصل,primary,44.46014251658115,0.28610927322138935,0.012720459062738425,False,True
926,3611,طريق الملك فيصل,primary,37.40529614566361,0.28610927322138935,0.010702002094866651,False,True
927,3612,طريق الملك فيصل,primary,34.282452418163814,0.28610927322138935,0.00980852754560771,False,True
928,3613,طريق الملك فيصل,primary,34.52025028858685,0.28610927322138935,0.009876563721488039,False,True
929,3614,طريق الملك فيصل,primary,165.7494375236539,0.28610927322138935,0.0474224511067467,False,True
930,3615,طريق الملك فيصل,primary,120.15719995890419,0.28610927322138935,0.03437808915255924,False,True
931,3616,طريق الملك فيصل,primary,37.51734272855131,0.28610927322138935,0.010734059661263591,False,True
932,3617,طريق الملك فيصل,primary,47.17782662739474,0.28610927322138935,0.013498013688528617,False,True
933,3618,طريق الملك فيصل,primary,109.53377179869405,0.28610927322138935,0.031338627842521866,False,True
934,3619,طريق الملك فيصل,primary,160.6968920867826,0.28610927322138935,0.04597687100388541,False,True
935,3620,طريق الملك فيصل,primary,56.80623048797012,0.28610927322138935,0.016252789319359858,False,True
936,3621,طريق الملك خالد,tertiary,27.008385172691092,0.28610927322138935,0.007727349452641997,False,False
937,3622,طريق الملك خالد,tertiary,8.731094768788767,0.28610927322138935,0.0024980471787252284,False,False
938,3623,طريق الملك خالد,tertiary,104.05758006059446,0.28610927322138935,0.029771838604313216,False,False
939,3624,طريق الملك خالد,tertiary,16.536802925285247,0.28610927322138935,0.004731332666358708,False,False
940,3625,طريق الملك خالد,tertiary,214.47923273308749,0.28610927322138935,0.06136449739834488,False,False
941,3626,طريق الملك خالد,tertiary,37.01603200500064,0.0,0.0,False,False
942,3627,طريق الملك خالد,tertiary,52.73490820633491,0.0,0.0,False,False
943,3628,,tertiary,40.474866505826924,0.0,0.0,False,False
944,3629,,tertiary,31.715500455854748,0.0,0.0,False,False
945,3630,,tertiary,34.86005419849774,0.0,0.0,False,False
946,3631,,tertiary,43.051246745787665,0.0,0.0,False,False
947,3632,,tertiary,26.1870195712048,0.0,0.0,False,False
948,3633,,tertiary,201.12617740576266,0.0,0.0,False,False
949,3634,,tertiary,72.11340834943718,0.0,0.0,False,False
950,3635,,tertiary,94.67895503749885,0.0,0.0,False,False
951,3636,,tertiary,66.29001067243269,0.0,0.0,False,False
952,3637,,tertiary,69.08421892419179,0.0,0.0,False,False
953,3638,,tertiary,175.1290496395611,0.0,0.0,False,False
954,3639,,tertiary,38.587305724676916,0.0,0.0,False,False
955,3640,,tertiary,72.22270624795566,0.0,0.0,False,False
956,3641,,trunk_link,168.86295351133498,0.0,0.0,False,False
957,3642,,trunk_link,190.20001926242594,0.0,0.0,False,False
958,3643,,trunk_link,176.5013445355052,0.0,0.0,False,False
959,3644,,trunk_link,148.99370472984708,0.0,0.0,False,False
960,3645,,trunk_link,24.852724876904126,0.0,0.0,False,False
961,3646,,trunk_link,294.284073931579,0.0,0.0,False,False
962,3647,,trunk,225.39533651343118,0.0,0.0,False,True
963,3648,,trunk,103.41073907281577,0.0,0.0,False,True
964,3649,,trunk,99.29518019904778,0.0,0.0,False,True
965,3650,,trunk,72.53757157051264,0.0,0.0,False,True
966,3651,,trunk,431.41747318989604,0.0,0.0,False,True
967,3652,,trunk,917.519633723625,0.0,0.0,False,True
968,3653,,trunk,30.12345418209425,0.0,0.0,False,True
969,3654,,trunk,39.64777029157899,0.0,0.0,False,True
970,3655,,trunk,96.59957295547716,0.0,0.0,False,True
971,3656,,trunk,21.427942174654742,0.0,0.0,False,True
972,3657,,trunk,255.47128174539318,0.0,0.0,False,True
973,3658,,trunk,127.28313068534575,0.0,0.0,False,True
974,3659,,trunk,100.96213132063635,0.0,0.0,False,True
975,3660,,trunk,175.7693843693967,0.0,0.0,False,True
976,3661,,trunk,117.41731278295178,0.0,0.0,False,True
977,3662,,trunk,40.25390639941411,0.0,0.0,False,True
978,3663,,trunk,174.8009457633764,0.0,0.0,False,True
979,3664,,trunk,49.8994033631569,0.0,0.0,False,True
980,3665,,trunk,10.44561088395398,0.0,0.0,False,True
981,3666,,trunk,17.43525650290403,0.0,0.0,False,True
982,3667,,trunk,182.1669599066726,0.0,0.0,False,True
983,3668,,trunk,32.933764554492555,0.0,0.0,False,True
984,3669,,trunk,105.25883287937626,0.0,0.0,False,True
985,3670,,trunk,33.93560848698327,0.0,0.0,False,True
986,3671,,trunk,30.690380022075203,0.0,0.0,False,True
987,3672,,trunk,166.05799740437217,0.0,0.0,False,True
988,3673,,trunk,31.80103774286151,0.0,0.0,False,True
989,3674,,trunk,61.9363713872981,0.0,0.0,False,True
990,3675,,trunk,13.555144504974988,0.0,0.0,False,True
991,3676,,trunk,24.148829259332807,0.0,0.0,False,True
992,3677,,trunk,174.61988529598074,0.0,0.0,False,True
993,3924,,secondary,73.52327766120145,0.0,0.0,False,True
994,3925,,secondary,55.68717661435656,0.0,0.0,False,True
995,3926,,secondary,99.53685752448047,0.0,0.0,False,True
996,3927,,secondary,62.25842312437202,0.0,0.0,False,True
997,3928,,secondary,65.53445111221906,0.0,0.0,False,True
998,3929,,secondary,54.952009415509494,0.0,0.0,False,True
999,3930,,secondary,132.31569563054984,0.0,0.0,False,True
1000,3931,,secondary,106.33210526381065,0.0,0.0,False,True
1001,3932,,secondary,138.81076605885397,0.0,0.0,False,True
1002,3933,,secondary,598.9226562458384,0.0,0.0,False,True
1003,3934,,secondary,73.40672678245447,0.0,0.0,False,True
1004,3935,,secondary,22.602057903015652,0.0,0.0,False,True
1005,3936,,secondary,67.02056206314909,0.0,0.0,False,True
1006,3937,,secondary,153.42577310868234,0.0,0.0,False,True
1007,3938,,secondary,22.908561070846687,0.0,0.0,False,True
1008,3939,,secondary,74.6947152548085,0.0,0.0,False,True
1009,3940,,secondary,299.081776495759,0.0,0.0,False,True
1010,3941,,secondary,36.02737922006292,0.0,0.0,False,True
1011,3942,,secondary,72.96284204179096,0.0,0.0,False,True
1012,3943,,secondary,87.30458090928146,0.0,0.0,False,True
1013,3944,,secondary,34.36331150047581,0.0,0.0,False,True
1014,3945,,secondary,54.81565966419417,0.0,0.0,False,True
1015,3946,,secondary,189.2750938369349,0.0,0.0,False,True
1016,3947,,secondary,11.420564760011004,0.0,0.0,False,True
1017,3948,,tertiary,40.26492008595978,0.0,0.0,False,False
1018,3949,,tertiary,69.41812881752037,0.0,0.0,False,False
1019,3950,,tertiary,4.93549585716376,0.0,0.0,False,False
1020,3951,,tertiary,50.03416172933187,0.0,0.0,False,False
1021,3952,,tertiary,63.903599437504525,0.0,0.0,False,False
1022,3953,,tertiary,123.55292497741145,0.0,0.0,False,False
1023,3954,,tertiary,35.57572686113719,0.0,0.0,False,False
1024,3955,,tertiary,140.5305009006348,0.0,0.0,False,False
1025,3956,,tertiary,10.559722184621245,0.0,0.0,False,False
1026,3957,,tertiary,60.31351399008998,0.0,0.0,False,False
1027,3958,,tertiary,138.5852426375691,0.0,0.0,False,False
1028,3959,,tertiary,74.6655062872185,0.0,0.0,False,False
1029,3960,,tertiary,35.07335987820241,0.0,0.0,False,False
1030,3961,,tertiary,153.28285764745368,0.0,0.0,False,False
1031,3962,,tertiary,137.40579019616877,0.0,0.0,False,False
1032,3963,,tertiary,34.35511710410878,0.0,0.0,False,False
1033,3964,,tertiary,71.61942191234763,0.0,0.0,False,False
1034,3965,,tertiary,104.60919655185985,0.0,0.0,False,False
1035,3966,,tertiary,90.47656740779665,0.0,0.0,False,False
1036,3967,,tertiary,12.964708014158493,0.0,0.0,False,False
1037,3968,,tertiary,255.01429763807354,0.0,0.0,False,False
1038,3969,,tertiary,267.29454882904827,0.0,0.0,False,False
1039,4197,,primary,301.50802768422113,0.0,0.0,False,True
1040,4198,,primary,77.49712693525403,0.0,0.0,False,True
1041,4199,,primary,82.31472456358678,0.0,0.0,False,True
1042,4200,,primary,238.60117278258667,0.0,0.0,False,True
1043,4201,,primary,24.64956868940073,0.0,0.0,False,True
1044,4202,,primary,28.451933692570247,0.0,0.0,False,True
1045,4203,,primary,46.7699203878339,0.0,0.0,False,True
1046,4204,,primary,237.20266885875347,0.0,0.0,False,True
1047,4205,,primary,541.4845123884065,0.0,0.0,False,True
1048,4206,,primary,111.51340656504388,0.0,0.0,False,True
1049,4207,,primary,664.3512354567637,0.0,0.0,False,True
1050,4319,,tertiary,80.18407129000978,0.0,0.0,False,False
1051,4320,,tertiary,127.77217956591002,0.0,0.0,False,False
1052,4321,,tertiary,26.48863390833162,0.0,0.0,False,False
1053,4322,king fisal road,tertiary,53.946065787945834,0.0,0.0,False,False
1054,4323,king fisal road,tertiary,70.10900886462878,0.0,0.0,False,False
1055,4324,king fisal road,tertiary,61.103114332213245,0.0,0.0,False,False
1056,4325,king fisal road,tertiary,59.1681455177129,0.0,0.0,False,False
1057,4326,king fisal road,tertiary,13.556679317630874,0.0,0.0,False,False
1058,4327,king fisal road,tertiary,141.77636132503133,0.0,0.0,False,False
1059,4328,king fisal road,tertiary,39.02496979531226,0.0,0.0,False,False
1060,4329,,trunk_link,319.846750915271,0.0,0.0,False,False
1061,4413,,tertiary,48.713696168839405,0.0,0.0,False,False
1062,4414,,tertiary,40.67015398805782,0.0,0.0,False,False
1063,4986,,trunk_link,71.65769697116994,0.0,0.0,False,False
1064,4987,,trunk_link,25.865256226515854,0.0,0.0,False,False
1065,4988,,trunk_link,188.27053067838656,0.0,0.0,False,False
1066,5082,,tertiary,125.04610559111073,0.0,0.0,False,False
1067,5094,,tertiary,19.996782316783133,0.0,0.0,False,False
1068,5095,,tertiary,97.41532421800171,0.0,0.0,False,False
1069,5096,,tertiary,46.77244956782787,0.0,0.0,False,False
1070,5097,,tertiary,46.503418959028046,0.0,0.0,False,False
1071,5098,,tertiary,88.86276070822764,0.0,0.0,False,False
1072,5099,,tertiary,12.224201998253875,0.0,0.0,False,False
1073,5100,,tertiary,32.371031752851025,0.0,0.0,False,False
1074,5101,,tertiary,85.39346789405906,0.0,0.0,False,False
1075,5102,,tertiary,55.4489354404016,0.0,0.0,False,False
1076,5103,,tertiary,70.04889927415144,0.0,0.0,False,False
1077,5104,,tertiary,90.49794803800323,0.0,0.0,False,False
1078,5115,,tertiary,14.640973247902238,0.0,0.0,False,False
1079,5116,,tertiary,414.61815620464483,0.0,0.0,False,False
1080,5117,,tertiary,197.12494078669988,0.0,0.0,False,False
1081,5118,,tertiary,200.1580244767764,0.0,0.0,False,False
1082,5119,,tertiary,77.30244908004168,0.0,0.0,False,False
1083,5120,,tertiary,174.37759919945805,0.0,0.0,False,False
1084,5121,,tertiary,190.97282532744424,0.0,0.0,False,False
1085,5146,,motorway,344.048435085479,0.0,0.0,False,True
1086,5147,,motorway,30.14628708424076,0.0,0.0,False,True
1087,5148,,motorway,70.29279726052621,0.0,0.0,False,True
1088,5149,,motorway,24.43978447625595,0.0,0.0,False,True
1089,5150,,motorway,108.16557934554382,0.0,0.0,False,True
1090,5151,,motorway,122.30271296036629,0.0,0.0,False,True
1091,5152,,trunk_link,82.32946222834002,0.0,0.0,False,False
1092,5153,,trunk_link,79.78829342568818,0.0,0.0,False,False
1093,5154,,trunk_link,18.930468621389423,0.0,0.0,False,False
1094,5155,,trunk_link,20.59227679625097,0.0,0.0,False,False
1095,5156,,trunk_link,43.607363730538665,0.0,0.0,False,False
1096,5157,,trunk_link,248.44944069087623,0.0,0.0,False,False
1097,5158,,trunk_link,62.43353272270454,0.0,0.0,False,False
1098,5159,,trunk_link,79.49130889826749,0.0,0.0,False,False
1099,5160,,trunk_link,69.10451914382392,0.0,0.0,False,False
1100,5161,,primary,35.8104093113656,0.0,0.0,False,True
1101,5162,,primary,30.481499351855213,0.0,0.0,False,True
1102,5163,,primary,12.730706155856334,0.0,0.0,False,True
1103,5164,,primary,27.683235296199705,0.0,0.0,False,True
1104,5165,,primary,8.182759380485473,0.0,0.0,False,True
1105,5166,,primary,37.78506810803138,0.0,0.0,False,True
1106,5167,,tertiary,31.817882811768655,0.0,0.0,False,False
1107,5169,طريق الملك عبدالعزيز,trunk,198.7129304579986,0.0,0.0,False,True
1108,5170,طريق الملك عبدالعزيز,trunk,396.36354773624527,0.0,0.0,False,True
1109,5171,طريق الملك عبدالعزيز,trunk,232.3398937643888,0.0,0.0,False,True
1110,5172,طريق الملك عبدالعزيز,trunk,167.82771080650815,0.0,0.0,False,True
1111,5173,طريق الملك عبدالعزيز,trunk,83.36614315220794,0.0,0.0,False,True
1112,5174,طريق الملك عبدالعزيز,trunk,78.7925649194744,0.0,0.0,False,True
1113,5175,طريق الملك عبدالعزيز,trunk,121.61315362117114,0.0,0.0,False,True
1114,5176,طريق الملك عبدالعزيز,trunk,3.866400153622964,0.0,0.0,False,True
1115,5177,طريق الملك عبدالعزيز,trunk,60.73844249069547,0.0,0.0,False,True
1116,5178,طريق الملك عبدالعزيز,trunk,169.929456881319,0.0,0.0,False,True
1117,5179,طريق الملك عبدالعزيز,trunk,27.150842523736838,0.0,0.0,False,True
1118,5180,طريق الملك عبدالعزيز,trunk,47.32447813257536,0.0,0.0,False,True
1119,5181,طريق الملك عبدالعزيز,trunk,170.72836746885955,0.0,0.0,False,True
1120,5182,طريق الملك عبدالعزيز,trunk,64.81420315033688,0.0,0.0,False,True
1121,5183,طريق الملك عبدالعزيز,trunk,147.60473135554045,0.0,0.0,False,True
1122,5184,طريق الملك عبدالعزيز,trunk,74.52355778556708,0.0,0.0,False,True
1123,5185,طريق الملك عبدالعزيز,trunk,25.71874280113235,0.0,0.0,False,True
1124,5186,طريق الملك عبدالعزيز,trunk,92.51441603271633,0.0,0.0,False,True
1125,5187,طريق الملك عبدالعزيز,trunk,319.2201371464072,0.0,0.0,False,True
1126,5188,طريق الملك عبدالعزيز,trunk,348.09811222817666,0.0,0.0,False,True
1127,5189,طريق الملك عبدالعزيز,trunk,36.83696783287098,0.0,0.0,False,True
1128,5190,طريق الملك عبدالعزيز,trunk,199.47872698325278,0.0,0.0,False,True
1129,5191,,primary,181.9375018411315,0.0,0.0,False,True
1130,5192,,primary,89.10184125761775,0.0,0.0,False,True
1131,5193,,primary,37.91993825316008,0.0,0.0,False,True
1132,5194,,primary,272.36543120965746,0.0,0.0,False,True
1133,5195,,primary,76.8055094046992,0.0,0.0,False,True
1134,5196,,primary,134.893239592999,0.0,0.0,False,True
1135,5197,,primary,196.66249977595282,0.0,0.0,False,True
1136,5198,,primary,161.72219716572727,0.0,0.0,False,True
1137,5199,,primary,101.87657251630988,0.0,0.0,False,True
1138,5200,,primary,70.08156457433844,0.0,0.0,False,True
1139,5201,,primary,431.5055264538249,0.0,0.0,False,True
1140,5202,,primary,28.256362609049646,0.0,0.0,False,True
1141,5203,,primary,15.92615600638588,0.0,0.0,False,True
1142,5204,,primary,29.06124737923758,0.0,0.0,False,True
1143,5205,,primary,32.56200381448413,0.0,0.0,False,True
1144,5206,,primary,11.892137969757412,0.0,0.0,False,True
1145,5207,,primary,50.10106231302856,0.0,0.0,False,True
1146,5208,,primary,10.671241676396972,0.0,0.0,False,True
1147,5209,,primary,77.67134793039352,0.0,0.0,False,True
1148,5210,,primary,83.83520562618992,0.0,0.0,False,True
1149,5211,,primary,50.92761325408707,0.0,0.0,False,True
1150,5212,,primary,58.13320165265755,0.0,0.0,False,True
1151,5213,,primary,61.736939304898215,0.0,0.0,False,True
1152,5214,,primary,267.96928271988423,0.0,0.0,False,True
1153,5215,,primary,96.07447994996595,0.0,0.0,False,True
1154,5216,,primary,10.533152191076342,0.0,0.0,False,True
1155,5217,,primary,98.30233293422461,0.0,0.0,False,True
1156,5218,,primary,28.932211014270592,0.0,0.0,False,True
1157,5219,,primary,177.96072651931178,0.0,0.0,False,True
1158,5220,,primary,10.530260672867207,0.0,0.0,False,True
1159,5221,,primary,195.43926307559505,0.0,0.0,False,True
1160,5222,,primary,343.90863784419486,0.0,0.0,False,True
1161,5223,,primary,18.083656992846787,0.0,0.0,False,True
1162,5224,,primary,14.660727657366294,0.0,0.0,False,True
1163,5225,,primary,48.262892043429716,0.0,0.0,False,True
1164,5226,,primary,366.13445385703324,0.0,0.0,False,True
1165,5227,,primary,9.964149630460799,0.0,0.0,False,True
1166,5228,,primary,6.7132840961726945,0.0,0.0,False,True
1167,5229,,primary,354.44162216072596,0.0,0.0,False,True
1168,5230,,primary,182.4206151746346,0.0,0.0,False,True
1169,5231,,primary,203.80585250971026,0.0,0.0,False,True
1170,5234,,primary,151.80933187182126,0.0,0.0,False,True
1171,5235,,primary,186.3848175968264,0.0,0.0,False,True
1172,5236,,primary,54.08156089627214,0.0,0.0,False,True
1173,5237,,primary,244.74381198095944,0.0,0.0,False,True
1174,5238,,primary,57.76912651363914,0.0,0.0,False,True
1175,5239,,primary,75.90971302280859,0.0,0.0,False,True
1176,5240,,primary,57.823324634761775,0.0,0.0,False,True
1177,5241,,primary,106.1195941643423,0.0,0.0,False,True
1178,5242,,primary,118.5021044323688,0.0,0.0,False,True
1179,5243,,primary,175.01345440974572,0.0,0.0,False,True
1180,5244,,primary,231.73890932853146,0.0,0.0,False,True
1181,5245,,primary,128.3082201128213,0.0,0.0,False,True
1182,5246,,primary,83.83340273009391,0.0,0.0,False,True
1183,5247,,primary,111.77948589749028,0.0,0.0,False,True
1184,5254,,primary,12.101932581208109,0.0,0.0,False,True
1185,5292,طريق الملك عبدالعزيز,motorway,403.74416496096535,0.0,0.0,False,True
1186,5293,,primary,261.2430970273702,0.0,0.0,False,True
1187,5294,,primary_link,9.228371696802972,0.0,0.0,False,False
1188,5295,,tertiary_link,37.305695190225876,0.0,0.0,False,False
1189,5296,,tertiary_link,48.112005574283124,0.0,0.0,False,False
1190,5297,,tertiary,52.756712567270725,0.0,0.0,False,False
1191,5298,,tertiary,26.837627406938253,0.0,0.0,False,False
1192,5299,,tertiary,21.15218333521215,0.0,0.0,False,False
1193,5300,,tertiary,30.038961836076503,0.0,0.0,False,False
1194,5370,,tertiary,35.42162255091316,0.0,0.0,False,False
1195,5371,طريق الملك عبدالعزيز,trunk,84.73258008172822,0.0,0.0,False,True
1196,5372,طريق الملك عبدالعزيز,trunk,179.61510902093602,0.0,0.0,False,True
1197,5373,طريق الملك عبدالعزيز,trunk,304.0859844085294,0.0,0.0,False,True
1198,5374,طريق الملك عبدالعزيز,trunk,11.242610759162703,0.0,0.0,False,True
1199,5375,طريق الملك عبدالعزيز,trunk,765.385204508627,0.0,0.0,False,True
1200,5376,طريق الملك عبدالعزيز,trunk,109.72898128777554,0.0,0.0,False,True
1201,5377,طريق الملك عبدالعزيز,trunk,38.368915994203896,0.0,0.0,False,True
1202,5378,طريق الملك عبدالعزيز,trunk,263.0698492395278,0.0,0.0,False,True
1203,5379,طريق الملك عبدالعزيز,trunk,123.39945435633098,0.0,0.0,False,True
1204,5380,طريق الملك عبدالعزيز,trunk,61.799121910151136,0.0,0.0,False,True
1205,5381,طريق الملك عبدالعزيز,trunk,35.407786416452254,0.0,0.0,False,True
1206,5382,طريق الملك عبدالعزيز,trunk,39.699258698394296,0.0,0.0,False,True
1207,5383,طريق الملك عبدالعزيز,trunk,176.9409470671377,0.0,0.0,False,True
1208,5384,طريق الملك عبدالعزيز,trunk,90.44467357571003,0.0,0.0,False,True
1209,5385,طريق الملك خالد,tertiary,14.591863657170405,0.0,0.0,False,False
1210,5386,طريق الملك خالد,tertiary,78.41300719822148,0.0,0.0,False,False
1211,5387,طريق الملك خالد,tertiary,159.29853454662367,0.0,0.0,False,False
1212,5388,طريق الملك خالد,tertiary,63.97801359650603,0.0,0.0,False,False
1213,5389,طريق الملك خالد,tertiary,66.43610191057371,0.0,0.0,False,False
1214,5390,طريق الملك خالد,tertiary,211.0635188062016,0.0,0.0,False,False
1215,5391,طريق الملك خالد,tertiary,130.13578514465704,0.0,0.0,False,False
1216,5392,طريق الملك خالد,tertiary,80.13297788840967,0.0,0.0,False,False
1217,5393,طريق الملك خالد,tertiary,145.8367910368005,0.0,0.0,False,False
1218,5394,,tertiary,135.13996203754792,0.0,0.0,False,False
1219,5395,,tertiary,97.9850266419999,0.0,0.0,False,False
1220,5434,الرياض,tertiary,40.871106360250266,0.0,0.0,False,False
1221,5435,الرياض,tertiary,38.66347872839436,0.0,0.0,False,False
1222,5436,الرياض,tertiary,94.43663678331319,0.0,0.0,False,False
1223,5437,الرياض,tertiary,55.68627900029077,0.0,0.0,False,False
1224,5441,,tertiary,250.237863760082,0.0,0.0,False,False
1225,5442,,tertiary,294.81237347179353,0.0,0.0,False,False
1226,5443,,tertiary,230.4720103117391,0.0,0.0,False,False
1227,5444,,secondary,161.32358511966748,0.0,0.0,False,True
1228,5445,,secondary,28.227750420194976,0.0,0.0,False,True
1229,5446,,secondary,411.8747175301781,0.0,0.0,False,True
1230,5447,,secondary,173.96652274187318,0.0,0.0,False,True
1231,5449,,tertiary,150.6975248535293,0.0,0.0,False,False
1232,5450,,tertiary,78.8575800173248,0.0,0.0,False,False
1233,5451,,tertiary,211.88284499363982,0.0,0.0,False,False
1234,5452,,tertiary,172.20882527928848,0.0,0.0,False,False
1235,5453,,tertiary,76.25663811176621,0.0,0.0,False,False
1236,5454,,tertiary,382.99892261035194,0.0,0.0,False,False
1237,5455,,tertiary,113.54352186007745,0.0,0.0,False,False
1238,5456,,tertiary,15.917526200308473,0.0,0.0,False,False
1239,5457,,primary,25.6282052543167,0.0,0.0,False,True
1240,5458,,primary,648.2888444004452,0.0,0.0,False,True
1241,5459,,primary,96.34754129338154,0.0,0.0,False,True
1242,5460,,primary,188.76417782148417,0.0,0.0,False,True
1243,5461,,primary,459.83068379580504,0.0,0.0,False,True
1244,5462,,primary,215.02185320627075,0.0,0.0,False,True
1245,5463,,primary,21.860255501730556,0.0,0.0,False,True
1246,5464,,primary,407.2976288298871,0.0,0.0,False,True
1247,5465,,primary,298.3367186242954,0.0,0.0,False,True
1248,5529,,trunk_link,48.42094507221655,0.6282474952963251,0.03042033746150098,False,False
1249,5530,,trunk,18.109559347849817,0.0,0.0,False,True
1250,5531,,trunk,123.19182732999644,0.0,0.0,False,True
1251,5532,,trunk,40.57742147480751,0.0,0.0,False,True
1252,5533,,trunk,16.587333842927727,0.28610927322138935,0.0047457900304806065,False,True
1253,5534,,trunk,46.06010545006894,0.28610927322138935,0.013178223294819779,False,True
1254,5535,,trunk,10.423204408069791,0.28610927322138935,0.0029821754378308294,False,True
1255,5536,,trunk,65.63328057362982,0.28610927322138935,0.01877829020405676,False,True
1256,5537,,trunk,77.79301023728135,0.28610927322138935,0.022257301620692668,False,True
1257,5538,,trunk,50.64843793811269,0.0,0.0,False,True
1258,5539,,tertiary,136.64680442295852,0.0,0.0,False,False
1259,5540,,trunk_link,46.410421898761655,0.0,0.0,False,False
1260,5541,,tertiary,69.11679915470158,0.28610927322138935,0.019774957173540407,False,False
1261,5542,,tertiary,22.752289023266798,0.28610927322138935,0.006509640876569858,False,False
1262,5543,,tertiary,39.48797762554922,0.0,0.0,False,False
1263,5544,,tertiary,75.5326809500822,0.0,0.0,False,False
1264,5545,,tertiary,58.248042648272786,0.0,0.0,False,False
1265,5546,,secondary,36.85937298027696,0.0,0.0,False,True
1266,5547,,secondary,47.5629499273135,0.0,0.0,False,True
1267,5548,,trunk_link,61.28550453468955,0.0,0.0,False,False
1268,5549,,trunk_link,62.80567155898563,0.0,0.0,False,False
1269,5577,,tertiary,42.624200263673075,0.0,0.0,False,False
1270,5578,,tertiary,327.71178158649883,0.0,0.0,False,False
1271,5579,,tertiary,494.55818668829625,0.0,0.0,False,False
1272,5610,,tertiary,8.606621718253697,0.0,0.0,False,False
1273,5611,,tertiary,26.44236413912372,0.0,0.0,False,False
1274,5612,,tertiary,15.266937051735303,0.0,0.0,False,False
1275,5613,,tertiary,9.169135228514266,0.0,0.0,False,False
1276,5614,,tertiary,31.868585404268867,0.0,0.0,False,False
1277,5615,,tertiary,8.646037955411032,0.0,0.0,False,False
1278,5619,,tertiary,71.28635913122449,0.0,0.0,False,False
1279,5620,,tertiary,422.51183781926557,0.0,0.0,False,False
1280,5621,,tertiary,52.54897731919701,0.0,0.0,False,False
1281,5622,,tertiary,277.48726418213573,0.0,0.0,False,False
1282,5623,,tertiary,41.084725989317526,0.0,0.0,False,False
1283,5805,,primary_link,101.6752522724554,0.0,0.0,False,False
1284,5806,,primary_link,119.65569191721642,0.0,0.0,False,False
1285,6101,طريق الملك فيصل,primary,20.060927835344557,0.0,0.0,False,True
1286,6102,طريق الملك فيصل,primary,93.90669437680154,0.0,0.0,False,True
1287,6103,طريق الملك فيصل,primary,31.66443514046533,0.0,0.0,False,True
1288,6104,طريق الملك فيصل,primary,52.68580552374022,0.0,0.0,False,True
1289,6105,طريق الملك فيصل,primary,91.1286228062203,0.0,0.0,False,True
1290,6106,طريق الملك فيصل,primary,95.0728430771371,0.0,0.0,False,True
1291,6107,طريق الملك فيصل,primary,304.66986922740114,0.0,0.0,False,True
1292,6108,طريق الملك فيصل,primary,79.12527271267811,0.0,0.0,False,True
1293,6109,طريق الملك فيصل,primary,34.15595145838658,0.0,0.0,False,True
1294,6110,طريق الملك فيصل,primary,47.000793017209844,0.0,0.0,False,True
1295,6111,طريق الملك فيصل,primary,65.73481329517641,0.0,0.0,False,True
1296,6112,,primary,100.0755833891984,0.0,0.0,False,True
1297,6113,,primary,140.84536422161216,0.0,0.0,False,True
1298,6114,,primary,84.03808274462172,0.0,0.0,False,True
1299,6115,,primary,222.9587555750397,0.0,0.0,False,True
1300,6116,,primary,253.51104526898916,0.0,0.0,False,True
1301,6117,,primary,141.13996167248928,0.28610927322138935,0.040381451856610656,False,True
1302,6118,,primary,28.975013274142977,0.28610927322138935,0.008290019989445157,False,True
1303,6119,,primary,98.372788054772,0.0,0.0,False,True
1304,6120,,primary,62.400554208440965,0.0,0.0,False,True
1305,6121,,primary,57.71703483312693,0.0,0.0,False,True
1306,6122,,primary,46.33819535591071,0.0,0.0,False,True
1307,6123,,primary,392.9122776051024,0.0,0.0,False,True
1308,6124,,primary,301.5280104894293,0.0,0.0,False,True
1309,6125,,primary,169.12225807212846,0.0,0.0,False,True
1310,6126,,primary,178.94707006983094,0.0,0.0,False,True
1311,6127,,primary,100.40279226150815,0.0,0.0,False,True
1312,6128,,tertiary,137.1364685711863,0.0,0.0,False,False
1313,6129,,tertiary,63.958664629959486,0.0,0.0,False,False
1314,6130,,tertiary,27.744233434605455,0.0,0.0,False,False
1315,6131,,tertiary,188.38921576145339,0.0,0.0,False,False
1316,6132,,tertiary,8.005660556670533,0.0,0.0,False,False
1317,6133,,tertiary,150.67905884783846,0.0,0.0,False,False
1318,6134,,tertiary,46.69532327175081,0.0,0.0,False,False
1319,6137,,tertiary,77.09601112224505,0.0,0.0,False,False
1320,6138,,tertiary,54.61508725417491,0.0,0.0,False,False
1321,6139,,tertiary,40.257018809372056,0.0,0.0,False,False
1322,6140,,tertiary,102.24165937991206,0.0,0.0,False,False
1323,6141,,tertiary,55.64825809200664,0.0,0.0,False,False
1324,6142,,tertiary,37.95041870212758,0.0,0.0,False,False
1325,6146,,tertiary,69.84970313549933,0.0,0.0,False,False
1326,6147,,tertiary,154.74565567664467,0.0,0.0,False,False
1327,6148,,tertiary,177.7405700842754,0.0,0.0,False,False
1328,6149,,tertiary,14.989248169506073,0.0,0.0,False,False
1329,6150,,tertiary,62.00769373606974,0.0,0.0,False,False
1330,6153,,tertiary,101.38012659489196,0.0,0.0,False,False
1331,6154,,tertiary,168.74500352127822,0.0,0.0,False,False
1332,6155,,tertiary,137.29727864252635,0.0,0.0,False,False
1333,6156,,tertiary,6.044970532780609,0.0,0.0,False,False
1334,6157,,tertiary,90.48617977054273,0.0,0.0,False,False
1335,6158,,tertiary,23.15888179792909,0.0,0.0,False,False
1336,6159,,tertiary,112.17396605812058,0.0,0.0,False,False
1337,6163,عمر بن الخطاب,tertiary,95.50782917767387,0.0,0.0,False,False
1338,6164,عمر بن الخطاب,tertiary,77.25116619262666,0.0,0.0,False,False
1339,6165,عمر بن الخطاب,tertiary,68.7972425856263,0.0,0.0,False,False
1340,6166,عمر بن الخطاب,tertiary,56.90099266263862,0.0,0.0,False,False
1341,6167,عمر بن الخطاب,tertiary,29.53823651576587,0.0,0.0,False,False
1342,6168,,tertiary,75.94709548277851,0.0,0.0,False,False
1343,6169,عمر بن الخطاب,tertiary,160.36750641850534,0.0,0.0,False,False
1344,6170,عمر بن الخطاب,tertiary,143.10255458357668,0.0,0.0,False,False
1345,6171,عمر بن الخطاب,tertiary,93.00938867667347,0.0,0.0,False,False
1346,6172,طريق الملك خالد,tertiary,41.82035469224855,0.0,0.0,False,False
1347,6173,طريق الملك خالد,tertiary,21.440324229706444,0.0,0.0,False,False
1348,6174,طريق الملك خالد,tertiary,34.19241524775552,0.0,0.0,False,False
1349,6175,طريق الملك خالد,tertiary,37.539351896628595,0.0,0.0,False,False
1350,6176,,tertiary,44.745504194401825,0.0,0.0,False,False
1351,6177,,tertiary,43.640114405574174,0.0,0.0,False,False
1352,6185,,tertiary_link,136.03998242926065,0.0,0.0,False,False
1353,6186,,trunk_link,193.86485793772727,0.0,0.0,False,False
1354,6187,,trunk_link,38.891356952403335,0.0,0.0,False,False
1355,6188,,primary,129.0024868132435,0.0,0.0,False,True
1356,6189,,primary,127.77354614396833,0.0,0.0,False,True
1357,6190,,primary,23.091839817738084,0.28610927322138935,0.006606789507597783,False,True
1358,6191,,primary,158.86098112828043,0.28610927322138935,0.04545159985384916,False,True
1359,6192,,primary,52.58524057173298,0.0,0.0,False,True
1360,6193,,primary,41.30811026288017,0.0,0.0,False,True
1361,6194,,primary,51.65027836600976,0.0,0.0,False,True
1362,6195,,primary,53.37177549559009,0.0,0.0,False,True
1363,6196,,primary_link,62.49955624705136,0.28610927322138935,0.017881702614503208,False,False
1364,6234,,primary,95.80050351101303,0.0,0.0,False,True
1365,6235,,primary,27.77037463966642,0.0,0.0,False,True
1366,6236,,primary,176.01854758453408,0.0,0.0,False,True
1367,6237,,primary,176.0672093174979,0.0,0.0,False,True
1368,6238,,primary,123.13070245833589,0.0,0.0,False,True
1369,6368,,trunk_link,135.8141256860451,0.0,0.0,False,False
1370,6369,,trunk_link,127.21297818062013,0.0,0.0,False,False
1371,6370,,primary,136.74820927507972,0.0,0.0,False,True
1372,6371,,primary,59.86021579771487,0.0,0.0,False,True
1373,6372,,primary,80.02983086960674,0.0,0.0,False,True
1374,6373,,primary,170.0774630374695,0.0,0.0,False,True
1375,6374,,primary,154.48785379763976,0.0,0.0,False,True
1376,6375,,primary,114.18506414993651,0.0,0.0,False,True
1377,6376,,primary,62.24948339882955,0.0,0.0,False,True
1378,6377,,primary,98.30154729592651,0.0,0.0,False,True
1379,6378,,primary,179.40027886554566,0.0,0.0,False,True
1380,6379,,primary,144.78215190195874,0.0,0.0,False,True
1381,6380,,primary,32.07103942774107,0.0,0.0,False,True
1382,6381,,primary,77.58077716513174,0.0,0.0,False,True
1383,6382,,primary,53.81288074693371,0.0,0.0,False,True
1384,6448,,tertiary,298.7915038803852,0.0,0.0,False,False
1385,6449,,tertiary,54.2986386753513,0.0,0.0,False,False
1386,6450,,tertiary,45.56578607452341,0.0,0.0,False,False
1387,6451,,tertiary,82.55918190209832,0.0,0.0,False,False
1388,6452,,tertiary,53.45973063847409,0.0,0.0,False,False
1389,6453,,tertiary,47.10880286085997,0.0,0.0,False,False
1390,6454,,tertiary,33.3135329259659,0.0,0.0,False,False
1391,6455,,tertiary,111.80470019932875,0.0,0.0,False,False
1392,6456,,tertiary,344.37166365870075,0.0,0.0,False,False
1393,6494,,tertiary,28.406272038097384,0.0,0.0,False,False
1394,6495,,tertiary,47.13680415486984,0.0,0.0,False,False
1395,6501,طريق الملك فيصل,trunk,119.08344998080545,0.0,0.0,False,True
1396,6502,طريق الملك فيصل,trunk,8.279963020645551,0.0,0.0,False,True
1397,6645,,tertiary,325.5245036197473,0.0,0.0,False,False
1398,6646,,tertiary,733.2172372279244,0.0,0.0,False,False
1399,6650,,tertiary,198.9971031333501,0.0,0.0,False,False
1400,6651,,tertiary,153.08911289710045,0.0,0.0,False,False
1401,6652,,tertiary,66.72704586188378,0.0,0.0,False,False
1402,6839,,primary,57.900646802356384,0.0,0.0,False,True
1403,6840,,primary_link,183.31497017029147,0.28610927322138935,0.05244811288602276,False,False
1404,6873,,primary_link,18.602127663563795,0.0,0.0,False,False
1405,6891,,primary,287.7900237943963,0.0,0.0,False,True
1406,6892,,primary,68.48704091526227,0.0,0.0,False,True
1407,6893,,primary,108.43923086086163,0.0,0.0,False,True
1408,6894,,primary,106.37841811870136,0.0,0.0,False,True
1409,6895,,primary,128.5128280700602,0.0,0.0,False,True
1410,6896,,primary,22.206284313134585,0.0,0.0,False,True
1411,6897,,primary,292.3466433186508,0.0,0.0,False,True
1412,6899,,primary_link,83.81841118727536,0.0,0.0,False,False
1413,6971,,tertiary,64.46102276425036,0.0,0.0,False,False
1414,6972,,tertiary,117.84033299246349,0.0,0.0,False,False
1415,6973,,tertiary,103.86467559970613,0.0,0.0,False,False
1416,6974,,tertiary,24.247416648556108,0.0,0.0,False,False
1417,6975,,tertiary,23.16869079820943,0.0,0.0,False,False
1418,6976,,tertiary,62.14492376256333,0.0,0.0,False,False
1419,6977,,tertiary,386.96308208280834,0.0,0.0,False,False
1420,6978,,tertiary,320.566238845965,0.0,0.0,False,False
1421,6979,,tertiary,283.1447332482087,0.0,0.0,False,False
1422,6981,,tertiary,21.768724142586294,0.0,0.0,False,False
1423,6982,,tertiary,50.89713152132293,0.0,0.0,False,False
1424,6983,,tertiary,21.481190973668195,0.0,0.0,False,False
1425,6984,,tertiary,5.4466943012382725,0.0,0.0,False,False
1426,6985,,tertiary,5.430692417991462,0.0,0.0,False,False
1427,6986,,tertiary,13.947412895553096,0.0,0.0,False,False
1428,6987,,tertiary,37.150346312201584,0.0,0.0,False,False
1429,6988,,tertiary,52.991782924099184,0.0,0.0,False,False
1430,6989,,tertiary,35.281561313963124,0.0,0.0,False,False
1431,6990,,tertiary,157.94214298509524,0.0,0.0,False,False
1432,6991,,tertiary,78.6395777208385,0.0,0.0,False,False
1433,6992,,tertiary,117.98006525185819,0.0,0.0,False,False
1434,6993,,tertiary,167.38842632418974,0.0,0.0,False,False
1435,6994,,tertiary,30.39036217448122,0.0,0.0,False,False
1436,6995,,tertiary,47.10076791902589,0.0,0.0,False,False
1437,6996,,tertiary,22.60849739473612,0.0,0.0,False,False
1438,6997,,tertiary,140.5885095796009,0.0,0.0,False,False
1439,7013,,tertiary,694.9747561660752,0.0,0.0,False,False
1440,7014,,secondary,487.27947014761753,0.0,0.0,False,True
1441,7015,,secondary,31.319619440919862,0.0,0.0,False,True
1442,7016,,secondary,35.717358115453784,0.0,0.0,False,True
1443,7017,,secondary,143.8747515910711,0.0,0.0,False,True
1444,7018,,secondary,142.95136197848097,0.0,0.0,False,True
1445,7019,,secondary,542.2208414317487,0.0,0.0,False,True
1446,7028,,tertiary,95.21264566574722,0.0,0.0,False,False
1447,7029,,tertiary,98.48059154323943,0.0,0.0,False,False
1448,7030,,tertiary,111.23043091445814,0.0,0.0,False,False
1449,7031,,tertiary,84.78552783715801,0.0,0.0,False,False
1450,7032,,tertiary,65.66661008738673,0.0,0.0,False,False
1451,7034,,tertiary,4.496874564667372,0.0,0.0,False,False
1452,7035,,tertiary,51.20259584724547,0.0,0.0,False,False
1453,7036,,tertiary,47.13421903296361,0.0,0.0,False,False
1454,7037,,tertiary,16.25192467329624,0.0,0.0,False,False
1455,7038,,tertiary,4.5005092151054615,0.0,0.0,False,False
1456,7039,,tertiary,19.549382477259673,0.0,0.0,False,False
1457,7040,,tertiary,49.13466655273331,0.0,0.0,False,False
1458,7041,,tertiary,26.61286014649611,0.0,0.0,False,False
1459,7042,,tertiary,4.873075164355487,0.0,0.0,False,False
1460,7048,,tertiary,30.178703999634532,0.0,0.0,False,False
1461,7049,,tertiary,51.835852355295856,0.0,0.0,False,False
1462,7051,,primary_link,190.1814380986425,0.0,0.0,False,False
1463,7065,,primary_link,27.377022791616653,0.0,0.0,False,False
1464,7066,,primary_link,30.608367092817414,0.0,0.0,False,False
1465,7087,,primary_link,231.78834358245487,0.0,0.0,False,False
1466,7088,,primary_link,175.16559366837183,0.0,0.0,False,False
1467,7089,,tertiary,1358.8878218743807,0.0,0.0,False,False
1468,7090,,tertiary,24.29443564044683,0.0,0.0,False,False
1469,7091,,tertiary_link,29.693322427086144,0.0,0.0,False,False
1470,7092,,tertiary_link,108.29850119131135,0.0,0.0,False,False
1471,7093,,tertiary_link,66.03831429399516,0.0,0.0,False,False
1472,7094,,tertiary_link,33.73128332014166,0.0,0.0,False,False
1473,7095,,tertiary_link,3.159377907469957,0.0,0.0,False,False
1474,7096,,tertiary,105.5655940082005,0.0,0.0,False,False
1475,7097,,tertiary,164.05333851594597,0.0,0.0,False,False
1476,7098,,tertiary,103.81486221530206,0.0,0.0,False,False
1477,7119,,primary_link,53.922149297656645,0.0,0.0,False,False
1478,7120,,primary_link,45.45212040990215,0.0,0.0,False,False
1479,7121,,primary,108.52620034482554,0.28610927322138935,0.031050352306136928,False,True
1480,7122,,primary,128.71341697569028,0.0,0.0,False,True
1481,7123,,primary,45.97255085641403,0.28610927322138935,0.013153173113661978,False,True
1482,7124,,primary,109.3580670389562,0.28610927322138935,0.031288357081411734,False,True
1483,7125,,primary,26.864049095687093,0.0,0.0,False,True
1484,7126,,primary,54.37182232116519,0.0,0.0,False,True
1485,7127,,primary,49.42710815357192,0.0,0.0,False,True
1486,7128,,primary,192.8893753646916,0.28610927322138935,0.055187438997719676,False,True
1487,7135,,primary_link,88.69893976238602,0.0,0.0,False,False
1488,7136,,primary_link,74.01826364957103,0.0,0.0,False,False
1489,7138,,trunk_link,145.02050845147508,0.0,0.0,False,False
1490,7139,,trunk_link,117.21287428037365,0.0,0.0,False,False
1491,7150,,tertiary,44.1805195330271,0.0,0.0,False,False
1492,7151,,tertiary,46.607576122256646,0.0,0.0,False,False
1493,7155,,primary_link,71.63468349598898,0.0,0.0,False,False
1494,7159,,tertiary,64.31357875035133,0.0,0.0,False,False
1495,7160,,tertiary,56.70385042816223,0.0,0.0,False,False
1496,7161,,tertiary,126.3337342978015,0.0,0.0,False,False
1497,7162,,tertiary,80.11547515296628,0.0,0.0,False,False
1498,7163,,primary_link,112.33340582169453,0.28610927322138935,0.03213962909812841,False,False
1499,7168,,tertiary_link,47.2262848641653,0.0,0.0,False,False
1500,7169,,tertiary,32.08338560969868,0.0,0.0,False,False
1501,7170,,tertiary_link,89.84180048384582,0.0,0.0,False,False
1502,7171,طريق الملك فيصل,tertiary,32.76824442345354,0.0,0.0,False,False
1503,7172,طريق الملك فيصل,tertiary,73.86520023051395,0.0,0.0,False,False
1504,7173,طريق الملك فيصل,tertiary,25.017325016234246,0.0,0.0,False,False
1505,7188,,tertiary_link,41.34861990223021,0.0,0.0,False,False
1506,7189,,tertiary_link,50.00905406361149,0.0,0.0,False,False
1507,7195,,primary_link,18.996009845673655,0.0,0.0,False,False
1508,7217,,primary_link,12.41232508440976,0.0,0.0,False,False
1509,7219,,primary_link,73.48343476595296,0.0,0.0,False,False
1510,7220,,primary_link,73.49736865307847,0.0,0.0,False,False
1511,7221,,trunk_link,55.90648238679403,0.34213822207493566,0.019127744486281417,False,False
1512,7224,طريق الملك عبدالعزيز,trunk,50.29210469464349,0.28610927322138935,0.014389037522958474,False,True
1513,7225,طريق الملك عبدالعزيز,trunk,64.31141072806146,0.6282474952963251,0.04040348270887782,False,True
1514,7226,طريق الملك عبدالعزيز,trunk,58.74075683093608,0.6282474952963251,0.03690373335084609,False,True
1515,7227,طريق الملك عبدالعزيز,trunk,5.052248666573175,0.6282474952963251,0.0031740625703887953,False,True
1516,7228,طريق الملك عبدالعزيز,trunk,22.76282942091,0.6282474952963251,0.014300690569544203,False,True
1517,7229,طريق الملك عبدالعزيز,trunk,66.09703471833775,0.0,0.0,False,True
1518,7230,طريق الملك عبدالعزيز,trunk,152.65079486830922,0.0,0.0,False,True
1519,7231,طريق الملك عبدالعزيز,trunk,35.58570700635953,0.0,0.0,False,True
1520,7232,طريق الملك عبدالعزيز,trunk,4.688541265237692,0.0,0.0,False,True
1521,7233,طريق الملك عبدالعزيز,trunk,85.1923752733061,0.0,0.0,False,True
1522,7234,طريق الملك عبدالعزيز,trunk,39.703731522673124,0.34213822207493566,0.01358416411290796,False,True
1523,7235,طريق الملك عبدالعزيز,trunk,31.151662554295555,0.34213822207493566,0.01065817444100503,False,True
1524,7236,طريق الملك عبدالعزيز,trunk,72.18644434861315,0.34213822207493566,0.02469774172734579,False,True
1525,7237,طريق الملك عبدالعزيز,trunk,227.9846614518823,0.34213822207493566,0.07800226672950313,False,True
1526,7238,طريق الملك عبدالعزيز,trunk,18.443806516059706,0.34213822207493566,0.006310331169698781,False,True
1527,7239,طريق الملك عبدالعزيز,trunk,61.275080676438286,0.0,0.0,False,True
1528,7240,طريق الملك عبدالعزيز,trunk,70.61494852976047,0.34213822207493566,0.02416007294188534,False,True
1529,7280,,primary_link,80.92878583329585,0.0,0.0,False,False
1530,7437,,tertiary,44.08706299334245,0.0,0.0,False,False
1531,7438,,tertiary,19.812132178168806,0.0,0.0,False,False
1532,7439,,tertiary,33.74612154841289,0.0,0.0,False,False
1533,7440,,tertiary,37.22527275816382,0.0,0.0,False,False
1534,7441,,tertiary,28.731243384455336,0.0,0.0,False,False
1535,7442,,tertiary,55.836261130663175,0.0,0.0,False,False
1536,7443,,tertiary,87.68341899549843,0.0,0.0,False,False
1537,7444,,tertiary,39.079299744025974,0.0,0.0,False,False
1538,7445,,tertiary,27.299304187824543,0.0,0.0,False,False
1539,7446,,tertiary,42.72863792819545,0.0,0.0,False,False
1540,7447,,tertiary,142.09895454094857,0.0,0.0,False,False
1541,7448,,tertiary,126.34039336314451,0.0,0.0,False,False
1542,7459,,tertiary,71.20602415027666,0.0,0.0,False,False
1543,7460,,tertiary,8.6777979194082,0.0,0.0,False,False
1544,7461,,tertiary,153.77183551856461,0.0,0.0,False,False
1545,7462,,tertiary,69.96285243194033,0.0,0.0,False,False
1546,7463,,tertiary,93.11686277576,0.0,0.0,False,False
1547,7464,,tertiary,112.20401919087575,0.0,0.0,False,False
1548,7465,,tertiary,24.760820098364025,0.0,0.0,False,False
1549,7466,,tertiary,11.019065685909814,0.0,0.0,False,False
1550,7467,,tertiary,71.57132860869585,0.0,0.0,False,False
1551,7468,,tertiary,76.2761262724231,0.0,0.0,False,False
1552,7469,,tertiary,69.95160912593268,0.0,0.0,False,False
1553,7470,,tertiary,74.00598109225636,0.0,0.0,False,False
1554,7471,,tertiary,104.24904319524151,0.0,0.0,False,False
1555,7472,,tertiary,44.93209342355869,0.0,0.0,False,False
1556,7473,,tertiary,53.44024539669922,0.0,0.0,False,False
1557,7474,,tertiary,36.83677235860222,0.0,0.0,False,False
1558,7475,,tertiary,30.200405259545796,0.0,0.0,False,False
1559,7476,,tertiary,86.70311772938712,0.0,0.0,False,False
1560,7477,,tertiary,90.2995931196623,0.0,0.0,False,False
1561,7630,,tertiary,53.02233888374395,0.0,0.0,False,False
1562,7631,,tertiary,412.18443314099676,0.0,0.0,False,False
1563,7632,,tertiary,36.850988604744366,0.0,0.0,False,False
1564,7633,,tertiary,8.930531450696279,0.0,0.0,False,False
1565,7634,,tertiary,35.729430152361424,0.0,0.0,False,False
1566,7635,,tertiary,126.9728067529625,0.0,0.0,False,False
1567,7636,,tertiary,318.4134041421554,0.0,0.0,False,False
1568,7637,,tertiary,16.033243835645003,0.0,0.0,False,False
1569,7638,,tertiary,35.15344047336444,0.0,0.0,False,False
1570,7648,,tertiary,71.52400208824297,0.0,0.0,False,False
1571,7649,,tertiary,25.4896955089456,0.0,0.0,False,False
1572,7650,,tertiary,320.5182383181856,0.0,0.0,False,False
1573,7651,,tertiary,169.40259609897433,0.0,0.0,False,False
1574,7727,,tertiary,25.936096205385056,0.0,0.0,False,False
1575,7728,,tertiary,303.2672911178098,0.0,0.0,False,False
1576,7729,,tertiary,87.27441428316824,0.0,0.0,False,False
1577,7730,,tertiary,143.97131559968457,0.0,0.0,False,False
1578,7731,,tertiary,69.58229316701629,0.0,0.0,False,False
1579,7732,,tertiary,160.95030954845788,0.0,0.0,False,False
1580,7733,,tertiary,29.892544642417832,0.0,0.0,False,False
1581,7734,,tertiary,36.68163822241914,0.0,0.0,False,False
1582,7735,,tertiary,30.435376598195948,0.0,0.0,False,False
1583,7766,,tertiary,84.10392091713999,0.0,0.0,False,False
1584,7767,,tertiary,168.26832805803423,0.0,0.0,False,False
1585,7768,,tertiary,189.30493822338272,0.0,0.0,False,False
1586,7769,,tertiary,26.693744840690503,0.0,0.0,False,False
1587,7770,,tertiary,202.3416960697418,0.0,0.0,False,False
1588,7771,,tertiary,180.8843167392785,0.0,0.0,False,False
1589,7772,,tertiary,187.4036859852634,0.0,0.0,False,False
1590,7773,,primary,14.829847407316148,0.28610927322138935,0.0042429568636913285,False,True
1591,7774,,primary,149.07387455669937,0.28610927322138935,0.04265141790571382,False,True
1592,7775,,motorway,68.511807011696,0.28610927322138935,0.01960186331120043,False,True
1593,7776,,motorway,189.68872236034392,0.0,0.0,False,True
1594,7777,,motorway,51.78932843970062,0.0,0.0,False,True
1595,7778,,motorway,106.05660653135385,0.0,0.0,False,True
1596,7779,,motorway,68.09231613926048,0.0,0.0,False,True
1597,7794,,secondary,58.234536496064976,0.0,0.0,False,True
1598,7795,,secondary,50.48359485470144,0.0,0.0,False,True
1599,7796,,secondary,496.2256012119349,0.0,0.0,False,True
1600,7797,,secondary,10.880980691576497,0.0,0.0,False,True
1601,7798,,secondary,139.88323528863523,0.0,0.0,False,True
1602,7799,,secondary,12.052323055261759,0.0,0.0,False,True
1603,7800,,secondary,155.40819695127342,0.0,0.0,False,True
1604,7801,,secondary,38.38720844057547,0.0,0.0,False,True
1605,7802,,secondary,49.76625926776345,0.0,0.0,False,True
1606,7803,,secondary,74.74507212718447,0.0,0.0,False,True
1607,7804,,secondary,29.865921449563732,0.0,0.0,False,True
1608,7805,,secondary,86.8187248083973,0.0,0.0,False,True
1609,7806,,secondary,93.97911269341387,0.0,0.0,False,True
1610,7807,,secondary,211.43981358420973,0.0,0.0,False,True
1611,7808,,secondary,73.6678253425656,0.0,0.0,False,True
1612,7809,,secondary,7.359903887474333,0.0,0.0,False,True
1613,7810,,secondary,8.16318532417097,0.0,0.0,False,True
1614,7811,,secondary,84.37116784088197,0.0,0.0,False,True
1615,7812,,secondary,23.18751214619053,0.0,0.0,False,True
1616,7813,,secondary,84.21087454623468,0.0,0.0,False,True
1617,7814,,secondary,88.37098120213216,0.0,0.0,False,True
1618,7815,,secondary,76.56397685922656,0.0,0.0,False,True
1619,7816,,secondary,59.86258635388678,0.0,0.0,False,True
1620,7817,,secondary,4.064201763838747,0.0,0.0,False,True
1621,7818,,secondary,48.53243767441957,0.0,0.0,False,True
1622,7819,,secondary,22.904877877365063,0.0,0.0,False,True
1623,7820,,secondary,197.52671702406866,0.0,0.0,False,True
1624,7821,,tertiary,153.87384623465223,0.0,0.0,False,False
1625,7822,,tertiary,109.36959153665714,0.0,0.0,False,False
1626,7823,,tertiary,139.318429792609,0.0,0.0,False,False
1627,7824,,tertiary,22.041452270596892,0.0,0.0,False,False
1628,7825,,tertiary,18.3676494074965,0.0,0.0,False,False
1629,7826,,tertiary,39.023832146734065,0.0,0.0,False,False
1630,7827,,tertiary,64.61094867096877,0.0,0.0,False,False
1631,7828,,tertiary,71.2630674518744,0.0,0.0,False,False
1632,7829,,tertiary,154.2663618752698,0.0,0.0,False,False
1633,7830,,tertiary,132.08582455189048,0.0,0.0,False,False
1634,7831,,tertiary,24.412450444256933,0.0,0.0,False,False
1635,7832,,tertiary,55.93797060131894,0.0,0.0,False,False
1636,7833,,tertiary,74.55331117266269,0.0,0.0,False,False
1637,7834,,tertiary,59.69473998416317,0.0,0.0,False,False
1638,7835,,tertiary,6.486653554412833,0.0,0.0,False,False
1639,7836,,tertiary,26.862590961981013,0.0,0.0,False,False
1640,7837,,tertiary,43.42515545279136,0.0,0.0,False,False
1641,7838,,tertiary,221.0387402485593,0.0,0.0,False,False
1642,7839,,tertiary,121.85837400194258,0.0,0.0,False,False
1643,7840,,tertiary,60.60154039846137,0.0,0.0,False,False
1644,7841,,tertiary,44.4728095860146,0.0,0.0,False,False
1645,7842,,tertiary,44.929176867744246,0.0,0.0,False,False
1646,7843,,tertiary,56.19523477872935,0.0,0.0,False,False
1647,7844,,tertiary,65.79830457562747,0.0,0.0,False,False
1648,7845,,tertiary,84.15767885608359,0.0,0.0,False,False
1649,7846,,tertiary,55.67695274556433,0.0,0.0,False,False
1650,7847,,tertiary,35.65758867098705,0.0,0.0,False,False
1651,7857,,secondary,219.3910082822465,0.0,0.0,False,True
1652,7858,,secondary,156.48460791130165,0.0,0.0,False,True
1653,7859,,secondary,324.9569580436379,0.0,0.0,False,True
1654,7860,,secondary,45.43845171565917,0.0,0.0,False,True
1655,7861,,secondary,236.74768138397488,0.0,0.0,False,True
1656,7862,,secondary,134.22112424078512,0.0,0.0,False,True
1657,7863,,secondary,135.8149530828265,0.0,0.0,False,True
1658,7886,,tertiary,52.4684716515354,0.0,0.0,False,False
1659,7887,,tertiary,39.006078401289294,0.0,0.0,False,False
1660,7888,,tertiary,76.79861584018383,0.0,0.0,False,False
1661,7889,,tertiary,83.93443043286273,0.0,0.0,False,False
1662,7890,,tertiary,14.124719158105854,0.0,0.0,False,False
1663,7891,,tertiary,9.988897035630039,0.0,0.0,False,False
1664,7892,,tertiary,11.255601211927921,0.0,0.0,False,False
1665,7893,,tertiary,116.98175038610374,0.0,0.0,False,False
1666,7894,,tertiary,34.33203061637822,0.0,0.0,False,False
1667,7895,,tertiary,150.76848518967148,0.0,0.0,False,False
1668,8126,,secondary_link,25.805023663466923,0.0,0.0,False,False
1669,8127,,secondary_link,23.47559402384591,0.0,0.0,False,False
1670,8128,,secondary_link,195.87247542474276,0.0,0.0,False,False
1671,8129,,secondary_link,27.901375290251437,0.0,0.0,False,False
1672,8130,,tertiary,26.51659942021556,0.0,0.0,False,False
1673,8131,,tertiary,95.94046187880036,0.0,0.0,False,False
1674,8132,,tertiary,38.6860084103846,0.0,0.0,False,False
1675,8133,,tertiary,46.97350782251159,0.0,0.0,False,False
1676,8134,,tertiary,43.55571666855129,0.0,0.0,False,False
1677,8135,,tertiary,86.93420680104634,0.0,0.0,False,False
1678,8136,,tertiary,45.405375267932655,0.0,0.0,False,False
1679,8137,,motorway,230.63984817357633,0.0,0.0,False,True
1680,8138,,motorway_link,216.8408741538891,0.0,0.0,False,False
1681,8139,,motorway_link,247.79149094934598,0.0,0.0,False,False
1682,8140,,motorway,198.9760484036426,0.0,0.0,False,True
1683,8176,,tertiary,259.49405571122634,0.0,0.0,False,False
1684,8177,,tertiary,57.59387671386317,0.0,0.0,False,False
1685,8178,,tertiary,171.21129593410305,0.0,0.0,False,False
1686,8179,,tertiary,13.559427689658925,0.0,0.0,False,False
1687,8180,,tertiary,75.46963623742657,0.0,0.0,False,False
1688,8181,,tertiary,161.81727540917188,0.0,0.0,False,False
1689,8182,,tertiary,143.4477748478408,0.0,0.0,False,False
1690,8183,,tertiary,410.93002382553294,0.0,0.0,False,False
1691,8184,,tertiary,6.555747271423937,0.0,0.0,False,False
1692,8185,,tertiary,271.384059055325,0.0,0.0,False,False
1693,8186,,tertiary,145.7972115718457,0.0,0.0,False,False
1694,8187,,tertiary,59.66016534792363,0.0,0.0,False,False
1695,8188,,tertiary,87.66801995710047,0.0,0.0,False,False
1696,8189,,tertiary,68.22150775309763,0.0,0.0,False,False
1697,8190,,tertiary,129.209338578302,0.0,0.0,False,False
1698,8191,,tertiary,32.08996624433024,0.0,0.0,False,False
1699,8192,,tertiary,13.598026168300064,0.0,0.0,False,False
1700,8193,,tertiary,199.1928375918893,0.0,0.0,False,False
1701,8194,,tertiary,217.7680311537949,0.0,0.0,False,False
1702,8195,,tertiary,207.29819774970989,0.0,0.0,False,False
1703,8196,,tertiary,203.94485945618675,0.0,0.0,False,False
1704,8197,,tertiary,89.63314085257073,0.0,0.0,False,False
1705,8198,,tertiary,126.75744194251318,0.0,0.0,False,False
1706,8199,,tertiary,38.90521130078877,0.0,0.0,False,False
1707,8200,,tertiary,155.50997017246365,0.0,0.0,False,False
1708,8221,,tertiary,126.50681707625188,0.0,0.0,False,False
1709,8222,,tertiary,67.82188269569929,0.0,0.0,False,False
1710,8223,,tertiary,9.073724089949167,0.0,0.0,False,False
1711,8224,,secondary,32.66514464675705,0.0,0.0,False,True
1712,8225,طريق الملك فهد,motorway,225.5874718107743,0.0,0.0,False,True
1713,8226,طريق الملك فهد,motorway,338.2720939751822,0.0,0.0,False,True
1714,8227,طريق الملك فهد,motorway,527.6851744455217,0.0,0.0,False,True
1715,8228,طريق الملك فهد,motorway,526.1425251985919,0.0,0.0,False,True
1716,8229,طريق الملك فهد,motorway,64.35984696024795,0.0,0.0,False,True
1717,8230,طريق الملك فهد,motorway,272.98796063475504,0.0,0.0,False,True
1718,8231,طريق الملك فهد,motorway,53.26935410312813,0.0,0.0,False,True
1719,8232,طريق الملك فهد,motorway,31.60753329470541,0.0,0.0,False,True
1720,8233,طريق الملك فهد,motorway,364.8708798966079,0.0,0.0,False,True
1721,8234,طريق الملك فهد,motorway,139.24439664952388,0.0,0.0,False,True
1722,8235,طريق الملك فهد,motorway,88.49001154774572,0.0,0.0,False,True
1723,8236,طريق الملك فهد,motorway,100.30600719432057,0.0,0.0,False,True
1724,8237,طريق الملك فهد,motorway,25.743307783072876,0.0,0.0,False,True
1725,8238,طريق الملك فهد,motorway,117.88743184930907,0.0,0.0,False,True
1726,8239,طريق الملك فهد,motorway,368.36184619447863,0.0,0.0,False,True
1727,8240,,secondary,64.73479730938229,0.0,0.0,False,True
1728,8241,,secondary,34.30849111900132,0.0,0.0,False,True
1729,8242,,secondary,146.77873831675586,0.0,0.0,False,True
1730,8243,,secondary,67.11706646027504,0.0,0.0,False,True
1731,8244,,secondary,14.08767714220104,0.0,0.0,False,True
1732,8245,,secondary,13.767744529469196,0.0,0.0,False,True
1733,8246,,secondary,57.246392759388044,0.0,0.0,False,True
1734,8247,,secondary,66.00340784906953,0.0,0.0,False,True
1735,8248,,secondary,72.94492473630778,0.0,0.0,False,True
1736,8249,,secondary,45.51081405720827,0.0,0.0,False,True
1737,8250,,secondary,142.26842192729998,0.0,0.0,False,True
1738,8251,,secondary,18.63291093790724,0.0,0.0,False,True
1739,8252,,secondary,9.539568838122081,0.0,0.0,False,True
1740,8253,,motorway_link,12.385761019005006,0.0,0.0,False,False
1741,8254,,motorway_link,45.4870671837812,0.0,0.0,False,False
1742,8255,,motorway_link,49.25930266153087,0.0,0.0,False,False
1743,8256,,motorway_link,28.119895939858566,0.0,0.0,False,False
1744,8257,,motorway_link,13.876174935884983,0.0,0.0,False,False
1745,8258,,motorway_link,86.18321292040696,0.0,0.0,False,False
1746,8259,,motorway_link,76.34536644605078,0.0,0.0,False,False
1747,8260,,motorway_link,270.28587925697514,0.0,0.0,False,False
1748,8261,,motorway_link,421.46586398241953,0.0,0.0,False,False
1749,8262,,motorway_link,140.79666037778725,0.0,0.0,False,False
1750,8263,,motorway_link,232.26286605103235,0.0,0.0,False,False
1751,8264,,motorway_link,200.08137433658206,0.0,0.0,False,False
1752,8265,,motorway_link,147.80098521064062,0.0,0.0,False,False
1753,8266,,secondary,26.455217388977893,0.0,0.0,False,True
1754,8267,,secondary,2.7850901105025003,0.0,0.0,False,True
1755,8373,,tertiary,20.892901535167457,0.0,0.0,False,False
1756,8374,,tertiary,10.907450134500909,0.0,0.0,False,False
1757,8375,,tertiary,54.13665277452782,0.0,0.0,False,False
1758,8376,,tertiary,10.12298284971493,0.0,0.0,False,False
1759,8377,,tertiary,23.873612999803505,0.0,0.0,False,False
1760,8378,,tertiary,14.578912754890233,0.0,0.0,False,False
1761,8379,,tertiary,67.13925168750099,0.0,0.0,False,False
1762,8380,,tertiary,31.237781504057,0.0,0.0,False,False
1763,8382,,tertiary,34.36933270759211,0.0,0.0,False,False
1764,8383,,tertiary,45.1051661490253,0.0,0.0,False,False
1765,8384,,motorway_link,134.36443818783798,0.0,0.0,False,False
1766,8385,,motorway_link,289.4964343912633,0.0,0.0,False,False
1767,8386,,motorway_link,65.95456224926033,0.0,0.0,False,False
1768,8394,,tertiary,64.2398217473535,0.0,0.0,False,False
1769,8395,,tertiary,50.94820617898573,0.0,0.0,False,False
1770,8396,,tertiary,19.066456845362843,0.0,0.0,False,False
1771,8397,,tertiary,44.574645737546504,0.0,0.0,False,False
1772,8398,,tertiary,45.6569132886643,0.0,0.0,False,False
1773,8399,,tertiary,204.41163655352477,0.0,0.0,False,False
1774,8400,,tertiary,6.916942570971015,0.0,0.0,False,False
1775,8401,,tertiary,33.92294054750537,0.0,0.0,False,False
1776,8402,,tertiary,11.503977392954683,0.0,0.0,False,False
1777,8403,,tertiary,20.586687081296002,0.0,0.0,False,False
1778,8404,,tertiary,83.92773352223571,0.0,0.0,False,False
1779,8405,,tertiary,48.150053544669866,0.0,0.0,False,False
1780,8406,,tertiary,11.601406289319664,0.0,0.0,False,False
1781,8450,,tertiary,74.59924176692893,0.0,0.0,False,False
1782,8451,,tertiary,226.09602868407455,0.0,0.0,False,False
1783,8452,,tertiary,323.9111549407981,0.0,0.0,False,False
1784,8453,,tertiary,6.516957322286609,0.0,0.0,False,False
1785,8454,,tertiary,103.81893588463876,0.0,0.0,False,False
1786,8455,,tertiary,47.922507511154954,0.0,0.0,False,False
1787,8456,,tertiary,90.17256844675293,0.0,0.0,False,False
1788,8457,,tertiary,26.056625118819035,0.0,0.0,False,False
1789,8458,,tertiary,11.449503580308704,0.0,0.0,False,False
1790,8459,,tertiary,34.39341781794094,0.0,0.0,False,False
1791,8460,طريق الملك عبدالعزيز,trunk,124.59439850129985,0.0,0.0,False,True
1792,8461,طريق الملك عبدالعزيز,trunk,496.71437055502463,0.0,0.0,False,True
1793,8462,طريق الملك عبدالعزيز,trunk,30.792954793465423,0.0,0.0,False,True
1794,8463,طريق الملك عبدالعزيز,trunk,66.72880675152987,0.0,0.0,False,True
1795,8464,طريق الملك عبدالعزيز,trunk,87.88171763379442,0.0,0.0,False,True
1796,8465,طريق الملك عبدالعزيز,trunk,329.65858386191326,0.0,0.0,False,True
1797,8466,طريق الملك عبدالعزيز,trunk,84.52813514294994,0.0,0.0,False,True
1798,8467,طريق الملك عبدالعزيز,trunk,67.73194256427679,0.0,0.0,False,True
1799,8468,طريق الملك عبدالعزيز,trunk,97.1817134999566,0.0,0.0,False,True
1800,8469,طريق الملك عبدالعزيز,trunk,174.51214533774265,0.0,0.0,False,True
1801,8470,طريق الملك عبدالعزيز,trunk,50.59646782920495,0.0,0.0,False,True
1802,8471,طريق الملك عبدالعزيز,trunk,16.29583999555623,0.0,0.0,False,True
1803,8472,طريق الملك عبدالعزيز,trunk,89.0363415547238,0.0,0.0,False,True
1804,8473,طريق الملك عبدالعزيز,trunk,127.22901752988007,0.0,0.0,False,True
1805,8474,طريق الملك عبدالعزيز,trunk,117.87645891353476,0.0,0.0,False,True
1806,8475,طريق الملك عبدالعزيز,trunk,568.8649868734067,0.0,0.0,False,True
1807,8476,طريق الملك عبدالعزيز,trunk,97.59296629939544,0.0,0.0,False,True
1808,8477,طريق الملك عبدالعزيز,trunk,246.61288591802128,0.0,0.0,False,True
1809,8478,,motorway,201.51455036223393,0.0,0.0,False,True
1810,8479,,primary,150.1210284491948,0.0,0.0,False,True
1811,8480,,primary,8.461221852505425,0.0,0.0,False,True
1812,8481,,primary,63.19764807559025,0.28610927322138935,0.018081433160208264,False,True
1813,8482,,primary,132.15706850329275,0.28610927322138935,0.03781136282054646,False,True
1814,8483,,primary,61.251916325136875,0.28610927322138935,0.017524741263202265,False,True
1815,8484,,primary,45.09908037470109,0.28610927322138935,0.012903265108958752,False,True
1816,8485,,primary,44.522517665316585,0.28610927322138935,0.012738305171210197,False,True
1817,8486,,primary,29.699074000409418,0.28610927322138935,0.0084971804776054,False,True
1818,8487,,primary,62.912869808261874,0.28610927322138935,0.017999955457113692,False,True
1819,8488,,primary,58.79753545076695,0.28610927322138935,0.01682252013502781,False,True
1820,8489,,primary,140.82049716927307,0.28610927322138935,0.04029005009977543,False,True
1821,8490,,tertiary,89.6382121927918,0.0,0.0,False,False
1822,8491,,tertiary,64.06758419913132,0.0,0.0,False,False
1823,8492,,tertiary,65.54917073319632,0.0,0.0,False,False
1824,8493,,tertiary,68.50156050088283,0.0,0.0,False,False
1825,8494,,tertiary,119.16505481031514,0.0,0.0,False,False
1826,8495,,tertiary,87.11354611336134,0.0,0.0,False,False
1827,8496,,tertiary,50.02891043515354,0.0,0.0,False,False
1828,8497,,tertiary,26.288299211523178,0.0,0.0,False,False
1829,8498,,tertiary,28.965368034210346,0.0,0.0,False,False
1830,8499,,tertiary,21.95056108910546,0.0,0.0,False,False
1831,8500,,tertiary,46.08708889818739,0.0,0.0,False,False
1832,8501,,tertiary,23.647581446619856,0.0,0.0,False,False
1833,8502,,tertiary,44.29105967646151,0.0,0.0,False,False
1834,8503,,tertiary,202.28045186377898,0.0,0.0,False,False
1835,8504,,tertiary,77.07358780506667,0.0,0.0,False,False
1836,8505,,tertiary,156.98501402458407,0.0,0.0,False,False
1837,8506,,tertiary,188.63439125095132,0.0,0.0,False,False
1838,8507,,tertiary,19.793148261313508,0.0,0.0,False,False
1839,8508,,tertiary,69.23780470078165,0.0,0.0,False,False
1840,8509,,tertiary,87.91542736402305,0.0,0.0,False,False
1841,8510,,tertiary,13.341105718000476,0.0,0.0,False,False
1842,8511,,tertiary,43.32457035266335,0.0,0.0,False,False
1843,8512,,tertiary,137.76410560291015,0.0,0.0,False,False
1844,8513,,tertiary,195.6895374593616,0.0,0.0,False,False
1845,8514,,motorway,10.496598473180018,0.28610927322138935,0.00300317416045828,False,True
1846,8515,,motorway,28.64334367705621,0.28610927322138935,0.00819512624207303,False,True
1847,8516,,motorway,180.0082563931216,0.28610927322138935,0.05150203141048554,False,True
1848,8517,,tertiary,148.10962957938872,0.0,0.0,False,False
1849,8518,,tertiary,17.700401871882324,0.0,0.0,False,False
1850,8519,,tertiary,279.18619669080203,0.0,0.0,False,False
1851,8520,,tertiary,156.78271445504998,0.0,0.0,False,False
1852,8521,,tertiary,124.04900539173286,0.28610927322138935,0.0354915707764649,False,False
1853,8522,,tertiary,33.21124168738036,0.28610927322138935,0.009502044221956302,False,False
1854,8523,,tertiary,31.379003363929694,0.28610927322138935,0.008977823846865457,False,False
1855,8524,,tertiary,37.33011792420934,0.28610927322138935,0.010680492908564293,False,False
1856,8525,,tertiary,13.14353431799284,0.28610927322138935,0.003760487051281321,False,False
1857,8526,,tertiary,64.76315820899279,0.28610927322138935,0.018529340126696783,False,False
1858,8527,,tertiary,16.46522154681478,0.28610927322138935,0.004710852570188337,False,False
1859,8528,,tertiary,32.643689757348916,0.28610927322138935,0.00933966235173961,False,False
1860,8529,,tertiary,7.895705529277873,0.28610927322138935,0.0022590345705517977,False,False
1861,8530,,tertiary,230.529544236948,0.28610927322138935,0.06595664035769132,False,False
1862,8531,,tertiary,306.5650558127931,0.28610927322138935,0.0877111053136729,False,False
1863,8532,,tertiary,41.733626226299876,0.28610927322138935,0.011940377468499772,False,False
1864,8533,,tertiary,99.01227385161437,0.0,0.0,False,False
1865,8534,,tertiary,60.000240551816255,0.0,0.0,False,False
1866,8535,,tertiary,148.98618161809654,0.0,0.0,False,False
1867,8536,,tertiary,143.28327935083882,0.0,0.0,False,False
1868,8537,,tertiary,58.85195322893376,0.0,0.0,False,False
1869,8538,,tertiary,2.8661768537788794,0.0,0.0,False,False
1870,8539,,tertiary,156.78191145997428,0.0,0.0,False,False
1871,8540,,tertiary,62.330804687099736,0.0,0.0,False,False
1872,8541,,tertiary,57.8370038209523,0.0,0.0,False,False
1873,8542,,tertiary,109.0380366401645,0.0,0.0,False,False
1874,8543,,tertiary,48.053184434738476,0.0,0.0,False,False
1875,8551,,tertiary,64.7825718077863,0.0,0.0,False,False
1876,8552,,tertiary,60.96069390242807,0.0,0.0,False,False
1877,8553,,tertiary,55.44417140364784,0.0,0.0,False,False
1878,8554,,tertiary,116.32708769639629,0.0,0.0,False,False
1879,8555,,tertiary,70.27729913229496,0.0,0.0,False,False
1880,8556,,tertiary,59.465289016530704,0.0,0.0,False,False
1881,8557,,tertiary,143.70041780450808,0.0,0.0,False,False
1882,8558,,tertiary,197.69317363883903,0.0,0.0,False,False
1883,8559,,tertiary,83.8480948719538,0.0,0.0,False,False
1884,8560,,tertiary,100.99694172627972,0.0,0.0,False,False
1885,8561,,tertiary,83.24180727838628,0.0,0.0,False,False
1886,8562,طريق الملك عبدالعزيز,trunk,267.3639821878674,0.0,0.0,False,True
1887,8563,طريق الملك عبدالعزيز,trunk,55.82819941907345,0.0,0.0,False,True
1888,8564,طريق الملك عبدالعزيز,trunk,35.93157166262779,0.0,0.0,False,True
1889,8565,طريق الملك عبدالعزيز,trunk,178.97625068837368,0.0,0.0,False,True
1890,8566,طريق الملك عبدالعزيز,trunk,68.94916256461086,0.0,0.0,False,True
1891,8567,طريق الملك عبدالعزيز,trunk,104.51268902320417,0.0,0.0,False,True
1892,8568,طريق الملك عبدالعزيز,trunk,230.17806653140187,0.0,0.0,False,True
1893,8569,طريق الملك عبدالعزيز,trunk,42.04210772141876,0.0,0.0,False,True
1894,8570,طريق الملك عبدالعزيز,trunk,200.3209253166309,0.0,0.0,False,True
1895,8571,طريق الملك عبدالعزيز,trunk,299.761347259462,0.0,0.0,False,True
1896,8572,طريق الملك عبدالعزيز,trunk,136.38452269731164,0.0,0.0,False,True
1897,8573,طريق الملك عبدالعزيز,motorway,402.53707379840273,0.0,0.0,False,True
1898,8574,,tertiary_link,11.292427124854038,0.0,0.0,False,False
1899,8575,,tertiary,9.855198004653122,0.0,0.0,False,False
1900,8576,,tertiary,11.0130659097281,0.0,0.0,False,False
1901,8577,,tertiary,11.269093278196754,0.0,0.0,False,False
1902,8640,,tertiary,136.32412051960583,0.0,0.0,False,False
1903,8641,,tertiary,37.695951133535274,0.0,0.0,False,False
1904,8642,,tertiary,20.379237491783666,0.0,0.0,False,False
1905,8643,,tertiary,66.90375610368109,0.0,0.0,False,False
1906,8644,,tertiary,25.73057181967694,0.0,0.0,False,False
1907,8645,,tertiary,52.646183212107445,0.0,0.0,False,False
1908,8646,,tertiary,25.84571336797982,0.0,0.0,False,False
1909,8647,,tertiary,39.55958950501507,0.0,0.0,False,False
1910,8648,,tertiary,134.21903410428337,0.0,0.0,False,False
1911,8649,,tertiary,36.19281318147553,0.0,0.0,False,False
1912,8650,,tertiary,2.4629333112951746,0.0,0.0,False,False
1913,8651,,tertiary,148.6675836969279,0.0,0.0,False,False
1914,8652,,tertiary,86.43411027702933,0.0,0.0,False,False
1915,8653,,tertiary,82.57358539683237,0.0,0.0,False,False
1916,8654,,tertiary,25.798878968221732,0.0,0.0,False,False
1917,8655,,secondary,111.54159884755997,0.0,0.0,False,True
1918,8656,,tertiary,47.03880185662924,0.0,0.0,False,False
1919,8657,,tertiary,114.65036250476963,0.0,0.0,False,False
1920,8658,,tertiary,129.63896405569216,0.0,0.0,False,False
1921,8659,,tertiary,646.5593613717057,0.0,0.0,False,False
1922,8660,,tertiary_link,95.63479874454097,0.0,0.0,False,False
1923,8661,,secondary,469.43332650266586,0.0,0.0,False,True
1924,8662,,secondary,310.96168408391753,0.0,0.0,False,True
1925,8663,,secondary,385.5655140251607,0.0,0.0,False,True
1926,8664,,secondary,107.93157470099582,0.0,0.0,False,True
1927,8665,,secondary,80.57532284396933,0.0,0.0,False,True
1928,8666,,secondary,206.7812874584793,0.0,0.0,False,True
1929,8667,,secondary,606.1224931560782,0.0,0.0,False,True
1930,8668,,secondary,76.84953293146218,0.0,0.0,False,True
1931,8669,,secondary,4.815011027863121,0.0,0.0,False,True
1932,8670,,secondary,153.6263687878003,0.0,0.0,False,True
1933,8671,,secondary,137.05103171517064,0.0,0.0,False,True
1934,8725,,secondary,83.69241288305724,0.0,0.0,False,True
1935,8726,,secondary,140.76703946682915,0.0,0.0,False,True
1936,8727,,secondary,39.62347371347033,0.0,0.0,False,True
1937,8728,,secondary,11.770500572113656,0.0,0.0,False,True
1938,8729,,secondary,46.744802029535485,0.0,0.0,False,True
1939,8730,,secondary,30.584573963863296,0.0,0.0,False,True
1940,8731,,secondary,47.363373682610685,0.0,0.0,False,True
1941,8732,,secondary,33.89222694727806,0.0,0.0,False,True
1942,8733,,secondary,356.18011604545416,0.0,0.0,False,True
1943,8734,,secondary,31.89434217618247,0.0,0.0,False,True
1944,8735,,secondary,73.33591671789841,0.0,0.0,False,True
1945,8736,,secondary,47.15689734552033,0.0,0.0,False,True
1946,8737,,secondary,50.95628165786215,0.0,0.0,False,True
1947,8738,,secondary,112.55927423299931,0.0,0.0,False,True
1948,8739,,secondary,34.644520209745096,0.0,0.0,False,True
1949,8740,,secondary,19.150323094822838,0.0,0.0,False,True
1950,8741,,secondary,81.75117754365279,0.0,0.0,False,True
1951,8742,,secondary,150.82711081652712,0.0,0.0,False,True
1952,8743,,secondary,72.69944778386892,0.0,0.0,False,True
1953,8744,,secondary,86.05725449039586,0.0,0.0,False,True
1954,8745,,secondary,8.107190493416415,0.0,0.0,False,True
1955,8746,,secondary,85.19574795147574,0.0,0.0,False,True
1956,8747,,secondary,81.54346617018919,0.0,0.0,False,True
1957,8748,,secondary,161.9550068716894,0.0,0.0,False,True
1958,8749,,secondary,60.98194836385393,0.0,0.0,False,True
1959,8750,طريق الملك فهد,motorway,423.38297537388496,0.28610927322138935,0.12113379537853161,False,True
1960,8751,طريق الملك فهد,motorway,572.2067627607719,0.0,0.0,False,True
1961,8752,طريق الملك فهد,motorway,594.1913194531122,0.0,0.0,False,True
1962,8753,طريق الملك فهد,motorway,21.28971996080018,0.0,0.0,False,True
1963,8754,طريق الملك فهد,motorway,19.698881524620003,0.0,0.0,False,True
1964,8755,طريق الملك فهد,motorway,9.075784508892667,0.0,0.0,False,True
1965,8756,طريق الملك فهد,motorway,34.382166608852096,0.0,0.0,False,True
1966,8757,طريق الملك فهد,motorway,59.47441580554016,0.0,0.0,False,True
1967,8758,طريق الملك فهد,motorway,13.918073908043654,0.0,0.0,False,True
1968,8759,طريق الملك فهد,motorway,4.1469426363263056,0.0,0.0,False,True
1969,8760,طريق الملك فهد,motorway,85.74479560079733,0.0,0.0,False,True
1970,8761,طريق الملك فهد,motorway,136.0640882264786,0.0,0.0,False,True
1971,8762,طريق الملك فهد,motorway,853.3519469512312,0.0,0.0,False,True
1972,8763,طريق الملك فهد,motorway,80.25364010294818,0.0,0.0,False,True
1973,8764,طريق الملك فهد,motorway,176.1966677162589,0.0,0.0,False,True
1974,8765,طريق الملك فهد,motorway,138.86044898911166,0.0,0.0,False,True
1975,8766,طريق الملك فهد,motorway,65.89375245570528,0.0,0.0,False,True
1976,8767,طريق الملك فهد,motorway,18.691443887881533,0.0,0.0,False,True
1977,8768,طريق الملك فهد,motorway,30.43555920520679,0.0,0.0,False,True
1978,8769,طريق الملك فهد,motorway,1465.601236526675,0.0,0.0,False,True
1979,8782,,primary,152.9599975019385,0.0,0.0,False,True
1980,8783,,primary,15.278691172617883,0.0,0.0,False,True
1981,8784,,primary,79.84025509202282,0.0,0.0,False,True
1982,8785,,primary,50.226471425059096,0.0,0.0,False,True
1983,8786,,primary,66.93417190911849,0.0,0.0,False,True
1984,8787,,primary,120.06413930761546,0.0,0.0,False,True
1985,8788,,primary,73.01828400609588,0.0,0.0,False,True
1986,8789,,primary,15.446986100969262,0.0,0.0,False,True
1987,8790,,primary,71.47900173630896,0.0,0.0,False,True
1988,8791,,primary,33.46879799578395,0.0,0.0,False,True
1989,8792,,primary,40.83657462456162,0.0,0.0,False,True
1990,8793,,tertiary,40.46530232137348,0.0,0.0,False,False
1991,8794,,tertiary,13.289225546088272,0.0,0.0,False,False
1992,8795,,tertiary,13.30699262535077,0.0,0.0,False,False
1993,8796,,tertiary,35.82494945412778,0.0,0.0,False,False
1994,8797,,tertiary,17.33445200801399,0.0,0.0,False,False
1995,8798,,tertiary,69.12436425985551,0.0,0.0,False,False
1996,8799,,tertiary,56.07238295003606,0.0,0.0,False,False
1997,8800,,tertiary,13.967423469132987,0.0,0.0,False,False
1998,8801,,tertiary,13.945758363208585,0.0,0.0,False,False
1999,8802,طريق الملك فهد,motorway,133.1976319006553,0.0,0.0,False,True
2000,8803,,motorway_link,31.73894094729726,0.0,0.0,False,False
2001,8804,,motorway_link,7.865612961844249,0.0,0.0,False,False
2002,8805,,motorway_link,14.656876670222735,0.0,0.0,False,False
2003,8806,,motorway_link,162.2369624700738,0.0,0.0,False,False
2004,8807,,motorway_link,33.08230683281607,0.0,0.0,False,False
2005,8808,,motorway_link,59.41630985291097,0.0,0.0,False,False
2006,8809,,motorway_link,16.358349230838662,0.0,0.0,False,False
2007,8810,,motorway_link,79.14136622473686,0.0,0.0,False,False
2008,8811,,motorway_link,56.35457676036112,0.0,0.0,False,False
2009,8812,,motorway_link,108.3689079809869,0.0,0.0,False,False
2010,8813,,motorway_link,62.339391651156895,0.0,0.0,False,False
2011,8814,طريق الملك فهد,motorway,333.003621274273,0.28610927322138935,0.09527542406287302,False,True
2012,8815,طريق الملك فهد,motorway,686.5519114751306,0.28610927322138935,0.19642886842090526,False,True
2013,8816,طريق الملك فهد,motorway,538.5370957507929,0.0,0.0,False,True
2014,8817,طريق الملك فهد,motorway,200.07134137810442,0.28610927322138935,0.057242266074117934,False,True
2015,8818,طريق الملك فهد,motorway,131.583037902098,0.28610927322138935,0.03764712734243179,False,True
2016,8819,,tertiary,31.593447875589575,0.0,0.0,False,False
2017,8820,,tertiary,5.737252170408433,0.0,0.0,False,False
2018,8821,,tertiary,93.0715324627318,0.0,0.0,False,False
2019,8822,,tertiary,35.837876301279266,0.0,0.0,False,False
2020,8823,,tertiary,11.630623547047838,0.0,0.0,False,False
2021,8824,,tertiary,15.40332225747243,0.0,0.0,False,False
2022,8825,,tertiary,30.948424358987122,0.0,0.0,False,False
2023,8826,,tertiary,37.3447834952146,0.0,0.0,False,False
2024,8827,,tertiary,54.92342488224206,0.0,0.0,False,False
2025,8828,,tertiary,134.7649004684227,0.0,0.0,False,False
2026,8829,,tertiary_link,78.07464029870773,0.0,0.0,False,False
2027,8830,,motorway_link,42.47294961540274,0.0,0.0,False,False
2028,8831,,motorway_link,53.662436771032255,0.0,0.0,False,False
2029,8832,,motorway_link,112.55476756337875,0.0,0.0,False,False
2030,8833,,motorway_link,142.33113687575644,0.0,0.0,False,False
2031,8834,,motorway_link,14.8164526123511,0.0,0.0,False,False
2032,8835,,motorway_link,33.49856728069051,0.0,0.0,False,False
2033,8836,,motorway_link,80.89029679361677,0.0,0.0,False,False
2034,8840,,secondary,11.423495896858752,0.28610927322138935,0.0032683681086977806,False,True
2035,8841,,secondary,63.19056434623685,0.0,0.0,False,True
2036,8842,,secondary,10.031241483316764,0.0,0.0,False,True
2037,8843,,secondary,24.72336095503941,0.0,0.0,False,True
2038,8844,,secondary,7.790051709936631,0.0,0.0,False,True
2039,8845,,secondary,56.975508367237666,0.0,0.0,False,True
2040,8846,,secondary,17.146291938173132,0.28610927322138935,0.004905713124872482,False,True
2041,8847,,secondary,34.39813348936243,0.28610927322138935,0.009841624972813818,False,True
2042,8848,,secondary,12.476894416725242,0.28610927322138935,0.0035697551936292697,False,True
2043,8849,,secondary,44.52318965061306,0.28610927322138935,0.012738497432434989,False,True
2044,8850,,secondary,178.4558682112674,0.28610927322138935,0.05105787875601775,False,True
2045,8851,,secondary,191.54022199375186,0.28610927322138935,0.05480143370729592,False,True
2046,8852,,secondary,97.5348855328411,0.28610927322138935,0.027905635213532568,False,True
2047,8853,,secondary,257.8767509836327,0.28610927322138935,0.07378092980462035,False,True
2048,8854,,secondary,163.5818347786154,0.28610927322138935,0.04680227986073104,False,True
2049,8855,,secondary,38.70206415531347,0.28610927322138935,0.011073019447644323,False,True
2050,8856,,secondary,63.72151878806142,0.28610927322138935,0.01823131742901536,False,True
2051,8857,,secondary,28.326113512436038,0.28610927322138935,0.008104363750229653,False,True
2052,8858,,secondary,60.86043337843377,0.28610927322138935,0.017412734361842472,False,True
2053,8859,,secondary,97.77669739106864,0.0,0.0,False,True
2054,8860,,secondary,30.36812653075709,0.0,0.0,False,True
2055,8861,,secondary,62.65906251377777,0.0,0.0,False,True
2056,8863,,secondary,57.27013544213684,0.0,0.0,False,True
2057,8864,,secondary,13.0571276850761,0.0,0.0,False,True
2058,8865,,secondary,161.20824745265668,0.0,0.0,False,True
2059,8866,,secondary,35.69165650214788,0.0,0.0,False,True
2060,8867,,secondary,278.1629985564705,0.0,0.0,False,True
2061,8868,,secondary,47.37121625389271,0.0,0.0,False,True
2062,8869,,secondary,47.10617394768752,0.0,0.0,False,True
2063,8870,,secondary,46.359003436812586,0.0,0.0,False,True
2064,8871,,secondary,113.80002017688187,0.0,0.0,False,True
2065,8872,,secondary,7.182961604762767,0.0,0.0,False,True
2066,8873,,secondary,290.5063983074624,0.0,0.0,False,True
2067,8874,,secondary,107.06674680238912,0.0,0.0,False,True
2068,8875,,secondary,68.17285169128725,0.0,0.0,False,True
2069,8881,طريق الملك فهد,motorway,417.23082619867523,0.0,0.0,False,True
2070,8882,طريق الملك فهد,motorway,259.2159758094564,0.0,0.0,False,True
2071,8883,طريق الملك فهد,motorway,730.0674414236582,0.0,0.0,False,True
2072,8884,طريق الملك فهد,motorway,1153.8765689807803,0.0,0.0,False,True
2073,8885,طريق الملك فهد,motorway,1465.7972727351766,0.28610927322138935,0.419378192392156,False,True
2074,8886,طريق الملك فهد,motorway,1190.3794125871502,0.28610927322138935,0.34057858859301393,False,True
2075,8887,طريق الملك فهد,motorway,417.5881971833991,0.0,0.0,False,True
2076,8888,,tertiary,110.71576738585921,0.0,0.0,False,False
2077,8889,,tertiary,48.98307823814009,0.0,0.0,False,False
2078,8890,,tertiary,125.29473498393652,0.0,0.0,False,False
2079,8891,,tertiary,92.25360306592923,0.0,0.0,False,False
2080,8892,,motorway_link,235.49188381897147,0.0,0.0,False,False
2081,8893,,motorway_link,248.21606391924377,0.0,0.0,False,False
2082,8906,,secondary,115.4218070494011,0.0,0.0,False,True
2083,8907,,secondary,302.434275478293,0.0,0.0,False,True
2084,8908,,secondary,256.68799081242,0.0,0.0,False,True
2085,8909,,secondary,23.555140420059562,0.0,0.0,False,True
2086,8910,,secondary,318.8834675679733,0.0,0.0,False,True
2087,8911,,secondary,114.76915762270015,0.0,0.0,False,True
2088,8938,,secondary,70.73217520213583,0.0,0.0,False,True
2089,8939,,secondary,553.8393247698543,0.0,0.0,False,True
2090,8940,,secondary,53.96483656002722,0.28610927322138935,0.015439840167700449,False,True
2091,8941,,secondary,42.54401955129578,0.28610927322138935,0.012172238513737815,False,True
2092,8942,,secondary,198.61301110789313,0.28610927322138935,0.05682502426039103,False,True
2093,8943,,secondary,130.4545261183708,0.28610927322138935,0.03732424965616783,False,True
2094,8944,,secondary,148.62290099835133,0.28610927322138935,0.0425223901886928,False,True
2095,8945,,secondary,55.90090215411964,0.28610927322138935,0.015993766487735168,False,True
2096,9021,,tertiary_link,17.22511636180213,0.0,0.0,False,False
2097,9048,,tertiary,72.90559354065839,0.0,0.0,False,False
2098,9049,,tertiary,150.3715520336469,0.0,0.0,False,False
2099,9050,,tertiary,53.18877473581435,0.0,0.0,False,False
2100,9051,,tertiary,71.36489137598544,0.0,0.0,False,False
2101,9052,,tertiary,140.6973019625291,0.0,0.0,False,False
2102,9053,,tertiary,71.87723028948203,0.0,0.0,False,False
2103,9055,,motorway_link,55.459122050018834,0.0,0.0,False,False
2104,9056,,motorway_link,46.92897206462712,0.0,0.0,False,False
2105,9290,,secondary,9.221350621690254,0.0,0.0,False,True
2106,9291,,secondary,36.88863372622499,0.0,0.0,False,True
2107,9292,,secondary,21.26343962219745,0.0,0.0,False,True
2108,9293,,secondary,27.6654494396859,0.0,0.0,False,True
2109,9294,,secondary,78.10410955312447,0.0,0.0,False,True
2110,9295,,secondary,22.778772807144883,0.0,0.0,False,True
2111,9296,,secondary,9.239662622731858,0.0,0.0,False,True
2112,9297,,secondary,25.970212319780494,0.0,0.0,False,True
2113,9298,,secondary_link,153.21079932810383,0.0,0.0,False,False
2114,9299,,secondary,47.67405657409723,0.0,0.0,False,True
2115,9300,,secondary,11.645601495538019,0.0,0.0,False,True
2116,9343,,tertiary,40.18136919050501,0.0,0.0,False,False
2117,9344,,tertiary,46.853904085949004,0.0,0.0,False,False
2118,9345,,tertiary,103.58200418040558,0.0,0.0,False,False
2119,9346,,tertiary,27.32382696194943,0.0,0.0,False,False
2120,9347,,tertiary,115.66479590067574,0.0,0.0,False,False
2121,9348,,tertiary,51.547537785754116,0.0,0.0,False,False
2122,9349,,tertiary,44.19635965103492,0.0,0.0,False,False
2123,9350,,tertiary,53.66959552699224,0.0,0.0,False,False
2124,9351,,tertiary,38.86306510850865,0.0,0.0,False,False
2125,9352,,tertiary,44.27546635593277,0.0,0.0,False,False
2126,9353,,tertiary,42.21988932276889,0.0,0.0,False,False
2127,9354,,tertiary,45.11981610544317,0.0,0.0,False,False
2128,9355,,tertiary,99.26965608273403,0.0,0.0,False,False
2129,9356,,tertiary,13.870689598765328,0.28610927322138935,0.003968532920182232,False,False
2130,9357,,tertiary,31.374263304743636,0.28610927322138935,0.008976467671976707,False,False
2131,9358,,tertiary,7.0125719878825565,0.28610927322138935,0.002006361874865752,False,False
2132,9359,,tertiary,23.82188918065065,0.28610927322138935,0.006815663400236436,False,False
2133,9360,,tertiary,31.127023737978867,0.28610927322138935,0.008905730139218068,False,False
2134,9361,,tertiary,13.26449950874155,0.28610927322138935,0.003795096314091521,False,False
2135,9362,,tertiary,34.951404352250734,0.28610927322138935,0.009999920897289362,False,False
2136,9363,,tertiary,23.551691626173454,0.28610927322138935,0.006738357374298769,False,False
2137,9364,,tertiary,9.966484845044787,0.28610927322138935,0.0028515037355877552,False,False
2138,9365,,tertiary,37.255361982030976,0.28610927322138935,0.010659104540278661,False,False
2139,9366,,tertiary,22.935171649808336,0.28610927322138935,0.006561965291934476,False,False
2140,9367,,tertiary,155.6744567015745,0.0,0.0,False,False
2141,9368,,tertiary,51.98677544455602,0.0,0.0,False,False
2142,9369,,tertiary,63.50601938629228,0.0,0.0,False,False
2143,9370,,tertiary,32.4146173548256,0.0,0.0,False,False
2144,9371,,tertiary,402.6824841593519,0.0,0.0,False,False
2145,9416,,tertiary_link,77.58772993808553,0.0,0.0,False,False
2146,9417,,tertiary_link,71.61700189428285,0.0,0.0,False,False
2147,9418,,secondary,92.10345990318504,0.0,0.0,False,True
2148,9419,,secondary,303.0795019480776,0.0,0.0,False,True
2149,9420,,secondary,72.59840557876356,0.0,0.0,False,True
2150,9421,,secondary,18.865103918528966,0.0,0.0,False,True
2151,9422,,secondary,148.46460387685755,0.0,0.0,False,True
2152,9423,,secondary,348.45690604998254,0.0,0.0,False,True
2153,9424,,secondary,92.56732587165446,0.0,0.0,False,True
2154,9498,,primary_link,32.42313907692002,0.0,0.0,False,False
2155,9499,,primary_link,256.4276370297644,0.0,0.0,False,False
2156,9500,,primary,88.41190584581891,0.0,0.0,False,True
2157,9501,,primary,30.507470374079332,0.0,0.0,False,True
2158,9502,,primary,115.46482536990126,0.0,0.0,False,True
2159,9503,,primary,89.85847866327711,0.0,0.0,False,True
2160,9504,,primary,182.59091971717547,0.0,0.0,False,True
2161,9505,,primary,107.63894426025983,0.0,0.0,False,True
2162,9506,,primary,88.51707705530384,0.0,0.0,False,True
2163,9507,,secondary_link,73.89382612318066,0.0,0.0,False,False
2164,9508,,secondary_link,170.81390412074592,0.0,0.0,False,False
2165,9509,,secondary_link,59.420893026506704,0.0,0.0,False,False
2166,9510,,secondary_link,131.10008016239195,0.0,0.0,False,False
2167,9511,,tertiary,8.227604821100286,0.0,0.0,False,False
2168,9512,,tertiary,67.50363790253076,0.0,0.0,False,False
2169,9513,,tertiary,96.97963968155806,0.0,0.0,False,False
2170,9514,,tertiary,29.834835291140045,0.0,0.0,False,False
2171,9515,,tertiary,237.45687258823574,0.0,0.0,False,False
2172,9516,,tertiary,71.97310658105057,0.0,0.0,False,False
2173,9517,,tertiary,19.414776177407152,0.0,0.0,False,False
2174,9518,,tertiary,29.814728749821267,0.0,0.0,False,False
2175,9520,,tertiary,23.801485175603084,0.0,0.0,False,False
2176,9521,,tertiary,7.744789511329595,0.0,0.0,False,False
2177,9522,,tertiary,10.999748355214031,0.0,0.0,False,False
2178,9523,,tertiary,32.51085213921256,0.0,0.0,False,False
2179,9524,,tertiary,20.617433400977916,0.0,0.0,False,False
2180,9525,,tertiary,3.7012215388512453,0.0,0.0,False,False
2181,9526,,tertiary,56.94619417422405,0.0,0.0,False,False
2182,9527,,tertiary,39.22641134944557,0.0,0.0,False,False
2183,9528,,tertiary,13.228119845427694,0.0,0.0,False,False
2184,9535,,tertiary,66.92843889714102,0.0,0.0,False,False
2185,9536,,tertiary,5.215323472283006,0.0,0.0,False,False
2186,9537,,tertiary,11.76055771193347,0.0,0.0,False,False
2187,9538,,tertiary,179.67970481073056,0.0,0.0,False,False
2188,9539,,tertiary,40.2590757871037,0.0,0.0,False,False
2189,9540,,secondary_link,46.51239260355634,0.0,0.0,False,False
2190,9541,,secondary_link,175.94566406845962,0.0,0.0,False,False
2191,9561,,tertiary,82.65563151425118,0.0,0.0,False,False
2192,9562,,tertiary,16.93088143272255,0.0,0.0,False,False
2193,9563,,tertiary,278.89057829424496,0.0,0.0,False,False
2194,9622,,primary,188.11126246223802,0.0,0.0,False,True
2195,9623,,primary,90.25114804915964,0.0,0.0,False,True
2196,9624,,primary,182.05394626103623,0.0,0.0,False,True
2197,9625,,primary,90.31838196668551,0.0,0.0,False,True
2198,9626,,primary,109.71559012410708,0.0,0.0,False,True
2199,9627,,primary,36.66669256943528,0.0,0.0,False,True
2200,9628,,primary,89.8835220448812,0.0,0.0,False,True
2201,9629,,primary,110.96224214533818,0.0,0.0,False,True
2202,9630,,primary,71.28244150945181,0.0,0.0,False,True
2203,9631,,primary,114.77970308246643,0.0,0.0,False,True
2204,9632,,primary,90.86952451058991,0.0,0.0,False,True
2205,9633,,primary,77.57189785492209,0.0,0.0,False,True
2206,9634,,primary,185.953943691923,0.0,0.0,False,True
2207,9635,,primary,128.45900783143938,0.0,0.0,False,True
2208,9636,,primary,83.2404900302419,0.0,0.0,False,True
2209,9637,,primary,146.08291788792562,0.0,0.0,False,True
2210,9638,,primary,68.04819159481796,0.0,0.0,False,True
2211,9639,,primary,24.826330454453977,0.0,0.0,False,True
2212,9640,,primary,112.52613639764188,0.0,0.0,False,True
2213,9641,,primary,79.01965641732122,0.0,0.0,False,True
2214,9642,,primary,137.53189577106545,0.0,0.0,False,True
2215,9643,,primary,112.54195910403675,0.0,0.0,False,True
2216,9644,,primary,73.94064804318816,0.0,0.0,False,True
2217,9645,,primary,110.93932858246914,0.0,0.0,False,True
2218,9646,,primary,89.81977957250155,0.0,0.0,False,True
2219,9647,,primary,138.64505563799742,0.0,0.0,False,True
2220,9648,,primary,64.46880374855402,0.0,0.0,False,True
2221,9649,,primary,130.26331252862266,0.0,0.0,False,True
2222,9650,,primary,61.98195539637352,0.0,0.0,False,True
2223,9651,,primary,68.57817255233226,0.0,0.0,False,True
2224,9652,,primary,65.0398860886862,0.0,0.0,False,True
2225,9653,,primary,13.15520914582583,0.0,0.0,False,True
2226,9654,,primary,130.69928938779606,0.0,0.0,False,True
2227,9655,,primary,156.69200657009446,0.0,0.0,False,True
2228,9656,,primary,147.76619029472772,0.0,0.0,False,True
2229,9657,,primary,277.4987820752607,0.0,0.0,False,True
2230,9658,,primary,82.62019969896708,0.0,0.0,False,True
2231,9659,,primary,107.58783371377477,0.0,0.0,False,True
2232,9660,,primary,49.232783778244595,0.0,0.0,False,True
2233,9661,,primary,94.79901931061673,0.0,0.0,False,True
2234,9662,,primary,111.93385551223719,0.0,0.0,False,True
2235,9663,,primary,77.207238593303,0.0,0.0,False,True
2236,9664,,primary,136.51876086594024,0.0,0.0,False,True
2237,9665,,primary,103.34780510703405,0.0,0.0,False,True
2238,9666,,primary,42.841425719856375,0.0,0.0,False,True
2239,9667,,primary,59.91313437493222,0.0,0.0,False,True
2240,9668,,primary,76.22943105595895,0.0,0.0,False,True
2241,9669,,primary,113.79920927267794,0.0,0.0,False,True
2242,9670,,primary,134.89116420817976,0.0,0.0,False,True
2243,9671,,primary,75.42753483913124,0.0,0.0,False,True
2244,9672,,primary,57.64336482805827,0.0,0.0,False,True
2245,9673,,primary,54.721522743511535,0.0,0.0,False,True
2246,9674,,primary,92.35560389446034,0.0,0.0,False,True
2247,9675,,primary,156.05208647356562,0.0,0.0,False,True
2248,9790,,primary,41.27542948973747,0.0,0.0,False,True
2249,9791,,primary,101.77744052493489,0.0,0.0,False,True
2250,9792,,primary,252.48873173145034,0.0,0.0,False,True
2251,9793,,primary,29.499087650930356,0.0,0.0,False,True
2252,9794,,primary,152.08687873693162,0.0,0.0,False,True
2253,9795,,primary,76.5950953929906,0.0,0.0,False,True
2254,9796,,primary,72.24551677713632,0.0,0.0,False,True
2255,10254,طريق الملك عبدالعزيز,trunk,21.254217617386495,0.0,0.0,False,True
2256,10255,طريق الملك عبدالعزيز,trunk,40.199841695688555,0.0,0.0,False,True
2257,10256,طريق الملك عبدالعزيز,trunk,24.651733147422522,0.0,0.0,False,True
2258,10257,طريق الملك عبدالعزيز,trunk,71.15865860925645,0.0,0.0,False,True
2259,10258,طريق الملك عبدالعزيز,trunk,91.31723791966635,0.0,0.0,False,True
2260,10259,طريق الملك عبدالعزيز,trunk,12.639223210809567,0.0,0.0,False,True
2261,10260,طريق الملك عبدالعزيز,trunk,31.78380817888752,0.0,0.0,False,True
2262,10261,طريق الملك عبدالعزيز,trunk,55.01913301603774,0.0,0.0,False,True
2263,10262,طريق الملك عبدالعزيز,trunk,78.17873682444888,0.0,0.0,False,True
2264,10263,طريق الملك عبدالعزيز,trunk,191.26709590313712,0.0,0.0,False,True
2265,10264,طريق الملك عبدالعزيز,trunk,161.2737793688943,0.0,0.0,False,True
2266,10265,طريق الملك عبدالعزيز,trunk,167.29893389228204,0.0,0.0,False,True
2267,10266,,motorway_link,751.3491150699555,0.0,0.0,False,False
2268,10267,,motorway_link,44.03066396972614,0.0,0.0,False,False
2269,10931,,tertiary,27.314702174845493,0.0,0.0,False,False
2270,10932,,tertiary,60.54894746145141,0.0,0.0,False,False
2271,10933,,tertiary,73.56986527959648,0.0,0.0,False,False
2272,10934,,tertiary,80.47152235065597,0.0,0.0,False,False
2273,10937,,secondary_link,44.29626119047551,0.0,0.0,False,False
2274,10938,,secondary_link,64.29531501935436,0.0,0.0,False,False
2275,10939,,secondary_link,52.722728777937945,0.0,0.0,False,False
2276,11175,,secondary,103.27908335175354,0.0,0.0,False,True
2277,11176,,secondary,378.9987192040138,0.0,0.0,False,True
2278,11177,,secondary,269.3462648869986,0.0,0.0,False,True
2279,11178,,secondary,551.8692343806433,0.0,0.0,False,True
2280,11181,,secondary,391.1108627388324,0.0,0.0,False,True
2281,11182,,secondary,859.8556881452321,0.0,0.0,False,True
2282,11184,,secondary_link,79.04576834552117,0.0,0.0,False,False
2283,11185,,secondary_link,221.14009550887596,0.0,0.0,False,False
2284,11189,,tertiary_link,43.31021735773847,0.0,0.0,False,False
2285,11190,,tertiary,66.18877862011536,0.0,0.0,False,False
2286,11191,,tertiary,65.35035762782249,0.0,0.0,False,False
2287,11192,,tertiary,57.90449314110127,0.0,0.0,False,False
2288,11193,,tertiary,70.85274773922075,0.0,0.0,False,False
2289,11194,,tertiary,10.749357536491127,0.0,0.0,False,False
2290,11195,,tertiary,258.15075543881943,0.0,0.0,False,False
2291,11196,,tertiary,36.18850380486519,0.0,0.0,False,False
2292,11197,,tertiary,15.653980777821126,0.0,0.0,False,False
2293,11198,,tertiary,39.63841665121648,0.0,0.0,False,False
2294,11199,,secondary_link,90.30736658500443,0.0,0.0,False,False
2295,11200,,tertiary,57.93301523248738,0.0,0.0,False,False
2296,11201,,tertiary,8.270357772333194,0.0,0.0,False,False
2297,11202,,tertiary,32.96805515429995,0.0,0.0,False,False
2298,11203,,tertiary,16.4865408671837,0.0,0.0,False,False
2299,11204,,tertiary,16.516706655688623,0.0,0.0,False,False
2300,11205,,tertiary,41.409208282841504,0.0,0.0,False,False
2301,11206,,tertiary,33.01616645019777,0.0,0.0,False,False
2302,11207,,tertiary,24.707105616949484,0.0,0.0,False,False
2303,11208,,tertiary_link,7.3303561037987635,0.0,0.0,False,False
2304,11209,,tertiary,48.8999453491138,0.0,0.0,False,False
2305,11210,,tertiary,28.785513759444466,0.0,0.0,False,False
2306,11211,,tertiary_link,26.38916293059674,0.0,0.0,False,False
2307,11212,,tertiary_link,20.23563056613201,0.0,0.0,False,False
2308,11213,,tertiary,29.379929508613223,0.0,0.0,False,False
2309,11214,,tertiary,50.42842283878088,0.0,0.0,False,False
2310,11215,,tertiary,64.11220040999007,0.0,0.0,False,False
2311,11216,,tertiary,157.75333136438704,0.0,0.0,False,False
2312,11217,,tertiary,270.23560756560033,0.0,0.0,False,False
2313,11218,,tertiary,7.185274759277057,0.0,0.0,False,False
2314,11219,,tertiary,21.82782711454557,0.0,0.0,False,False
2315,11220,,tertiary,7.643558154644349,0.0,0.0,False,False
2316,11221,,tertiary,18.41928864988438,0.0,0.0,False,False
2317,11222,,tertiary,11.24168221898065,0.0,0.0,False,False
2318,11224,,motorway_link,19.41137340203064,0.0,0.0,False,False
2319,11225,,secondary_link,34.487701453820755,0.0,0.0,False,False
2320,11226,,secondary_link,51.54227262420345,0.0,0.0,False,False
2321,11227,,secondary_link,35.06898692194988,0.0,0.0,False,False
2322,11228,,motorway_link,113.31854410599912,0.0,0.0,False,False
2323,11229,,motorway_link,18.270780355532906,0.0,0.0,False,False
2324,11230,,motorway_link,25.11432204599917,0.0,0.0,False,False
2325,11231,,secondary_link,67.69721139445649,0.0,0.0,False,False
2326,11232,,motorway_link,160.03035289060887,0.28610927322138935,0.045786167958894564,False,False
2327,11233,,secondary_link,210.11793525670305,0.0,0.0,False,False
2328,11234,,motorway_link,21.9286998090646,0.0,0.0,False,False
2329,11235,,motorway_link,34.497347783539155,0.0,0.0,False,False
2330,11236,طريق الملك عبدالعزيز,trunk,180.287390410583,0.0,0.0,False,True
2331,11237,طريق الملك عبدالعزيز,trunk,146.41563823509293,0.0,0.0,False,True
2332,11238,طريق الملك فهد,motorway,137.74554512628592,0.0,0.0,False,True
2333,11239,طريق الملك فهد,motorway,1035.0609559926172,0.0,0.0,False,True
2334,11240,طريق الملك فهد,motorway,867.2106326050731,0.28610927322138935,0.24811700382449878,False,True
2335,11241,طريق الملك فهد,motorway,182.52452086589838,0.0,0.0,False,True
2336,11242,,tertiary_link,79.75487842882545,0.0,0.0,False,False
2337,11243,,secondary_link,167.0777655326169,0.0,0.0,False,False
2338,11244,,motorway_link,167.71375521283596,0.0,0.0,False,False
2339,11245,,motorway_link,148.73857665801603,0.28610927322138935,0.04255548606760887,False,False
2340,11246,,secondary_link,64.10527624422153,0.0,0.0,False,False
2341,11247,,secondary_link,73.54015726728127,0.0,0.0,False,False
2342,11248,,tertiary,48.30569497142318,0.0,0.0,False,False
2343,11249,,tertiary,40.29566161037858,0.0,0.0,False,False
2344,11250,,tertiary,59.87402993074055,0.0,0.0,False,False
2345,11251,,tertiary,42.941127328675414,0.0,0.0,False,False
2346,11252,,tertiary,21.946592700407095,0.0,0.0,False,False
2347,11253,,tertiary,86.07406195894207,0.0,0.0,False,False
2348,11254,,tertiary,94.20828780460393,0.0,0.0,False,False
2349,11255,,tertiary,248.10159386236273,0.0,0.0,False,False
2350,11256,,tertiary,51.381906062637924,0.0,0.0,False,False
2351,11263,,tertiary,16.924157118318664,0.0,0.0,False,False
2352,11264,,tertiary,46.32069341718196,0.0,0.0,False,False
2353,11265,,tertiary_link,48.811409361931865,0.0,0.0,False,False
2354,11272,,primary_link,71.18779859269647,0.0,0.0,False,False
2355,11279,,tertiary,14.598215268162514,0.0,0.0,False,False
2356,11280,,tertiary_link,55.64991626911087,0.0,0.0,False,False
2357,11288,,primary_link,20.949785012706506,0.0,0.0,False,False
2358,11289,,primary,15.401304654198514,0.0,0.0,False,True
2359,11290,,primary,111.33410601113955,0.0,0.0,False,True
2360,11291,,primary,15.938765352774157,0.0,0.0,False,True
2361,11292,,primary,111.45934968796315,0.0,0.0,False,True
2362,11293,,primary_link,9.996798145623579,0.0,0.0,False,False
2363,11294,,primary_link,13.281589669889994,0.0,0.0,False,False
2364,11295,,primary_link,14.937041481368535,0.0,0.0,False,False
2365,11296,,tertiary_link,17.519395777299913,0.0,0.0,False,False
2366,11297,,tertiary_link,21.12438444858071,0.0,0.0,False,False
2367,11303,,primary_link,14.935892313118293,0.0,0.0,False,False
2368,11304,,primary_link,13.632231691162824,0.0,0.0,False,False
2369,11305,,primary_link,14.31969171111332,0.0,0.0,False,False
2370,11306,,motorway_link,126.7214242493971,0.0,0.0,False,False
2371,11308,,motorway_link,147.57291878707198,0.28610927322138935,0.04222198054132828,False,False
2372,11309,,motorway_link,140.77669153516598,0.28610927322138935,0.04027751690163805,False,False
2373,11311,,tertiary,107.60624319147456,0.0,0.0,False,False
2374,11312,,tertiary,69.63485653627521,0.0,0.0,False,False
2375,11313,,tertiary,12.483154216229206,0.0,0.0,False,False
2376,11314,,tertiary,18.002115732583526,0.0,0.0,False,False
2377,11318,,motorway_link,98.4311334644484,0.28610927322138935,0.028162060057870905,False,False
2378,11319,,motorway_link,117.50155146615842,0.0,0.0,False,False
2379,11320,,tertiary,40.91631428713721,0.0,0.0,False,False
2380,11321,,tertiary,34.83896700949851,0.0,0.0,False,False
2381,11322,,motorway_link,83.31254283184164,0.0,0.0,False,False
2382,11323,,motorway_link,77.90080231328147,0.0,0.0,False,False
2383,11324,,motorway_link,35.87308097335347,0.0,0.0,False,False
2384,11325,,primary_link,15.237476968097324,0.0,0.0,False,False
2385,11326,,primary_link,15.961656408620941,0.0,0.0,False,False
2386,11329,,tertiary_link,13.296209631572431,0.0,0.0,False,False
2387,11331,,tertiary_link,50.16229570706019,0.0,0.0,False,False
2388,11332,,tertiary_link,48.67445696918586,0.0,0.0,False,False
2389,11360,,primary,75.33743822720682,0.0,0.0,False,True
2390,11361,,primary,141.09534305104836,0.0,0.0,False,True
2391,11362,,primary,81.16488963971041,0.0,0.0,False,True
2392,11363,,primary,14.068655291991963,0.0,0.0,False,True
2393,11364,,primary,754.7484787023178,0.0,0.0,False,True
2394,11365,,primary,779.6498253427135,0.0,0.0,False,True
2395,11366,,primary,81.15974908707271,0.0,0.0,False,True
2396,11367,,primary,174.5678462035682,0.0,0.0,False,True
2397,11368,,primary,52.66124469810839,0.0,0.0,False,True
2398,11369,,primary,21.01953435641046,0.0,0.0,False,True
2399,11370,,primary,84.7069270620471,0.0,0.0,False,True
2400,11371,,primary,62.101139766538964,0.0,0.0,False,True
2401,11372,,primary,35.32243244393982,0.0,0.0,False,True
2402,11373,,primary,33.23112970176331,0.0,0.0,False,True
2403,11374,,primary,44.915385656175026,0.0,0.0,False,True
2404,11375,,primary,17.549790061621092,0.0,0.0,False,True
2405,11474,,trunk_link,28.90122308924,0.0,0.0,False,False
2406,11475,,trunk_link,123.20047847328047,0.0,0.0,False,False
2407,11478,,primary,69.64928420465293,0.0,0.0,False,True
2408,11479,,primary,1029.6386336980354,0.0,0.0,False,True
2409,11480,,primary,26.17308060744809,0.0,0.0,False,True
2410,11481,,primary,201.59335725748716,0.0,0.0,False,True
2411,11482,,primary,134.364330622522,0.0,0.0,False,True
2412,11483,,primary,978.923023011917,0.0,0.0,False,True
2413,11508,,primary,339.4518598765651,0.0,0.0,False,True
2414,11509,,primary,424.71408885359847,0.0,0.0,False,True
2415,11510,,primary,337.8844276462663,0.0,0.0,False,True
2416,11511,,primary,27.352611800114463,0.0,0.0,False,True
2417,11512,,primary,543.2448263521829,0.0,0.0,False,True
2418,11513,,primary,326.8180939653081,0.0,0.0,False,True
2419,11514,,primary,232.07032299891148,0.0,0.0,False,True
2420,11525,,tertiary,251.3429183610722,0.0,0.0,False,False
2421,11526,,tertiary,1043.4786950019632,0.0,0.0,False,False
2422,11547,,tertiary,94.8852411714224,0.0,0.0,False,False
2423,11548,,tertiary,256.51778141892487,0.0,0.0,False,False
2424,11549,,tertiary,70.9923112026707,0.0,0.0,False,False
2425,11550,,tertiary,34.57908297607851,0.0,0.0,False,False
2426,11711,,trunk_link,57.49662496196589,0.0,0.0,False,False
2427,11712,,trunk_link,50.12977585003254,0.0,0.0,False,False
2428,11713,,trunk_link,145.7219753965691,0.0,0.0,False,False
2429,11714,,trunk_link,570.7034708846111,0.0,0.0,False,False
2430,11721,,trunk_link,171.21905436963308,0.0,0.0,False,False
2431,11722,,trunk_link,29.516026076885332,0.0,0.0,False,False
2432,11723,,trunk_link,327.1552698331193,0.0,0.0,False,False
2433,11724,,trunk_link,297.9680803921779,0.0,0.0,False,False
2434,11725,,trunk_link,666.4653885162795,0.0,0.0,False,False
2435,11726,,trunk_link,138.96363559658408,0.0,0.0,False,False
2436,11761,,trunk,25.49418121874339,0.0,0.0,False,True
2437,11855,طريق الملك عبدالله,trunk,179.23384465317503,0.0,0.0,False,True
2438,11856,طريق الملك عبدالله,trunk,23.53096768902505,0.0,0.0,False,True
2439,11857,طريق الملك عبدالله,trunk,35.35758397718015,0.0,0.0,False,True
2440,11858,طريق الملك عبدالله,trunk,375.9649849320882,0.0,0.0,False,True
2441,11859,طريق الملك عبدالله,trunk,122.06735259477924,0.0,0.0,False,True
2442,11860,طريق الملك عبدالله,trunk,773.8424950991382,0.0,0.0,False,True
2443,11861,طريق الملك عبدالله,trunk,124.99184580880573,0.0,0.0,False,True
2444,11862,,trunk_link,81.0721592258407,0.0,0.0,False,False
2445,11863,,trunk_link,161.81546131834295,0.0,0.0,False,False
2446,11864,,trunk_link,136.28018771440256,0.0,0.0,False,False
2447,11865,,trunk_link,237.0825023548875,0.0,0.0,False,False
2448,11866,,trunk_link,51.611472063372815,0.0,0.0,False,False
2449,11867,,trunk_link,344.77486240678195,0.0,0.0,False,False
2450,11868,,trunk_link,170.71499538028635,0.0,0.0,False,False
2451,11869,,trunk,308.03934020809214,0.0,0.0,False,True
2452,11870,,trunk,13.058175626002608,0.0,0.0,False,True
2453,11871,,trunk,371.76531030512444,0.0,0.0,False,True
2454,11872,,trunk,176.09165588868393,0.0,0.0,False,True
2455,11873,,trunk,84.88132830266882,0.0,0.0,False,True
2456,11874,,trunk,76.1743271616281,0.0,0.0,False,True
2457,11875,,trunk_link,82.45731958015523,0.0,0.0,False,False
2458,11886,,trunk_link,249.25876189881328,0.0,0.0,False,False
2459,11887,,trunk_link,51.79534861278492,0.0,0.0,False,False
2460,11888,,trunk_link,301.5368596917555,0.0,0.0,False,False
2461,11889,,trunk_link,68.63973095333264,0.0,0.0,False,False
2462,11890,,trunk_link,460.4332472023628,0.0,0.0,False,False
2463,11891,,trunk_link,113.02309502230784,0.0,0.0,False,False
2464,11916,,tertiary,238.14210177892124,0.0,0.0,False,False
2465,11917,,tertiary,144.44175510649754,0.0,0.0,False,False
2466,11918,,tertiary,244.4303496469442,0.0,0.0,False,False
2467,11928,,tertiary,487.56364151852677,0.0,0.0,False,False
2468,11949,,motorway_link,258.8257771780454,0.0,0.0,False,False
2469,11950,,motorway_link,254.67883285237914,0.0,0.0,False,False
2470,11958,,tertiary,966.7541063341986,0.0,0.0,False,False
2471,11959,,tertiary,122.50797418622017,0.0,0.0,False,False
2472,11960,,tertiary,35.53732583726427,0.0,0.0,False,False
2473,11961,,tertiary,15.880166487569479,0.0,0.0,False,False
2474,11962,,tertiary,174.27525625843654,0.0,0.0,False,False
2475,11963,,tertiary,345.21901849357863,0.0,0.0,False,False
2476,11964,,tertiary,810.8437363560431,0.0,0.0,False,False
2477,11965,,tertiary,30.316897964133,0.0,0.0,False,False
2478,11966,,tertiary,666.5916021074564,0.0,0.0,False,False
2479,11967,,tertiary,449.76607986140596,0.0,0.0,False,False
2480,11968,,tertiary,36.64030179324567,0.0,0.0,False,False
2481,11976,,tertiary,299.11375464822595,0.0,0.0,False,False
2482,11977,,tertiary,45.283654251621996,0.0,0.0,False,False
2483,11978,,tertiary,13.502002438276442,0.0,0.0,False,False
2484,11979,,tertiary,80.43158321045658,0.0,0.0,False,False
2485,11980,,tertiary,76.38447540808583,0.0,0.0,False,False
2486,11981,,tertiary,12.179856130911432,0.0,0.0,False,False
2487,11982,,tertiary,209.1629688877727,0.0,0.0,False,False
2488,11983,,tertiary,209.4129266985276,0.0,0.0,False,False
2489,11984,,tertiary,406.4187605220456,0.0,0.0,False,False
2490,11985,,tertiary,64.79673468037079,0.0,0.0,False,False
2491,11986,,tertiary,11.623397817571437,0.0,0.0,False,False
2492,11987,,tertiary,165.07736700538007,0.0,0.0,False,False
2493,11988,,tertiary,69.88873925289911,0.0,0.0,False,False
2494,11989,,tertiary,12.196312135528636,0.0,0.0,False,False
2495,11990,,tertiary,77.51898987400742,0.0,0.0,False,False
2496,11991,,tertiary,17.20498884617881,0.0,0.0,False,False
2497,11992,,tertiary,62.850094619602224,0.0,0.0,False,False
2498,11993,,tertiary,122.76452204719183,0.0,0.0,False,False
2499,12009,,tertiary,111.2826230633263,0.0,0.0,False,False
2500,12047,,tertiary,38.04464558978167,0.0,0.0,False,False
2501,12048,,tertiary,92.42836551457897,0.0,0.0,False,False
2502,12049,,tertiary,196.07383917606035,0.0,0.0,False,False
2503,12050,,tertiary,58.76571315035746,0.0,0.0,False,False
2504,12051,,tertiary,165.4798756783529,0.0,0.0,False,False
2505,12052,,tertiary,63.45748636366461,0.0,0.0,False,False
2506,12053,,tertiary,9.010489620475273,0.0,0.0,False,False
2507,12054,,tertiary,44.80577281887603,0.0,0.0,False,False
2508,12055,,tertiary,33.982537649120225,0.0,0.0,False,False
2509,12138,,tertiary,155.84927548176492,0.0,0.0,False,False
2510,12139,,tertiary,163.74553131774672,0.0,0.0,False,False
2511,12140,,tertiary,237.87665346583015,0.0,0.0,False,False
2512,12141,,tertiary,185.3258172691162,0.0,0.0,False,False
2513,12142,,tertiary,81.33674496253636,0.0,0.0,False,False
2514,12143,,tertiary,15.33719225887634,0.0,0.0,False,False
2515,12144,,tertiary,127.27122952393044,0.0,0.0,False,False
2516,12318,,motorway_link,320.412674467692,0.0,0.0,False,False
2517,12319,,tertiary,226.62747086919234,0.0,0.0,False,False
2518,12320,,secondary,107.79885162604918,0.0,0.0,False,True
2519,12321,,secondary,199.29819164501552,0.0,0.0,False,True
2520,12322,,secondary,36.47135236105836,0.0,0.0,False,True
2521,12323,,secondary,95.82218604950928,0.0,0.0,False,True
2522,12324,,secondary,106.78861381279376,0.0,0.0,False,True
2523,12325,,secondary,16.873424096768986,0.0,0.0,False,True
2524,12326,,secondary,107.8141517955506,0.0,0.0,False,True
2525,12327,,secondary,47.25508885920975,0.0,0.0,False,True
2526,12328,,secondary,9.535439400555177,0.0,0.0,False,True
2527,12329,,secondary,110.06401422770034,0.0,0.0,False,True
2528,12330,,secondary,57.93217672951792,0.0,0.0,False,True
2529,12331,,secondary,189.31779113408635,0.0,0.0,False,True
2530,12332,,secondary,92.44388339535553,0.0,0.0,False,True
2531,12333,,secondary,108.00317704569962,0.0,0.0,False,True
2532,12334,,secondary,98.7033567782747,0.0,0.0,False,True
2533,12336,طريق الملك فهد,motorway,486.29683331355477,0.0,0.0,False,True
2534,12337,طريق الملك فهد,motorway,82.58567584427661,0.0,0.0,False,True
2535,12338,طريق الملك فهد,motorway,426.28247275342216,0.0,0.0,False,True
2536,12339,طريق الملك فهد,motorway,91.12673467345186,0.0,0.0,False,True
2537,12340,طريق الملك فهد,motorway,34.53134096999755,0.0,0.0,False,True
2538,12341,طريق الملك فهد,motorway,67.11135680140828,0.0,0.0,False,True
2539,12342,طريق الملك فهد,motorway,77.67384318180676,0.0,0.0,False,True
2540,12343,طريق الملك فهد,motorway,579.4085137074965,0.0,0.0,False,True
2541,12344,طريق الملك فهد,motorway,49.18156794383956,0.0,0.0,False,True
2542,12345,طريق الملك فهد,motorway,78.54784768064495,0.0,0.0,False,True
2543,12346,طريق الملك فهد,motorway,51.861311784622465,0.0,0.0,False,True
2544,12347,طريق الملك فهد,motorway,78.32500685373155,0.0,0.0,False,True
2545,12348,طريق الملك فهد,motorway,38.395954136642814,0.0,0.0,False,True
2546,12349,طريق الملك فهد,motorway,90.76655461656614,0.0,0.0,False,True
2547,12350,طريق الملك فهد,motorway,55.63948823514124,0.0,0.0,False,True
2548,12351,طريق الملك فهد,motorway,180.81326724992564,0.0,0.0,False,True
2549,12352,طريق الملك فهد,motorway,80.78045680606499,0.0,0.0,False,True
2550,12353,طريق الملك فهد,motorway,787.7479501145492,0.0,0.0,False,True
2551,12354,طريق الملك فهد,motorway,2.891563174877804,0.0,0.0,False,True
2552,12355,طريق الملك فهد,motorway,20.501681086603483,0.0,0.0,False,True
2553,12356,طريق الملك فهد,motorway,55.276405305974365,0.0,0.0,False,True
2554,12357,طريق الملك فهد,motorway,30.081313048197945,0.0,0.0,False,True
2555,12358,طريق الملك فهد,motorway,55.53703499245712,0.0,0.0,False,True
2556,12359,طريق الملك فهد,motorway,167.1146724476688,0.0,0.0,False,True
2557,12360,طريق الملك فهد,motorway,10.525597530517615,0.0,0.0,False,True
2558,12361,طريق الملك فهد,motorway,106.20298933924225,0.0,0.0,False,True
2559,12362,طريق الملك فهد,motorway,132.97824453481957,0.28610927322138935,0.03804630889811342,False,True
2560,12363,طريق الملك فهد,motorway,132.48279397362091,0.0,0.0,False,True
2561,12411,,trunk,68.83799600556227,0.0,0.0,False,True
2562,12412,,trunk,273.02479209270575,0.0,0.0,False,True
2563,12413,,trunk,40.475037450652465,0.0,0.0,False,True
2564,12414,,trunk,353.49381991753063,0.0,0.0,False,True
2565,12415,,trunk,25.85604761330608,0.0,0.0,False,True
2566,12416,,trunk,277.5859410550941,0.0,0.0,False,True
2567,12417,,secondary_link,202.09504209324956,0.0,0.0,False,False
2568,12422,طريق الملك فهد,motorway,667.0460522164672,0.0,0.0,False,True
2569,12423,طريق الملك فهد,motorway,99.98598044021519,0.0,0.0,False,True
2570,12424,طريق الملك فهد,motorway,204.9433631638597,0.0,0.0,False,True
2571,12425,طريق الملك فهد,motorway,1500.5477971480068,0.0,0.0,False,True
2572,12426,طريق الملك فهد,motorway,290.99415295802146,0.0,0.0,False,True
2573,12427,طريق الملك فهد,motorway,3128.6077637592794,0.0,0.0,False,True
2574,12428,طريق الملك فهد,motorway,10.967617992313253,0.0,0.0,False,True
2575,12429,طريق الملك فهد,motorway,151.19934641095608,0.0,0.0,False,True
2576,12430,طريق الملك فهد,motorway,124.37183566623355,0.0,0.0,False,True
2577,12431,طريق الملك فهد,motorway,112.4714850529148,0.0,0.0,False,True
2578,12432,طريق الملك فهد,motorway,469.8596914078299,0.0,0.0,False,True
2579,12433,طريق الملك فهد,motorway,664.3554271669678,0.28610927322138935,0.19007824842742685,False,True
2580,12434,طريق الملك فهد,motorway,205.09063048480536,0.28610927322138935,0.05867833123252418,False,True
2581,12435,طريق الملك فهد,motorway,209.16851273205174,0.28610927322138935,0.05984505115856625,False,True
2582,12436,طريق الملك فهد,motorway,4.3239487104782395,0.28610927322138935,0.0012371218230014928,False,True
2583,12437,طريق الملك فهد,motorway,1193.332792904667,0.28610927322138935,0.34142357808920504,False,True
2584,12438,طريق الملك فهد,motorway,51.57861830776909,0.28610927322138935,0.014757120997799262,False,True
2585,12439,طريق الملك فهد,motorway,110.29893587429639,0.28610927322138935,0.03155754838008757,False,True
2586,12440,طريق الملك فهد,motorway,326.1608868249818,0.28610927322138935,0.09331765428273937,False,True
2587,12441,طريق الملك فهد,motorway,321.0075535480529,0.28610927322138935,0.09184323784420964,False,True
2588,12442,طريق الملك فهد,motorway,514.6523837063716,0.28610927322138935,0.14724681946388557,False,True
2589,12443,طريق الملك فهد,motorway,333.0127565451636,0.28610927322138935,0.09527803774858823,False,True
2590,12444,طريق الملك فهد,motorway,504.76016267624095,0.28610927322138935,0.14441656329440958,False,True
2591,12452,,tertiary,218.02133964522562,0.0,0.0,False,False
2592,12453,,tertiary,82.93637952029093,0.0,0.0,False,False
2593,12454,,tertiary,146.77103847485617,0.0,0.0,False,False
2594,12455,,tertiary,300.80837594444966,0.0,0.0,False,False
2595,12456,,tertiary,84.384031007137,0.0,0.0,False,False
2596,12457,,tertiary,91.04169227793716,0.0,0.0,False,False
2597,12458,,tertiary,38.29918473349851,0.0,0.0,False,False
2598,12459,,tertiary,67.78125331413676,0.0,0.0,False,False
2599,12460,,tertiary,27.246531192648803,0.0,0.0,False,False
2600,12461,,tertiary,224.29031103724122,0.0,0.0,False,False
2601,12522,,tertiary,591.7631856226906,0.0,0.0,False,False
2602,12529,,trunk_link,33.7242572054358,0.0,0.0,False,False
2603,12530,,trunk_link,220.18478119974446,0.0,0.0,False,False
2604,12531,,trunk_link,235.60023558114227,0.0,0.0,False,False
2605,12532,,trunk_link,45.3159227631688,0.0,0.0,False,False
2606,12533,,trunk_link,125.5501549864337,0.0,0.0,False,False
2607,12534,,secondary,160.2291466991376,0.0,0.0,False,True
2608,12535,,secondary,639.3172654610926,0.0,0.0,False,True
2609,12536,,secondary,245.6041081214412,0.0,0.0,False,True
2610,12537,,secondary,12.318417421127501,0.0,0.0,False,True
2611,12538,,secondary,567.986833418249,0.0,0.0,False,True
2612,12725,,secondary_link,37.289399190599354,0.0,0.0,False,False
2613,12726,,secondary_link,34.96489296123911,0.0,0.0,False,False
2614,12729,,tertiary,153.04508600127159,0.0,0.0,False,False
2615,12730,,tertiary,295.26357868510496,0.0,0.0,False,False
2616,12731,,tertiary,126.6779324225349,0.0,0.0,False,False
2617,12732,,tertiary,29.508186244243053,0.0,0.0,False,False
2618,12733,,tertiary,147.4739886252232,0.0,0.0,False,False
2619,12734,,tertiary,166.34575301855872,0.0,0.0,False,False
2620,12735,,tertiary,114.67461716975495,0.0,0.0,False,False
2621,12736,,tertiary,102.07771705970174,0.0,0.0,False,False
2622,12737,,tertiary,28.282166347424216,0.0,0.0,False,False
2623,12738,,tertiary,607.9684414342435,0.0,0.0,False,False
2624,12739,طريق الملك فهد,motorway,433.22380545206374,0.28610927322138935,0.12394934812009453,False,True
2625,12740,طريق الملك فهد,motorway,48.546750124846,0.28610927322138935,0.013889675395480082,False,True
2626,12741,طريق الملك فهد,motorway,83.87324987808992,0.28610927322138935,0.02399691456533629,False,True
2627,12742,طريق الملك فهد,motorway,124.79185594555129,0.28610927322138935,0.03570410720853,False,True
2628,12743,طريق الملك فهد,motorway,89.38332628764181,0.28610927322138935,0.025573398522267504,False,True
2629,12744,طريق الملك فهد,motorway,69.54907991029792,0.28610927322138935,0.01989863670635167,False,True
2630,12745,طريق الملك فهد,motorway,3145.030846109663,0.28610927322138935,0.8998224896392869,False,True
2631,12746,طريق الملك فهد,motorway,289.2678186188631,0.28610927322138935,0.0827622053513796,False,True
2632,12747,طريق الملك فهد,motorway,1813.037109041737,0.28610927322138935,0.5187267295913403,False,True
2633,12748,,tertiary,284.95830250292687,0.0,0.0,False,False
2634,12749,,tertiary,75.81692207512255,0.0,0.0,False,False
2635,12750,,tertiary,170.09223945609463,0.0,0.0,False,False
2636,12751,,tertiary,296.8124241642206,0.0,0.0,False,False
2637,12752,,tertiary,16.58513917891422,0.0,0.0,False,False
2638,12753,,tertiary,121.30454969293007,0.0,0.0,False,False
2639,12754,,tertiary,37.110615316022255,0.0,0.0,False,False
2640,12755,,tertiary,36.140929214623156,0.0,0.0,False,False
2641,12756,,tertiary,435.8390686300271,0.0,0.0,False,False
2642,12757,,tertiary,147.7522290162787,0.0,0.0,False,False
2643,12758,,tertiary,331.4487197851922,0.0,0.0,False,False
2644,12873,,tertiary,76.70800489677715,0.0,0.0,False,False
2645,12874,,tertiary,74.798302127431,0.0,0.0,False,False
2646,12875,,tertiary,66.39349288832898,0.0,0.0,False,False
2647,12876,,tertiary,162.59005870737224,0.0,0.0,False,False
2648,12877,,tertiary,130.92315969423854,0.0,0.0,False,False
2649,12878,,tertiary,46.57506768172481,0.0,0.0,False,False
2650,12879,,tertiary,641.422023684184,0.0,0.0,False,False
2651,12880,,tertiary,22.745504560153144,0.0,0.0,False,False
2652,12881,,tertiary,12.200482412593228,0.0,0.0,False,False
2653,13530,,tertiary_link,29.966530931770034,0.0,0.0,False,False
2654,13531,,tertiary_link,42.77381446246447,0.0,0.0,False,False
2655,13532,,tertiary,630.899319006727,0.0,0.0,False,False
2656,13533,,tertiary,106.0883294821954,0.0,0.0,False,False
2657,13534,,tertiary,40.66975035407821,0.0,0.0,False,False
2658,13535,,tertiary,20.6074993386148,0.0,0.0,False,False
2659,13536,,tertiary,73.64414865410464,0.0,0.0,False,False
2660,13537,,tertiary,33.801823150288676,0.0,0.0,False,False
2661,13538,,tertiary,197.6264481511737,0.0,0.0,False,False
2662,13539,,tertiary,54.74432929802129,0.0,0.0,False,False
2663,13540,,tertiary,30.15689191992292,0.0,0.0,False,False
2664,13541,,tertiary,529.7254321589016,0.0,0.0,False,False
2665,13542,,tertiary,121.21202437247564,0.0,0.0,False,False
2666,13543,,tertiary,136.8313173829055,0.0,0.0,False,False
2667,13544,,tertiary,56.207071870799666,0.0,0.0,False,False
2668,13545,,tertiary,11.976486119610932,0.0,0.0,False,False
2669,13546,,tertiary,122.91794890879457,0.0,0.0,False,False
2670,13547,,tertiary,633.9818834898693,0.0,0.0,False,False
2671,14064,,motorway_link,242.79514761654573,0.0,0.0,False,False
2672,14065,,trunk_link,202.51311675740203,0.0,0.0,False,False
2673,14068,,secondary_link,152.47873336949812,0.0,0.0,False,False
2674,14069,,secondary_link,68.05393463220474,0.0,0.0,False,False
2675,14070,,secondary_link,148.3901112281738,0.0,0.0,False,False
2676,14071,,secondary_link,135.90355788971655,0.0,0.0,False,False
2677,14072,,motorway_link,120.93227729172499,0.0,0.0,False,False
2678,14073,,secondary_link,199.42181109959722,0.0,0.0,False,False
2679,14074,,motorway_link,140.0334094572575,0.0,0.0,False,False
2680,14075,,motorway_link,87.25664144512206,0.0,0.0,False,False
2681,14078,,tertiary,158.79943447849524,0.0,0.0,False,False
2682,14079,,tertiary,11.767915622587461,0.0,0.0,False,False
2683,14102,طريق الملك فهد,secondary,109.01520360913008,0.0,0.0,False,True
2684,14103,طريق الملك فهد,secondary,37.30535677979803,0.0,0.0,False,True
2685,14104,طريق الملك فهد,secondary,34.74421160075497,0.0,0.0,False,True
2686,14105,طريق الملك فهد,secondary,95.81792548735059,0.0,0.0,False,True
2687,14106,طريق الملك فهد,secondary,10.752504508412141,0.0,0.0,False,True
2688,14122,,tertiary,16.572436245065564,0.0,0.0,False,False
2689,14123,,tertiary,149.43438273208267,0.0,0.0,False,False
2690,14124,,tertiary,95.1864043324085,0.0,0.0,False,False
2691,14125,,tertiary,64.48822485956184,0.0,0.0,False,False
2692,14126,,tertiary,76.41325102740134,0.0,0.0,False,False
2693,14127,,tertiary,305.60742953806795,0.0,0.0,False,False
2694,14194,طريق الملك عبدالله,trunk,77.93026214444617,0.0,0.0,False,True
2695,14195,طريق الملك عبدالله,trunk,111.56361229562906,0.0,0.0,False,True
2696,14196,طريق الملك عبدالله,trunk,81.55484973654852,0.0,0.0,False,True
2697,14203,طريق الملك عبدالله,trunk,64.33137834412685,0.28610927322138935,0.018405803903368358,False,True
2698,14204,طريق الملك عبدالله,trunk,41.09074473285304,0.28610927322138935,0.011756443111642216,False,True
2699,14205,طريق الملك عبدالله,trunk,16.472575769770472,0.28610927322138935,0.004712956681573299,False,True
2700,14206,طريق الملك عبدالله,trunk,58.24803457474944,0.28610927322138935,0.01666530283875592,False,True
2701,14207,طريق الملك عبدالله,trunk,322.98218933291633,0.28610927322138935,0.09240819945349386,False,True
2702,14208,,trunk,31.500106011070436,0.0,0.0,False,True
2703,14209,طريق الملك عبدالله,trunk,66.39722968842783,0.0,0.0,False,True
2704,14210,طريق الملك عبدالله,trunk,28.749638339357922,0.0,0.0,False,True
2705,14211,طريق الملك عبدالله,trunk,158.07552940409704,0.0,0.0,False,True
2706,14212,طريق الملك سعود,trunk,242.49078509738382,0.0,0.0,False,True
2707,14213,طريق الملك سعود,trunk,99.3191788851064,0.0,0.0,False,True
2708,14214,طريق الملك سعود,trunk,506.5685459121695,0.0,0.0,False,True
2709,14215,طريق الملك سعود,trunk,165.50358268890952,0.0,0.0,False,True
2710,14216,طريق الملك سعود,trunk,509.4326322865361,0.0,0.0,False,True
2711,14217,طريق الملك سعود,trunk,89.70971374375897,0.0,0.0,False,True
2712,14218,طريق الملك سعود,trunk,115.51522071923274,0.0,0.0,False,True
2713,14219,طريق الملك سعود,trunk,90.72175988011251,0.0,0.0,False,True
2714,14220,طريق الملك سعود,trunk,146.9204009379572,0.0,0.0,False,True
2715,14221,طريق الملك فهد,motorway,368.61863425650563,0.0,0.0,False,True
2716,14222,طريق الملك فهد,motorway,113.52996999277457,0.0,0.0,False,True
2717,14223,طريق الملك فهد,motorway,7.684452771815207,0.0,0.0,False,True
2718,14224,طريق الملك فهد,motorway,302.6101644915779,0.0,0.0,False,True
2719,14225,طريق الملك فهد,motorway,87.41368346612191,0.0,0.0,False,True
2720,14226,طريق الملك فهد,motorway,36.34873193727011,0.0,0.0,False,True
2721,14227,طريق الملك فهد,secondary,185.18166776134947,0.0,0.0,False,True
2722,14228,طريق الملك فهد,secondary,12.42896653329008,0.0,0.0,False,True
2723,14229,طريق الملك فهد,secondary,82.5477738391742,0.0,0.0,False,True
2724,14230,طريق الملك فهد,secondary,4.875760549888121,0.0,0.0,False,True
2725,14231,طريق الملك فهد,secondary,4.264871561325383,0.0,0.0,False,True
2726,14232,طريق الملك فهد,secondary,132.0948065124843,0.0,0.0,False,True
2727,14233,طريق الملك فهد,secondary,129.07059266877155,0.0,0.0,False,True
2728,14234,,primary,15.595146909591016,0.0,0.0,False,True
2729,14235,,primary,127.95686869653147,0.0,0.0,False,True
2730,14236,,primary,39.06186302309404,0.0,0.0,False,True
2731,14237,,primary,113.9985514328277,0.0,0.0,False,True
2732,14238,,primary,51.01913296085789,0.0,0.0,False,True
2733,14239,,trunk,106.68405923952128,0.28610927322138935,0.030523298653327077,False,True
2734,14240,,trunk,52.630604808469116,0.28610927322138935,0.015058104090953258,False,True
2735,14306,,tertiary,486.55159065253304,0.0,0.0,False,False
2736,14307,,tertiary,15.664468450685282,0.0,0.0,False,False
2737,14308,,tertiary,134.3939452148031,0.0,0.0,False,False
2738,14309,,tertiary,23.707103818191474,0.0,0.0,False,False
2739,14310,,tertiary,110.2182303851746,0.0,0.0,False,False
2740,14311,,tertiary,109.3639428155143,0.0,0.0,False,False
2741,14312,,tertiary,17.806225664887712,0.0,0.0,False,False
2742,14318,,tertiary,13.69190682675709,0.0,0.0,False,False
2743,14319,,tertiary,87.64703969580536,0.0,0.0,False,False
2744,14320,,tertiary,10.711662715295526,0.0,0.0,False,False
2745,14321,,tertiary,110.28285436110392,0.0,0.0,False,False
2746,14322,,tertiary,139.85689852585472,0.0,0.0,False,False
2747,14323,,tertiary,139.00014687164236,0.0,0.0,False,False
2748,14324,,tertiary,71.4829784653416,0.0,0.0,False,False
2749,14325,,tertiary,9.863627108082158,0.0,0.0,False,False
2750,14326,,tertiary,116.0833718595445,0.0,0.0,False,False
2751,14327,,tertiary,14.140125007892673,0.0,0.0,False,False
2752,14328,,tertiary,47.66692938263399,0.0,0.0,False,False
2753,14329,,tertiary,127.21494536465626,0.0,0.0,False,False
2754,14330,,tertiary,134.150628723804,0.0,0.0,False,False
2755,14331,,tertiary,133.7622708018298,0.0,0.0,False,False
2756,14332,,tertiary,106.16711349427112,0.0,0.0,False,False
2757,14333,,tertiary,349.916185341335,0.0,0.0,False,False
2758,14334,,tertiary,82.69362455862151,0.0,0.0,False,False
2759,14335,,tertiary,125.41602523586266,0.0,0.0,False,False
2760,14336,,tertiary,119.96390540502047,0.0,0.0,False,False
2761,14337,,tertiary,68.3556083772023,0.0,0.0,False,False
2762,14338,,tertiary,71.5839605072073,0.0,0.0,False,False
2763,14339,,tertiary,194.73269584162912,0.0,0.0,False,False
2764,14340,,tertiary,117.05374709100445,0.0,0.0,False,False
2765,14341,,tertiary,10.09469994273388,0.0,0.0,False,False
2766,14342,,tertiary,75.2242659203177,0.0,0.0,False,False
2767,14343,,tertiary,27.36062055254409,0.0,0.0,False,False
2768,14344,,tertiary,269.1112263155041,0.0,0.0,False,False
2769,14345,,primary,165.9273059061341,0.0,0.0,False,True
2770,14346,,primary,114.15805427486244,0.0,0.0,False,True
2771,14388,,tertiary,14.217408049257699,0.0,0.0,False,False
2772,14389,,tertiary,13.594612116419691,0.0,0.0,False,False
2773,14390,,tertiary,13.628345675990033,0.0,0.0,False,False
2774,14391,,tertiary,13.677728292769899,0.0,0.0,False,False
2775,14392,,tertiary,22.73130473275095,0.0,0.0,False,False
2776,14393,,tertiary,11.05228124168887,0.0,0.0,False,False
2777,14394,,tertiary,16.672451736572523,0.0,0.0,False,False
2778,14395,,tertiary,16.76426267993251,0.0,0.0,False,False
2779,14396,,tertiary,7.115301842070879,0.0,0.0,False,False
2780,14397,,primary,30.14629455394627,0.0,0.0,False,True
2781,14398,,primary,236.35585511182134,0.0,0.0,False,True
2782,14399,,primary,11.889841786273918,0.0,0.0,False,True
2783,14400,,primary,1.2559460378046006,0.0,0.0,False,True
2784,14401,,primary,891.2367831940892,0.0,0.0,False,True
2785,14408,,tertiary,162.98091339926825,0.0,0.0,False,False
2786,14409,,tertiary,59.63144373991107,0.0,0.0,False,False
2787,14410,,tertiary,72.27373329407034,0.0,0.0,False,False
2788,14411,,tertiary,157.4849101185808,0.0,0.0,False,False
2789,14412,,tertiary,120.86639392344675,0.0,0.0,False,False
2790,14413,,tertiary,215.382640313196,0.0,0.0,False,False
2791,14414,,tertiary,145.44532195916213,0.0,0.0,False,False
2792,14415,,tertiary,17.174181221601614,0.0,0.0,False,False
2793,14416,,tertiary,65.10233675630002,0.0,0.0,False,False
2794,14417,,tertiary,112.41205884061493,0.0,0.0,False,False
2795,14418,,tertiary,112.49805122072445,0.0,0.0,False,False
2796,14419,,tertiary,76.43149381249962,0.0,0.0,False,False
2797,14420,,tertiary,79.6857850176231,0.0,0.0,False,False
2798,14421,,tertiary,186.8157418635344,0.0,0.0,False,False
2799,14422,,tertiary,455.9978149557839,0.0,0.0,False,False
2800,14423,,tertiary,318.01433085476884,0.0,0.0,False,False
2801,14424,,tertiary,81.28628083956448,0.0,0.0,False,False
2802,14425,,tertiary,67.03320562671,0.0,0.0,False,False
2803,14426,,tertiary,9.22833023667705,0.0,0.0,False,False
2804,14427,,tertiary,250.38479702918073,0.0,0.0,False,False
2805,14428,,tertiary,55.98304184146016,0.0,0.0,False,False
2806,14448,,tertiary,57.050813391718414,0.0,0.0,False,False
2807,14449,,tertiary,59.58132426429282,0.0,0.0,False,False
2808,14450,,tertiary,111.64605325750153,0.0,0.0,False,False
2809,14451,,tertiary,2.426092068331549,0.0,0.0,False,False
2810,14452,,tertiary,237.17556846070357,0.0,0.0,False,False
2811,14453,,tertiary,299.18147496954634,0.0,0.0,False,False
2812,14454,,tertiary,156.1952079605344,0.0,0.0,False,False
2813,14455,,tertiary,181.03195494094774,0.0,0.0,False,False
2814,14456,,tertiary,253.82491880503125,0.0,0.0,False,False
2815,14457,,tertiary,88.397550784179,0.0,0.0,False,False
2816,14458,,tertiary,201.505010209696,0.0,0.0,False,False
2817,14459,,tertiary,325.89149110783035,0.0,0.0,False,False
2818,14460,,tertiary,111.79996782879866,0.0,0.0,False,False
2819,14461,,tertiary,121.59933784385113,0.0,0.0,False,False
2820,14572,طريق الملك فهد,motorway,511.4157436707469,0.0,0.0,False,True
2821,14573,طريق الملك فهد,motorway,17.001961279905522,0.0,0.0,False,True
2822,14574,طريق الملك فهد,motorway,270.0246935063499,0.0,0.0,False,True
2823,14575,طريق الملك فهد,motorway,117.51486551164207,0.0,0.0,False,True
2824,14576,طريق الملك فهد,motorway,104.90667835216368,0.0,0.0,False,True
2825,14577,طريق الملك فهد,motorway,249.71797056715434,0.0,0.0,False,True
2826,14578,طريق الملك فهد,motorway,43.521564087303105,0.0,0.0,False,True
2827,14579,طريق الملك فهد,motorway,62.973896846344275,0.0,0.0,False,True
2828,14580,طريق الملك فهد,motorway,291.7352054286678,0.0,0.0,False,True
2829,14581,طريق الملك فهد,motorway,105.4840318142275,0.0,0.0,False,True
2830,14582,طريق الملك فهد,motorway,25.093162349399364,0.0,0.0,False,True
2831,14583,طريق الملك فهد,motorway,574.5314258685037,0.0,0.0,False,True
2832,14595,,tertiary,132.41566075773684,0.0,0.0,False,False
2833,14596,طريق الملك فهد,tertiary,11.89812236533626,0.0,0.0,False,False
2834,14597,طريق الملك فهد,tertiary,127.21572217287482,0.0,0.0,False,False
2835,14598,طريق الملك فهد,tertiary,39.47411608002732,0.0,0.0,False,False
2836,14599,طريق الملك فهد,tertiary,229.8439461380333,0.0,0.0,False,False
2837,14600,طريق الملك فهد,tertiary,126.94627710215222,0.0,0.0,False,False
2838,14601,طريق الملك فهد,tertiary,110.51779036205966,0.0,0.0,False,False
2839,14606,,primary,13.256892738234153,0.0,0.0,False,True
2840,14607,,primary,77.85821520687017,0.0,0.0,False,True
2841,14615,,tertiary,228.7184987000843,0.0,0.0,False,False
2842,14616,,tertiary,154.39011962846564,0.0,0.0,False,False
2843,14617,,tertiary,17.9385084484687,0.0,0.0,False,False
2844,14618,,tertiary,55.41465317141741,0.0,0.0,False,False
2845,14619,,tertiary,113.16536681115596,0.0,0.0,False,False
2846,14620,,tertiary,97.98561630920857,0.0,0.0,False,False
2847,14621,,tertiary,93.21610870926406,0.0,0.0,False,False
2848,14622,,tertiary,27.61434677531951,0.0,0.0,False,False
2849,14623,,tertiary,3.6180318166740526,0.0,0.0,False,False
2850,14624,,tertiary,38.322643874529824,0.0,0.0,False,False
2851,14625,,tertiary,94.21467150937923,0.0,0.0,False,False
2852,14626,,tertiary,12.654476210758903,0.0,0.0,False,False
2853,14627,,tertiary,37.75716654881146,0.0,0.0,False,False
2854,14628,,tertiary,42.804719096741344,0.0,0.0,False,False
2855,14629,,tertiary,17.68170427985411,0.0,0.0,False,False
2856,14630,,motorway_link,77.93798339446276,0.0,0.0,False,False
2857,14631,,motorway_link,61.961566539068414,0.0,0.0,False,False
2858,14632,,primary,25.302760220136978,0.0,0.0,False,True
2859,14633,,primary,63.59228049776141,0.0,0.0,False,True
2860,14634,,primary,91.43411640794031,0.0,0.0,False,True
2861,14635,,primary,13.477858130608855,0.0,0.0,False,True
2862,14636,,primary,91.54696723140214,0.0,0.0,False,True
2863,14637,,primary,69.18667148171022,0.0,0.0,False,True
2864,14638,,primary,245.15142551460227,0.0,0.0,False,True
2865,14639,,primary,60.744458000605896,0.0,0.0,False,True
2866,14640,,primary,6.632145018366756,0.0,0.0,False,True
2867,14641,,primary,127.83393409446096,0.0,0.0,False,True
2868,14642,,primary,44.20048251114988,0.0,0.0,False,True
2869,14643,,primary,19.512922627044183,0.0,0.0,False,True
2870,14644,,primary,44.13290531171587,0.0,0.0,False,True
2871,14645,,primary,42.76986339750212,0.0,0.0,False,True
2872,14646,,primary,40.606912606071106,0.0,0.0,False,True
2873,14647,,primary,55.24626769142431,0.0,0.0,False,True
2874,14648,,primary,153.4328860464182,0.0,0.0,False,True
2875,14649,,primary,44.39686321589843,0.0,0.0,False,True
2876,14650,,primary,33.7215098568448,0.0,0.0,False,True
2877,14658,,primary_link,131.4088583337656,0.0,0.0,False,False
2878,14659,,primary,68.34348742585405,0.0,0.0,False,True
2879,14660,,primary,298.2356726662116,0.0,0.0,False,True
2880,14661,,primary,65.61832227303333,0.0,0.0,False,True
2881,14662,,primary,99.27245569789514,0.0,0.0,False,True
2882,14663,,primary,60.938471189706604,0.0,0.0,False,True
2883,14664,,primary,14.370521888207753,0.0,0.0,False,True
2884,14665,,primary,63.69807000394312,0.0,0.0,False,True
2885,14666,,primary,38.66781819280699,0.0,0.0,False,True
2886,14667,,primary,16.996255785089314,0.0,0.0,False,True
2887,14668,,primary,45.36810076891604,0.0,0.0,False,True
2888,14669,,primary,3.5671172233966764,0.0,0.0,False,True
2889,14670,,primary,97.35881773318894,0.0,0.0,False,True
2890,14671,,primary,51.70787052752319,0.0,0.0,False,True
2891,14672,,primary,49.174514712729405,0.0,0.0,False,True
2892,14673,,primary,60.24146966560077,0.0,0.0,False,True
2893,14674,,primary,59.379984184157394,0.0,0.0,False,True
2894,14675,,primary,166.89005560785597,0.0,0.0,False,True
2895,14676,,tertiary,43.89378220406826,0.0,0.0,False,False
2896,14677,,tertiary,44.48585477869645,0.0,0.0,False,False
2897,14678,,primary,41.74129204708634,0.0,0.0,False,True
2898,14679,,primary,42.285141856687325,0.0,0.0,False,True
2899,14712,طريق الملك عبدالله,trunk,135.94507790472005,0.28610927322138935,0.03889514743734461,False,True
2900,14713,طريق الملك عبدالله,trunk,162.04337980167318,0.28610927322138935,0.04636211362539428,False,True
2901,14714,طريق الملك عبدالله,trunk,30.223932502622343,0.28610927322138935,0.008647347362217605,False,True
2902,14715,طريق الملك عبدالله,trunk,8.03172571605356,0.28610927322138935,0.002297951207333627,False,True
2903,14716,طريق الملك عبدالله,trunk,180.64024418577247,0.28610927322138935,0.05168284897852566,False,True
2904,14717,طريق الملك عبدالله,trunk,225.57766579388942,0.28610927322138935,0.06453986201526717,False,True
2905,14718,طريق الملك عبدالله,trunk,64.48441489993552,0.28610927322138935,0.01844958908112708,False,True
2906,14719,طريق الملك عبدالله,trunk,136.3528917137465,0.28610927322138935,0.03901182674985481,False,True
2907,14720,طريق الملك عبدالله,trunk,156.90422425259283,0.0,0.0,False,True
2908,14721,طريق الملك عبدالله,trunk,98.42124731045763,0.0,0.0,False,True
2909,14722,طريق الملك عبدالله,trunk,834.4626952279215,0.0,0.0,False,True
2910,14723,طريق الملك عبدالله,trunk,183.40826922689098,0.28610927322138935,0.05247480661129869,False,True
2911,14724,طريق الملك عبدالله,trunk,155.12289824796403,0.28610927322138935,0.04438209967772052,False,True
2912,14768,,primary,41.21802980770869,0.0,0.0,False,True
2913,14769,,primary_link,21.82456311148623,0.0,0.0,False,False
2914,14770,,primary_link,9.69063224804918,0.0,0.0,False,False
2915,14884,,tertiary,16.039134106831522,0.0,0.0,False,False
2916,14885,,tertiary,518.9301660176302,0.0,0.0,False,False
2917,14886,,tertiary,83.00614030777238,0.0,0.0,False,False
2918,14887,,tertiary,76.28788383901215,0.0,0.0,False,False
2919,14888,,tertiary,73.25537806802751,0.0,0.0,False,False
2920,14889,,tertiary,99.61106868814475,0.0,0.0,False,False
2921,14890,,tertiary,14.519177672527048,0.0,0.0,False,False
2922,14972,,tertiary,14.025364516922284,0.0,0.0,False,False
2923,14973,,tertiary,37.68543108531972,0.0,0.0,False,False
2924,14974,,tertiary,15.314401650180713,0.0,0.0,False,False
2925,14975,,tertiary,110.47574349173054,0.0,0.0,False,False
2926,14976,,tertiary,797.0713349383359,0.0,0.0,False,False
2927,14977,,tertiary,57.44769425260411,0.0,0.0,False,False
2928,14978,,trunk,11.3174466421897,0.0,0.0,False,True
2929,14979,,trunk,60.11202358084485,0.28610927322138935,0.017198607378582538,False,True
2930,14980,,trunk,45.48651127086287,0.28610927322138935,0.013014112681083111,False,True
2931,14981,,trunk,3.124067143052855,0.28610927322138935,0.0008938245797936745,False,True
2932,14982,,trunk,50.871399970403864,0.28610927322138935,0.014554779273286859,False,True
2933,14983,,trunk,6.646994461409071,0.28610927322138935,0.0019017667544603495,False,True
2934,14984,,trunk,45.13639286547921,0.0,0.0,False,True
2935,14995,طريق الملك عبدالله,trunk,59.493664589765395,0.28610927322138935,0.017021689137054884,False,True
2936,14996,طريق الملك عبدالله,trunk,142.02773397270644,0.28610927322138935,0.04063545174421187,False,True
2937,14997,طريق الملك عبدالله,trunk,126.54246527555085,0.28610927322138935,0.03620497277163075,False,True
2938,14998,طريق الملك عبدالله,trunk,55.33996696174771,0.28610927322138935,0.015833277727521335,False,True
2939,14999,طريق الملك عبدالله,trunk,170.5696188574976,0.28610927322138935,0.048801549684968026,False,True
2940,15000,طريق الملك عبدالله,trunk,78.17365474434837,0.28610927322138935,0.022366207543965327,False,True
2941,15001,طريق الملك عبدالله,trunk,313.8247206376891,0.28610927322138935,0.08978816274055476,False,True
2942,15002,طريق الملك عبدالله,trunk,136.6300753829993,0.28610927322138935,0.039091131568013575,False,True
2943,15003,طريق الملك عبدالله,trunk,46.49737287670688,0.28610927322138935,0.013303329560458549,False,True
2944,15004,طريق الملك عبدالله,trunk,648.4710322819265,0.28610927322138935,0.1855335757513061,False,True
2945,15005,طريق الملك عبدالله,trunk,114.1298223876487,0.28610927322138935,0.03265360053621642,False,True
2946,15006,طريق الملك فهد,motorway,482.48544297043577,0.28610927322138935,0.13804355942817148,False,True
2947,15007,طريق الملك فهد,motorway,211.95552558488404,0.28610927322138935,0.06064244138034877,False,True
2948,15008,طريق الملك فهد,motorway,36.76823426198862,0.28610927322138935,0.01051973278233135,False,True
2949,15009,طريق الملك فهد,motorway,20.969232094300843,0.28610927322138935,0.0059994917545110465,False,True
2950,15010,طريق الملك فهد,motorway,129.24435694032232,0.28610927322138935,0.036978009032161446,False,True
2951,15011,طريق الملك فهد,motorway,199.6251534075675,0.28610927322138935,0.05711460755814749,False,True
2952,15012,طريق الملك فهد,motorway,13.191672252615287,0.28610927322138935,0.003774259760770528,False,True
2953,15013,طريق الملك فهد,motorway,11.192769847595114,0.28610927322138935,0.003202355246429719,False,True
2954,15014,طريق الملك فهد,motorway,33.741721108495014,0.28610927322138935,0.009653819303590319,False,True
2955,15015,طريق الملك فهد,motorway,18.28517124526507,0.28610927322138935,0.005231557055711436,False,True
2956,15016,طريق الملك فهد,motorway,14.835884163114127,0.28610927322138935,0.004244684035505303,False,True
2957,15017,طريق الملك فهد,motorway,42.13999463614411,0.28610927322138935,0.012056643238900436,False,True
2958,15018,طريق الملك فهد,motorway,30.862204373456816,0.28610927322138935,0.008829962863299713,False,True
2959,15019,طريق الملك فهد,motorway,32.09168885230596,0.28610927322138935,0.00918172977398022,False,True
2960,15020,طريق الملك فهد,motorway,22.561273103550242,0.28610927322138935,0.006454989450606039,False,True
2961,15021,طريق الملك فهد,motorway,30.63294826151034,0.28610927322138935,0.008764370563729145,False,True
2962,15022,طريق الملك فهد,motorway,27.728156131244805,0.28610927322138935,0.007933282598479663,False,True
2963,15023,طريق الملك فهد,motorway,59.270657073695794,0.28610927322138935,0.016957884618709305,False,True
2964,15024,طريق الملك فهد,motorway,493.0744937445261,0.28610927322138935,0.14107318504925084,False,True
2965,15025,طريق الملك فهد,motorway,479.5039984813709,0.28610927322138935,0.1371905405122552,False,True
2966,15026,طريق الملك فهد,motorway,305.5109051197632,0.0,0.0,False,True
2967,15027,طريق الملك فهد,motorway,305.00989408181897,0.28610927322138935,0.08726615912108217,False,True
2968,15028,,primary_link,61.22870704079122,0.0,0.0,False,False
2969,15029,,primary_link,49.68522092588592,0.0,0.0,False,False
2970,15030,,primary_link,57.39364486407956,0.0,0.0,False,False
2971,15031,طريق الملك فهد,motorway,126.75137906039107,0.0,0.0,False,True
2972,15032,طريق الملك فهد,motorway,13.542278653953407,0.28610927322138935,0.0038745715034441443,False,True
2973,15033,طريق الملك فهد,motorway,63.739646601752085,0.28610927322138935,0.018236503964615486,False,True
2974,15034,طريق الملك فهد,motorway,168.6489314577252,0.28610927322138935,0.04825202320893367,False,True
2975,15035,طريق الملك فهد,motorway,469.2740905354509,0.28610927322138935,0.13426366898472633,False,True
2976,15036,طريق الملك عبدالله,trunk,397.2506132079848,0.0,0.0,False,True
2977,15037,طريق الملك عبدالله,trunk,102.02938834368396,0.0,0.0,False,True
2978,15038,طريق الملك عبدالله,trunk,81.46031958279875,0.0,0.0,False,True
2979,15039,طريق الملك عبدالله,trunk,176.7221428428679,0.0,0.0,False,True
2980,15040,,tertiary,156.3646512696787,0.0,0.0,False,False
2981,15041,,tertiary,229.6813957534111,0.0,0.0,False,False
2982,15070,طريق الملك فهد,tertiary,50.604676831533816,0.0,0.0,False,False
2983,15071,طريق الملك فهد,tertiary,116.57751429541779,0.0,0.0,False,False
2984,15072,طريق الملك فهد,tertiary,78.36387425997648,0.0,0.0,False,False
2985,15073,طريق الملك فهد,tertiary,61.35812475779945,0.0,0.0,False,False
2986,15074,طريق الملك فهد,tertiary,8.124019705864585,0.0,0.0,False,False
2987,15075,طريق الملك فهد,tertiary,64.01828799373979,0.0,0.0,False,False
2988,15076,طريق الملك فهد,tertiary,6.482450152599707,0.0,0.0,False,False
2989,15077,طريق الملك فهد,tertiary,121.88472064280224,0.0,0.0,False,False
2990,15078,طريق الملك فهد,tertiary,49.46012150384046,0.0,0.0,False,False
2991,15079,طريق الملك فهد,tertiary,50.34130798751358,0.0,0.0,False,False
2992,15080,طريق الملك فهد,tertiary,20.310289937073893,0.0,0.0,False,False
2993,15081,طريق الملك فهد,tertiary,28.023924340242047,0.0,0.0,False,False
2994,15082,طريق الملك فهد,tertiary,37.771680771547935,0.0,0.0,False,False
2995,15083,طريق الملك فهد,tertiary,85.48568753598167,0.0,0.0,False,False
2996,15084,طريق الملك فهد,tertiary,137.95589174043621,0.0,0.0,False,False
2997,15085,طريق الملك فهد,tertiary,45.44689844389277,0.0,0.0,False,False
2998,15086,طريق الملك فهد,tertiary,85.18573507939557,0.0,0.0,False,False
2999,15087,طريق الملك فهد,tertiary,29.895181504796607,0.0,0.0,False,False
3000,15088,طريق الملك فهد,tertiary,102.31506421674055,0.0,0.0,False,False
3001,15089,طريق الملك فهد,tertiary,35.85743648285194,0.0,0.0,False,False
3002,15090,طريق الملك فهد,tertiary,54.351969158767396,0.0,0.0,False,False
3003,15091,طريق الملك فهد,tertiary,3.4983213341448387,0.0,0.0,False,False
3004,15092,طريق الملك فهد,tertiary,59.32948890347529,0.0,0.0,False,False
3005,15093,طريق الملك فهد,tertiary,130.33468019783524,0.0,0.0,False,False
3006,15094,طريق الملك فهد,tertiary,128.25002659143834,0.0,0.0,False,False
3007,15095,,tertiary,127.15574820603909,0.0,0.0,False,False
3008,15096,,tertiary,112.98783914394467,0.0,0.0,False,False
3009,15097,,tertiary,4.589832642695836,0.0,0.0,False,False
3010,15098,,tertiary,173.94294901711018,0.0,0.0,False,False
3011,15099,,tertiary,21.7650991147197,0.0,0.0,False,False
3012,15100,,tertiary,39.31442612376715,0.0,0.0,False,False
3013,15101,,tertiary,38.75887260044381,0.0,0.0,False,False
3014,15102,,tertiary,16.285016922842733,0.0,0.0,False,False
3015,15103,,tertiary,6.227646915947017,0.0,0.0,False,False
3016,15104,,tertiary,15.247430975466807,0.0,0.0,False,False
3017,15105,,tertiary,59.77444533357269,0.0,0.0,False,False
3018,15106,,tertiary,86.89763296845997,0.0,0.0,False,False
3019,15107,,tertiary,133.01877579294353,0.0,0.0,False,False
3020,15108,طريق الملك فهد,tertiary,78.05123780861622,0.0,0.0,False,False
3021,15109,طريق الملك فهد,tertiary,186.31759245409773,0.0,0.0,False,False
3022,15115,,tertiary,45.06722090341771,0.0,0.0,False,False
3023,15116,,tertiary,60.05312770191188,0.0,0.0,False,False
3024,15117,,tertiary,10.978735163055305,0.0,0.0,False,False
3025,15118,,primary,155.26305635300605,0.0,0.0,False,True
3026,15119,,tertiary,10.606591742766556,0.0,0.0,False,False
3027,15120,,tertiary,107.11752519197337,0.0,0.0,False,False
3028,15121,,tertiary,85.30207257730478,0.0,0.0,False,False
3029,15122,,tertiary,178.402466792873,0.0,0.0,False,False
3030,15124,طريق الملك سعود,trunk,288.9117679003758,0.0,0.0,False,True
3031,15125,طريق الملك سعود,trunk,167.40841448807103,0.0,0.0,False,True
3032,15126,طريق الملك سعود,trunk,290.78101858454556,0.0,0.0,False,True
3033,15127,,trunk_link,57.38388344694589,0.0,0.0,False,False
3034,15128,,trunk_link,118.61599003078697,0.0,0.0,False,False
3035,15129,,trunk_link,50.17481073855273,0.0,0.0,False,False
3036,15130,,trunk_link,53.28863766947064,0.0,0.0,False,False
3037,15131,,trunk_link,75.14597930393232,0.0,0.0,False,False
3038,15132,,trunk_link,30.99424816640473,0.0,0.0,False,False
3039,15133,,trunk_link,14.868129128421666,0.0,0.0,False,False
3040,15134,,trunk_link,169.48527362947368,0.0,0.0,False,False
3041,15135,,trunk_link,170.07031160378972,0.0,0.0,False,False
3042,15136,,trunk_link,112.74802377637832,0.0,0.0,False,False
3043,15137,,trunk_link,41.378888872661946,0.0,0.0,False,False
3044,15138,,trunk_link,44.953716266501225,0.0,0.0,False,False
3045,15139,,trunk_link,135.31281793639448,0.0,0.0,False,False
3046,15140,,trunk_link,5.8146383158910115,0.0,0.0,False,False
3047,15141,,trunk_link,57.254855758630924,0.0,0.0,False,False
3048,15259,طريق الملك فهد,motorway,120.2059008162257,0.0,0.0,False,True
3049,15260,طريق الملك فهد,motorway,117.95603236138422,0.28610927322138935,0.03374831469099432,False,True
3050,15261,,motorway_link,16.742030814516365,0.0,0.0,False,False
3051,15262,,motorway_link,114.61850971906162,0.0,0.0,False,False
3052,15263,,motorway_link,81.19357633570833,0.0,0.0,False,False
3053,15264,,motorway_link,28.818447493420827,0.0,0.0,False,False
3054,15265,,motorway_link,43.503051858394045,0.0,0.0,False,False
3055,15266,,motorway_link,56.122465574894534,0.0,0.0,False,False
3056,15267,,motorway_link,24.214215728157683,0.0,0.0,False,False
3057,15268,,motorway_link,69.28491436239611,0.0,0.0,False,False
3058,15269,,motorway_link,11.793535518650977,0.0,0.0,False,False
3059,15270,,motorway_link,76.71115405235845,0.0,0.0,False,False
3060,15271,,motorway_link,58.673804005910974,0.0,0.0,False,False
3061,15272,,motorway_link,30.91594627316088,0.0,0.0,False,False
3062,15273,,motorway_link,99.42515604429009,0.0,0.0,False,False
3063,15274,,motorway_link,69.77869033898423,0.0,0.0,False,False
3064,15275,,motorway_link,301.5063573336896,0.0,0.0,False,False
3065,15276,,motorway_link,56.02063277071331,0.0,0.0,False,False
3066,15277,,motorway_link,170.55893224784427,0.0,0.0,False,False
3067,15278,,motorway_link,48.106236453135786,0.0,0.0,False,False
3068,15279,,motorway_link,29.49854816872632,0.0,0.0,False,False
3069,15280,,motorway_link,103.59302511811944,0.0,0.0,False,False
3070,15281,,motorway_link,24.971016317086782,0.0,0.0,False,False
3071,15282,,motorway_link,98.7797413212604,0.0,0.0,False,False
3072,15283,,tertiary,33.437455329509994,0.0,0.0,False,False
3073,15284,,tertiary,14.351675238459528,0.0,0.0,False,False
3074,15285,,tertiary,6.283993341752174,0.0,0.0,False,False
3075,15286,,tertiary,65.43556326222352,0.0,0.0,False,False
3076,15287,,tertiary,13.888599782339096,0.0,0.0,False,False
3077,15288,,tertiary,38.40004542565253,0.0,0.0,False,False
3078,15289,,tertiary,316.1744010205184,0.0,0.0,False,False
3079,15290,,tertiary,456.36900688997633,0.0,0.0,False,False
3080,15291,,tertiary,55.94831402317283,0.0,0.0,False,False
3081,15292,,tertiary,101.9283993969403,0.0,0.0,False,False
3082,15293,,tertiary,74.65307869778536,0.0,0.0,False,False
3083,15294,,tertiary,34.91535089306946,0.0,0.0,False,False
3084,15295,,tertiary,148.98527339051375,0.0,0.0,False,False
3085,15296,,tertiary,448.11110816298765,0.0,0.0,False,False
3086,15297,,tertiary,104.317632213246,0.0,0.0,False,False
3087,15298,,motorway_link,81.25720979282805,0.0,0.0,False,False
3088,15299,,motorway_link,97.957055035626,0.0,0.0,False,False
3089,15300,,motorway_link,13.104434067803794,0.0,0.0,False,False
3090,15301,,motorway_link,197.30713940486842,0.0,0.0,False,False
3091,15302,,motorway_link,99.58182301759234,0.0,0.0,False,False
3092,15303,,motorway_link,113.29406827455384,0.0,0.0,False,False
3093,15304,,motorway_link,148.6882783288759,0.0,0.0,False,False
3094,15305,,tertiary,133.97475305144948,0.0,0.0,False,False
3095,15306,,tertiary,125.58968381076926,0.0,0.0,False,False
3096,15307,,tertiary,49.87100027696406,0.0,0.0,False,False
3097,15308,,primary,46.99830359558629,0.0,0.0,False,True
3098,15309,,primary,113.76912616222818,0.0,0.0,False,True
3099,15310,,primary,286.68179960069324,0.0,0.0,False,True
3100,15311,,primary,106.41684404815484,0.0,0.0,False,True
3101,15312,,primary,116.60674760690688,0.0,0.0,False,True
3102,15313,,primary,22.150908358846436,0.0,0.0,False,True
3103,15314,,primary,43.49845615044398,0.0,0.0,False,True
3104,15315,,primary,234.35985323463643,0.0,0.0,False,True
3105,15316,,primary,31.72409713840679,0.0,0.0,False,True
3106,15317,طريق الملك فهد,secondary,71.14173922128006,0.0,0.0,False,True
3107,15318,طريق الملك فهد,secondary,262.7748237774034,0.0,0.0,False,True
3108,15319,,tertiary,47.2269226498689,0.0,0.0,False,False
3109,15320,,tertiary,54.64180328651137,0.0,0.0,False,False
3110,15321,,tertiary,51.75169734476956,0.0,0.0,False,False
3111,15322,,tertiary,50.05624379931342,0.0,0.0,False,False
3112,15323,,tertiary,51.4049290872396,0.0,0.0,False,False
3113,15324,,tertiary,97.64434808531115,0.0,0.0,False,False
3114,15325,,tertiary,20.52409920255642,0.0,0.0,False,False
3115,15326,,tertiary,96.62824505401164,0.0,0.0,False,False
3116,15334,,trunk_link,34.2022361731252,0.0,0.0,False,False
3117,15616,,tertiary_link,16.099617715022,0.0,0.0,False,False
3118,15617,,tertiary_link,17.257102443762424,0.0,0.0,False,False
3119,15618,,tertiary_link,18.771710920140926,0.0,0.0,False,False
3120,17178,طريق الملك فهد,secondary,79.31366833838936,0.0,0.0,False,True
3121,17179,طريق الملك فهد,secondary,50.91632369491834,0.0,0.0,False,True
3122,17180,طريق الملك فهد,secondary,122.93243124844827,0.0,0.0,False,True
